{"document_threshold": 0.5, "number of groups": 380, "number of member group": 348, "number of non-member group": 32, "average number of documents in every group": 4100.805263157895, "std number of documents in every group": 4352.410641057821, "groups": {"2021-04": 0.02853195164075993, "2021-06": 0.022039596563317145, "2020-11": 0.07742681047765794, "2021-03": 0.03797224363916731, "2020-12": 0.06376290974405029, "2021-01": 0.06425068572853462, "2021-02": 0.05213468125992146, "2021-08": 0.014890400604686318, "2021-10": 0.00986419836497534, "2021-07": 0.014792688997937557, "2021-09": 0.011425010386373079, "2020-09": 0.11695429968150507, "2020-10": 0.08978494623655914, "2021-05": 0.024600246002460024, "2022-01": 0.007982040409079572, "2022-07": 0.0009789844667797937, "2017-05": 0.6085413462675973, "2017-12": 0.6165863819815128, "2017-06": 0.620398773006135, "2017-10": 0.6153490522422561, "2017-08": 0.6185396825396825, "2017-07": 0.6190161332980693, "2018-03": 0.6149900920853246, "2018-04": 0.5982774893817838, "2017-09": 0.6107806240135972, "2018-01": 0.617705487956295, "2017-11": 0.6150447490653677, "2018-02": 0.6004241516966068, "2018-05": 0.5922501558279659, "2021-12": 0.007536401551181678, "2016-09": 0.6200481798715204, "2016-03": 0.6093060569594866, "2016-11": 0.6155866900175131, "2016-05": 0.6120677966101695, "2017-02": 0.6145371297753612, "2016-06": 0.6123098201936377, "2017-01": 0.6234715390021083, "2017-04": 0.6049878171133725, "2016-12": 0.6102356714544694, "2016-04": 0.6203429923122413, "2016-08": 0.6081100651701665, "2016-07": 0.6173499702911468, "2017-03": 0.6102166807892507, "2016-10": 0.6257744733581165, "2019-02": 0.6067339303933794, "2018-11": 0.6034345840778241, "2019-03": 0.602867029164607, "2019-08": 0.6037697812720492, "2019-05": 0.5985851623435516, "2019-09": 0.5999817717827196, "2019-10": 0.5993201790747803, "2019-01": 0.6087645195353749, "2020-01": 0.5865439362307838, "2020-04": 0.548801724852807, "2019-04": 0.5906641088882799, "2019-06": 0.585583796664019, "2020-06": 0.5337263095060438, "2018-12": 0.6207402392236515, "2019-11": 0.599056158565361, "2019-07": 0.6097920117798638, "2019-12": 0.6005356801224412, "2020-03": 0.5517151314643914, "2020-05": 0.5416011259210199, "2020-02": 0.5626430205949656, "2022-10": 0.0007927312641014696, "2022-11": 0.0010781025395304265, "2022-05": 0.0019821605550049554, "2022-06": 0.0014014135998050208, "2022-03": 0.0036645697184388933, "2021-11": 0.007589870972193473, "2022-04": 0.003105991976187395, "2022-02": 0.0045713369155505655, "2014-09": 0.5832645651097541, "2014-12": 0.6170473708416373, "2015-01": 0.6149301825993555, "2015-06": 0.6144138665044854, "2015-05": 0.6237872198059552, "2015-03": 0.6150990099009901, "2014-10": 0.5729459543892533, "2015-02": 0.6091672498250524, "2014-11": 0.5141837644959857, "2015-12": 0.6084663834773693, "2015-09": 0.44194704908990623, "2015-04": 0.6136326926183169, "2015-10": 0.5956803455723542, "2015-08": 0.6134937238493724, "2015-07": 0.588378460602373, "2016-02": 0.6120193763245534, "2016-01": 0.6104887157006007, "2020-07": 0.527158875782729, "2020-08": 0.1642631623858691, "2023-02": 0.0005922416345869114, "2023-01": 0.000630119722747322, "2023-03": 0.0, "2011-12": 0.6180009254974549, "2012-04": 0.6, "2012-07": 0.61628664495114, "2013-04": 0.620663362561952, "2012-11": 0.6036090835360909, "2012-06": 0.607001321003963, "2013-01": 0.6031266654823236, "2012-02": 0.5980829246544807, "2012-01": 0.6232320890331555, "2013-06": 0.6084051724137931, "2012-05": 0.6019582801191996, "2012-10": 0.6149613069647464, "2012-03": 0.605520539013258, "2012-12": 0.6157194679564691, "2012-08": 0.6178403755868545, "2013-11": 0.6091103757056647, "2013-03": 0.6168134814247415, "2013-08": 0.6086675291073739, "2013-07": 0.6090064331665476, "2012-09": 0.6120290812954395, "2013-02": 0.6168020606300773, "2013-10": 0.6133202421862216, "2013-05": 0.6185141509433962, "2018-10": 0.5853681800839374, "2018-08": 0.5979612411784474, "2018-06": 0.6050448430493274, "2018-07": 0.6007502679528403, "2018-09": 0.6059475474596729, "2022-12": 0.0007388252678241596, "2022-08": 0.0009392821200939282, "2013-09": 0.610586011342155, "2014-01": 0.616694740782332, "2014-04": 0.6170021567217829, "2014-02": 0.6236198738170347, "2014-08": 0.6239766081871345, "2014-03": 0.6198649951783992, "2014-05": 0.6161290322580645, "2013-12": 0.614516129032258, "2014-07": 0.6134734033683509, "2011-10": 0.6137824063815643, "2011-11": 0.6103525575708172, "2014-06": 0.6088291746641075, "2015-11": 0.6029278599456686, "2022-09": 0.001122927538146509, "2010-11": 0.6050969778980605, "2010-12": 0.6018945834345397, "2010-10": 0.6148497083894123, "2011-06": 0.6010248901903368, "2010-09": 0.6063273073263559, "2011-04": 0.5962765957446808, "2011-05": 0.5980368098159509, "2011-09": 0.5868461708232179, "2011-03": 0.6153846153846154, "2011-01": 0.6130639357874342, "2011-02": 0.6095638465580662, "2011-08": 0.592565773594014, "2011-07": 0.5943178909649347, "1996-03": 0.474609375, "1999-10": 0.49445196211096076, "1998-09": 0.5136094674556213, "1995-05": 0.4263803680981595, "1995-04": 0.453125, "1995-06": 0.4222222222222222, "1995-09": 0.46153846153846156, "2006-09": 0.5465924895688457, "1995-07": 0.4696132596685083, "1995-12": 0.42124542124542125, "1996-01": 0.4421768707482993, "1996-04": 0.4745269286754003, "1996-11": 0.4773445732349842, "2004-07": 0.5185185185185185, "1997-02": 0.49767441860465117, "1995-08": 0.41434262948207173, "2006-10": 0.5721541679115626, "1998-12": 0.48336472065285624, "1998-11": 0.48890383322125086, "1999-11": 0.4903743315508021, "1997-07": 0.45869947275922673, "1995-10": 0.4935897435897436, "1996-09": 0.47790055248618785, "1997-11": 0.45550161812297735, "1997-04": 0.4614594039054471, "1997-09": 0.472671285604311, "2005-02": 0.5465116279069767, "2004-09": 0.3, "1997-01": 0.5057870370370371, "2001-10": 0.5294117647058824, "1998-04": 0.49159663865546216, "2005-11": 0.5576993083363669, "1998-06": 0.5220539828834759, "1998-01": 0.45439330543933054, "1998-05": 0.44738778513612953, "2010-07": 0.5903648008911166, "1997-12": 0.4779527559055118, "1996-05": 0.4586374695863747, "1996-12": 0.45507584597432904, "1996-02": 0.45714285714285713, "1995-11": 0.46629213483146065, "1997-06": 0.4873417721518987, "2000-02": 0.5144628099173554, "1997-03": 0.473224043715847, "1997-10": 0.4632192279679534, "1997-08": 0.4779938587512794, "2005-01": 0.5550755939524838, "2004-11": 0.5392008093070308, "2008-05": 0.5694581280788177, "2004-10": 0.6515151515151515, "2005-04": 0.5682492581602374, "2005-06": 0.544229149115417, "2007-07": 0.577824414130815, "2007-06": 0.5906735751295337, "2004-12": 0.5570846075433231, "2005-09": 0.5481428056256762, "2006-07": 0.5566692367000771, "2005-03": 0.5693045563549161, "2005-07": 0.5387531592249368, "2006-01": 0.5616438356164384, "2005-05": 0.5740740740740741, "2005-08": 0.5651980418335558, "2009-09": 0.5951100244498777, "2006-04": 0.5721304153640018, "2005-12": 0.5638678869876641, "2008-10": 0.574891553967849, "2005-10": 0.5640172929830396, "2006-05": 0.5684171597633136, "2006-03": 0.5651362448674878, "2007-12": 0.5835051546391753, "2007-01": 0.5814814814814815, "2009-11": 0.5924057355284121, "2006-02": 0.5571366968520914, "2006-08": 0.5635593220338984, "2008-11": 0.5940037476577139, "2008-07": 0.5878398129201988, "2008-04": 0.585243328100471, "2007-05": 0.5678927466483328, "2007-10": 0.5706833594157538, "2009-04": 0.5958562811434566, "2008-01": 0.5944641132925652, "2006-11": 0.5568881685575364, "2007-04": 0.5593410707600149, "2008-02": 0.5899085675584151, "2006-06": 0.5535227715064227, "2009-10": 0.6010511227902532, "2006-12": 0.5806096217407272, "2008-12": 0.5922360248447205, "2007-02": 0.564521992002908, "2007-08": 0.5745738636363636, "2009-05": 0.5857429144002291, "2008-06": 0.5937297996121526, "2010-05": 0.6086105675146771, "2008-09": 0.5864161849710983, "2009-02": 0.5797629899726527, "2009-03": 0.5831724137931035, "2007-09": 0.5939470365699874, "2010-01": 0.5877384196185286, "2010-06": 0.5982630272952854,