{
    "average": {
        "max": {
            "1": {
                "Member size": 76700.0,
                "Nonmember size": 23000.0,
                "ROC AUC Individual": 0.464763087850842,
                "MIA": {
                    "1": 0.464763087850842,
                    "best": {
                        "s": 1,
                        "ROC AUC": 0.464763087850842
                    }
                }
            },
            "3": {
                "Member size": 26078.0,
                "Nonmember size": 7820.0,
                "ROC AUC Individual": 0.464763087850842,
                "MIA": {
                    "1": 0.4643998098125278,
                    "3": 0.4490011334776318,
                    "best": {
                        "s": 1,
                        "ROC AUC": 0.4643998098125278
                    }
                }
            },
            "5": {
                "Member size": 15340.0,
                "Nonmember size": 4600.0,
                "ROC AUC Individual": 0.464763087850842,
                "MIA": {
                    "1": 0.461833744833803,
                    "3": 0.4456812440101848,
                    "5": 0.43659871204135503,
                    "best": {
                        "s": 1,
                        "ROC AUC": 0.461833744833803
                    }
                }
            },
            "8": {
                "Member size": 9971.0,
                "Nonmember size": 2990.0,
                "ROC AUC Individual": 0.464763087850842,
                "MIA": {
                    "1": 0.460481550342146,
                    "3": 0.4490030291543527,
                    "5": 0.4366409764410287,
                    "8": 0.4252888771546541,
                    "best": {
                        "s": 1,
                        "ROC AUC": 0.460481550342146
                    }
                }
            },
            "10": {
                "Member size": 7670.0,
                "Nonmember size": 2300.0,
                "ROC AUC Individual": 0.464763087850842,
                "MIA": {
                    "1": 0.4567022796464592,
                    "3": 0.447315230150674,
                    "5": 0.4375005245518626,
                    "8": 0.42066930706915323,
                    "10": 0.4174202002369259,
                    "best": {
                        "s": 1,
                        "ROC AUC": 0.4567022796464592
                    }
                }
            },
            "30": {
                "Member size": 3068.0,
                "Nonmember size": 920.0,
                "ROC AUC Individual": 0.464763087850842,
                "MIA": {
                    "1": 0.44948753207354586,
                    "3": 0.44316717008423384,
                    "5": 0.4457489577129244,
                    "8": 0.44697399954621514,
                    "10": 0.4477072842045535,
                    "30": 0.3861410138809838,
                    "best": {
                        "s": 1,
                        "ROC AUC": 0.44948753207354586
                    }
                }
            },
            "50": {
                "Member size": 1534.0,
                "Nonmember size": 460.0,
                "ROC AUC Individual": 0.464763087850842,
                "MIA": {
                    "1": 0.430269684258262,
                    "3": 0.42954339323167623,
                    "5": 0.4300507340853693,
                    "8": 0.4308032424465733,
                    "10": 0.4314551329289723,
                    "30": 0.40583113531296977,
                    "50": 0.3740338770658187,
                    "best": {
                        "s": 10,
                        "ROC AUC": 0.4314551329289723
                    }
                }
            },
            "80": {
                "Member size": 1534.0,
                "Nonmember size": 460.0,
                "ROC AUC Individual": 0.464763087850842,
                "MIA": {
                    "1": 0.440972733971997,
                    "3": 0.44423076923076926,
                    "5": 0.4486948018819795,
                    "8": 0.451944334221416,
                    "10": 0.4522461878578311,
                    "30": 0.4446177205131116,
                    "50": 0.4223553618978455,
                    "80": 0.3759435925825791,
                    "best": {
                        "s": 10,
                        "ROC AUC": 0.4522461878578311
                    }
                }
            },
            "100": {
                "Member size": 767.0,
                "Nonmember size": 230.0,
                "ROC AUC Individual": 0.464763087850842,
                "MIA": {
                    "1": 0.4193696502465847,
                    "3": 0.41779944447593675,
                    "5": 0.4174479904767303,
                    "8": 0.4182075846040474,
                    "10": 0.42026529108327193,
                    "30": 0.42237968369140066,
                    "50": 0.4071309357781385,
                    "80": 0.3737406732455386,
                    "100": 0.35869665673159123,
                    "best": {
                        "s": 30,
                        "ROC AUC": 0.42237968369140066
                    }
                }
            }
        },
        "min": {
            "1": {
                "Member size": 76700.0,
                "Nonmember size": 23000.0,
                "ROC AUC Individual": 0.464763087850842,
                "MIA": {
                    "1": 0.464763087850842,
                    "best": {
                        "s": 1,
                        "ROC AUC": 0.464763087850842
                    }
                }
            },
            "3": {
                "Member size": 26078.0,
                "Nonmember size": 7820.0,
                "ROC AUC Individual": 0.464763087850842,
                "MIA": {
                    "1": 0.44870487265640147,
                    "3": 0.4490011334776318,
                    "best": {
                        "s": 3,
                        "ROC AUC": 0.4490011334776318
                    }
                }
            },
            "5": {
                "Member size": 15340.0,
                "Nonmember size": 4600.0,
                "ROC AUC Individual": 0.464763087850842,
                "MIA": {
                    "1": 0.4446909386030819,
                    "3": 0.4321730055329781,
                    "5": 0.43659871204135503,
                    "best": {
                        "s": 1,
                        "ROC AUC": 0.4446909386030819
                    }
                }
            },
            "8": {
                "Member size": 9971.0,
                "Nonmember size": 2990.0,
                "ROC AUC Individual": 0.464763087850842,
                "MIA": {
                    "1": 0.4438811959063572,
                    "3": 0.42680744325055153,
                    "5": 0.4214247585641491,
                    "8": 0.4252888771546541,
                    "best": {
                        "s": 1,
                        "ROC AUC": 0.4438811959063572
                    }
                }
            },
            "10": {
                "Member size": 7670.0,
                "Nonmember size": 2300.0,
                "ROC AUC Individual": 0.464763087850842,
                "MIA": {
                    "1": 0.44665507763921736,
                    "3": 0.4226943943160666,
                    "5": 0.40935018858238964,
                    "8": 0.40951909414568044,
                    "10": 0.4174202002369259,
                    "best": {
                        "s": 1,
                        "ROC AUC": 0.44665507763921736
                    }
                }
            },
            "30": {
                "Member size": 3068.0,
                "Nonmember size": 920.0,
                "ROC AUC Individual": 0.464763087850842,
                "MIA": {
                    "1": 0.47678671758874025,