{
    "average": {
        "max": {
            "1": {
                "Member size": 76700.0,
                "Nonmember size": 23000.0,
                "ROC AUC Individual": 0.574386034951237,
                "MIA": {
                    "1": 0.574386034951237,
                    "best": {
                        "s": 1,
                        "ROC AUC": 0.574386034951237
                    }
                }
            },
            "3": {
                "Member size": 26078.0,
                "Nonmember size": 7820.0,
                "ROC AUC Individual": 0.574386034951237,
                "MIA": {
                    "1": 0.6107896860866897,
                    "3": 0.6103052454089735,
                    "best": {
                        "s": 1,
                        "ROC AUC": 0.6107896860866897
                    }
                }
            },
            "5": {
                "Member size": 15340.0,
                "Nonmember size": 4600.0,
                "ROC AUC Individual": 0.574386034951237,
                "MIA": {
                    "1": 0.6247342066025274,
                    "3": 0.6509626843026206,
                    "5": 0.6350390069538215,
                    "best": {
                        "s": 3,
                        "ROC AUC": 0.6509626843026206
                    }
                }
            },
            "8": {
                "Member size": 9971.0,
                "Nonmember size": 2990.0,
                "ROC AUC Individual": 0.574386034951237,
                "MIA": {
                    "1": 0.6323495997925758,
                    "3": 0.6653922996054203,
                    "5": 0.673323254364822,
                    "8": 0.6566150852993775,
                    "best": {
                        "s": 5,
                        "ROC AUC": 0.673323254364822
                    }
                }
            },
            "10": {
                "Member size": 7670.0,
                "Nonmember size": 2300.0,
                "ROC AUC Individual": 0.574386034951237,
                "MIA": {
                    "1": 0.6320919058660786,
                    "3": 0.674023129027866,
                    "5": 0.6969671870745212,
                    "8": 0.6990088173304361,
                    "10": 0.674924371200635,
                    "best": {
                        "s": 8,
                        "ROC AUC": 0.6990088173304361
                    }
                }
            },
            "30": {
                "Member size": 3068.0,
                "Nonmember size": 920.0,
                "ROC AUC Individual": 0.574386034951237,
                "MIA": {
                    "1": 0.6174387944599594,
                    "3": 0.6537720760337613,
                    "5": 0.6699734023689624,
                    "8": 0.6706220200930867,
                    "10": 0.665156374162788,
                    "30": 0.7240191173649161,
                    "best": {
                        "s": 30,
                        "ROC AUC": 0.7240191173649161
                    }
                }
            },
            "50": {
                "Member size": 1534.0,
                "Nonmember size": 460.0,
                "ROC AUC Individual": 0.574386034951237,
                "MIA": {
                    "1": 0.5972563913610339,
                    "3": 0.6603916730480162,
                    "5": 0.7011812586857257,
                    "8": 0.7416094335338859,
                    "10": 0.7634805312748325,
                    "30": 0.8468512316948575,
                    "50": 0.7689802119140499,
                    "best": {
                        "s": 30,
                        "ROC AUC": 0.8468512316948575
                    }
                }
            },
            "80": {
                "Member size": 1534.0,
                "Nonmember size": 460.0,
                "ROC AUC Individual": 0.574386034951237,
                "MIA": {
                    "1": 0.5994813219205261,
                    "3": 0.6297623434045689,
                    "5": 0.6449516435520009,
                    "8": 0.652283176296969,
                    "10": 0.6516130406384006,
                    "30": 0.6481358340437624,
                    "50": 0.6799048378825003,
                    "80": 0.7527054303154106,
                    "best": {
                        "s": 80,
                        "ROC AUC": 0.7527054303154106
                    }
                }
            },
            "100": {
                "Member size": 767.0,
                "Nonmember size": 230.0,
                "ROC AUC Individual": 0.574386034951237,
                "MIA": {
                    "1": 0.5616064848931466,
                    "3": 0.6344424919222267,
                    "5": 0.6773482228898589,
                    "8": 0.721024885210589,
                    "10": 0.7443568958675812,
                    "30": 0.8621466681802702,
                    "50": 0.8993486830829001,
                    "80": 0.8732674398674513,
                    "100": 0.8039613225202744,
                    "best": {
                        "s": 50,
                        "ROC AUC": 0.8993486830829001
                    }
                }
            }
        },
        "min": {
            "1": {
                "Member size": 76700.0,
                "Nonmember size": 23000.0,
                "ROC AUC Individual": 0.574386034951237,
                "MIA": {
                    "1": 0.574386034951237,
                    "best": {
                        "s": 1,
                        "ROC AUC": 0.574386034951237
                    }
                }
            },
            "3": {
                "Member size": 26078.0,
                "Nonmember size": 7820.0,
                "ROC AUC Individual": 0.574386034951237,
                "MIA": {
                    "1": 0.5783175932632749,
                    "3": 0.6103052454089735,
                    "best": {
                        "s": 3,
                        "ROC AUC": 0.6103052454089735
                    }
                }
            },
            "5": {
                "Member size": 15340.0,
                "Nonmember size": 4600.0,
                "ROC AUC Individual": 0.574386034951237,
                "MIA": {
                    "1": 0.5828516323840036,
                    "3": 0.6129366543491024,
                    "5": 0.6350390069538215,
                    "best": {
                        "s": 5,
                        "ROC AUC": 0.6350390069538215
                    }
                }
            },
            "8": {
                "Member size": 9971.0,
                "Nonmember size": 2990.0,
                "ROC AUC Individual": 0.574386034951237,
                "MIA": {
                    "1": 0.5831977553112019,
                    "3": 0.6083832442881613,
                    "5": 0.6286607838884752,
                    "8": 0.6566150852993775,
                    "best": {
                        "s": 8,
                        "ROC AUC": 0.6566150852993775
                    }
                }
            },
            "10": {
                "Member size": 7670.0,
                "Nonmember size": 2300.0,
                "ROC AUC Individual": 0.574386034951237,
                "MIA": {
                    "1": 0.5836084629963796,
                    "3": 0.6123109943944232,
                    "5": 0.6333324626327488,
                    "8": 0.661075471144121,
                    "10": 0.674924371200635,
                    "best": {
                        "s": 10,
                        "ROC AUC": 0.674924371200635
                    }
                }
            },
            "30": {
                "Member size": 3068.0,
                "Nonmember size": 920.0,
                "ROC AUC Individual": 0.574386034951237,
                "MIA": {
                    "1": 0.5785828816003536,
                    "3": 0.5989369032174987,