{
    "average": {
        "max": {
            "1": {
                "Member size": 700.0,
                "Nonmember size": 600.0,
                "ROC AUC Individual": 0.43885238095238094,
                "MIA": {
                    "1": 0.43885238095238094,
                    "best": {
                        "s": 1,
                        "ROC AUC": 0.43885238095238094
                    }
                }
            },
            "3": {
                "Member size": 238.0,
                "Nonmember size": 204.0,
                "ROC AUC Individual": 0.43885238095238094,
                "MIA": {
                    "1": 0.36482534190146654,
                    "3": 0.4110232328225407,
                    "best": {
                        "s": 3,
                        "ROC AUC": 0.4110232328225407
                    }
                }
            },
            "5": {
                "Member size": 140.0,
                "Nonmember size": 120.0,
                "ROC AUC Individual": 0.43885238095238094,
                "MIA": {
                    "1": 0.3080952380952381,
                    "3": 0.35630952380952374,
                    "5": 0.39726190476190476,
                    "best": {
                        "s": 5,
                        "ROC AUC": 0.39726190476190476
                    }
                }
            },
            "8": {
                "Member size": 91.0,
                "Nonmember size": 78.0,
                "ROC AUC Individual": 0.43885238095238094,
                "MIA": {
                    "1": 0.29008171315863623,
                    "3": 0.3360101437024514,
                    "5": 0.35657931811777965,
                    "8": 0.3970132431670893,
                    "best": {
                        "s": 8,
                        "ROC AUC": 0.3970132431670893
                    }
                }
            },
            "10": {
                "Member size": 70.0,
                "Nonmember size": 60.0,
                "ROC AUC Individual": 0.43885238095238094,
                "MIA": {
                    "1": 0.25452380952380954,
                    "3": 0.2909523809523809,
                    "5": 0.3257142857142857,
                    "8": 0.3621428571428571,
                    "10": 0.38642857142857145,
                    "best": {
                        "s": 10,
                        "ROC AUC": 0.38642857142857145
                    }
                }
            },
            "30": {
                "Member size": 28.0,
                "Nonmember size": 24.0,
                "ROC AUC Individual": 0.43885238095238094,
                "MIA": {
                    "1": 0.2708333333333333,
                    "3": 0.2589285714285714,
                    "5": 0.27529761904761907,
                    "8": 0.31547619047619047,
                    "10": 0.3333333333333333,
                    "30": 0.41220238095238093,
                    "best": {
                        "s": 30,
                        "ROC AUC": 0.41220238095238093
                    }
                }
            },
            "50": {
                "Member size": 14.0,
                "Nonmember size": 12.0,
                "ROC AUC Individual": 0.43885238095238094,
                "MIA": {
                    "1": 0.22023809523809523,
                    "3": 0.20833333333333331,
                    "5": 0.18452380952380953,
                    "8": 0.18452380952380953,
                    "10": 0.19642857142857145,
                    "30": 0.3273809523809524,
                    "50": 0.375,
                    "best": {
                        "s": 50,
                        "ROC AUC": 0.375
                    }
                }
            },
            "80": {
                "Member size": 14.0,
                "Nonmember size": 12.0,
                "ROC AUC Individual": 0.43885238095238094,
                "MIA": {
                    "1": 0.29761904761904756,
                    "3": 0.26190476190476186,
                    "5": 0.2857142857142857,
                    "8": 0.30952380952380953,
                    "10": 0.3214285714285714,
                    "30": 0.3988095238095238,
                    "50": 0.39285714285714285,
                    "80": 0.40476190476190477,
                    "best": {
                        "s": 80,
                        "ROC AUC": 0.40476190476190477
                    }
                }
            },
            "100": {
                "Member size": 7.0,
                "Nonmember size": 6.0,
                "ROC AUC Individual": 0.43885238095238094,
                "MIA": {
                    "1": 0.21428571428571427,
                    "3": 0.14285714285714285,
                    "5": 0.11904761904761904,
                    "8": 0.14285714285714285,
                    "10": 0.14285714285714285,
                    "30": 0.19047619047619047,
                    "50": 0.2857142857142857,
                    "80": 0.380952380952381,
                    "100": 0.380952380952381,
                    "best": {
                        "s": 80,
                        "ROC AUC": 0.380952380952381
                    }
                }
            }
        },
        "min": {
            "1": {
                "Member size": 700.0,
                "Nonmember size": 600.0,
                "ROC AUC Individual": 0.43885238095238094,
                "MIA": {
                    "1": 0.43885238095238094,
                    "best": {
                        "s": 1,
                        "ROC AUC": 0.43885238095238094
                    }
                }
            },
            "3": {
                "Member size": 238.0,
                "Nonmember size": 204.0,
                "ROC AUC Individual": 0.43885238095238094,
                "MIA": {
                    "1": 0.5061171527434503,
                    "3": 0.4110232328225407,
                    "best": {
                        "s": 1,
                        "ROC AUC": 0.5061171527434503
                    }
                }
            },
            "5": {
                "Member size": 140.0,
                "Nonmember size": 120.0,
                "ROC AUC Individual": 0.43885238095238094,
                "MIA": {
                    "1": 0.5401785714285714,
                    "3": 0.4676785714285714,
                    "5": 0.39726190476190476,
                    "best": {
                        "s": 1,
                        "ROC AUC": 0.5401785714285714
                    }
                }
            },
            "8": {
                "Member size": 91.0,
                "Nonmember size": 78.0,
                "ROC AUC Individual": 0.43885238095238094,
                "MIA": {
                    "1": 0.5569174415328261,
                    "3": 0.5009861932938856,
                    "5": 0.45378979994364604,
                    "8": 0.3970132431670893,
                    "best": {
                        "s": 1,
                        "ROC AUC": 0.5569174415328261
                    }
                }
            },
            "10": {
                "Member size": 70.0,
                "Nonmember size": 60.0,
                "ROC AUC Individual": 0.43885238095238094,
                "MIA": {
                    "1": 0.5664285714285715,
                    "3": 0.5107142857142857,
                    "5": 0.4797619047619047,
                    "8": 0.4395238095238095,
                    "10": 0.38642857142857145,
                    "best": {
                        "s": 1,
                        "ROC AUC": 0.5664285714285715
                    }
                }
            },
            "30": {
                "Member size": 28.0,
                "Nonmember size": 24.0,
                "ROC AUC Individual": 0.43885238095238094,
                "MIA": {
                    "1": 0.5892857142857143,
                    "3": 0.5401785714285714,