{
    "average": {
        "max": {
            "1": {
                "Member size": 76700.0,
                "Nonmember size": 23000.0,
                "ROC AUC Individual": 0.5897590080253936,
                "MIA": {
                    "1": 0.5897590080253936,
                    "best": {
                        "s": 1,
                        "ROC AUC": 0.5897590080253936
                    }
                }
            },
            "3": {
                "Member size": 26078.0,
                "Nonmember size": 7820.0,
                "ROC AUC Individual": 0.5897590080253936,
                "MIA": {
                    "1": 0.6200762972244631,
                    "3": 0.6303001356510084,
                    "best": {
                        "s": 3,
                        "ROC AUC": 0.6303001356510084
                    }
                }
            },
            "5": {
                "Member size": 15340.0,
                "Nonmember size": 4600.0,
                "ROC AUC Individual": 0.5897590080253936,
                "MIA": {
                    "1": 0.6255453136699224,
                    "3": 0.6646271271622581,
                    "5": 0.6590017973683281,
                    "best": {
                        "s": 3,
                        "ROC AUC": 0.6646271271622581
                    }
                }
            },
            "8": {
                "Member size": 9971.0,
                "Nonmember size": 2990.0,
                "ROC AUC Individual": 0.5897590080253936,
                "MIA": {
                    "1": 0.6196806524875316,
                    "3": 0.6657284068907929,
                    "5": 0.6895147750393231,
                    "8": 0.688231480623061,
                    "best": {
                        "s": 5,
                        "ROC AUC": 0.6895147750393231
                    }
                }
            },
            "10": {
                "Member size": 7670.0,
                "Nonmember size": 2300.0,
                "ROC AUC Individual": 0.5897590080253936,
                "MIA": {
                    "1": 0.6103801019917667,
                    "3": 0.6664934682492475,
                    "5": 0.7011115553252149,
                    "8": 0.726274017883735,
                    "10": 0.7077381862070857,
                    "best": {
                        "s": 8,
                        "ROC AUC": 0.726274017883735
                    }
                }
            },
            "30": {
                "Member size": 3068.0,
                "Nonmember size": 920.0,
                "ROC AUC Individual": 0.5897590080253936,
                "MIA": {
                    "1": 0.582702612664975,
                    "3": 0.6251727718631718,
                    "5": 0.6497121302362517,
                    "8": 0.6652044471239096,
                    "10": 0.6614694488591213,
                    "30": 0.7681181241575108,
                    "best": {
                        "s": 30,
                        "ROC AUC": 0.7681181241575108
                    }
                }
            },
            "50": {
                "Member size": 1534.0,
                "Nonmember size": 460.0,
                "ROC AUC Individual": 0.5897590080253936,
                "MIA": {
                    "1": 0.565026075619296,
                    "3": 0.6181268068703588,
                    "5": 0.6599455813162519,
                    "8": 0.7057040417209908,
                    "10": 0.7310384898815261,
                    "30": 0.8637463862592825,
                    "50": 0.8445734754104457,
                    "best": {
                        "s": 30,
                        "ROC AUC": 0.8637463862592825
                    }
                }
            },
            "80": {
                "Member size": 1534.0,
                "Nonmember size": 460.0,
                "ROC AUC Individual": 0.5897590080253936,
                "MIA": {
                    "1": 0.551310866730911,
                    "3": 0.5932231732894961,
                    "5": 0.6152882489654782,
                    "8": 0.6319256277988776,
                    "10": 0.6391176804036052,
                    "30": 0.6569767111212216,
                    "50": 0.6986717348594857,
                    "80": 0.8108194324640194,
                    "best": {
                        "s": 80,
                        "ROC AUC": 0.8108194324640194
                    }
                }
            },
            "100": {
                "Member size": 767.0,
                "Nonmember size": 230.0,
                "ROC AUC Individual": 0.5897590080253936,
                "MIA": {
                    "1": 0.5300493169321467,
                    "3": 0.5771866674224817,
                    "5": 0.6174990079927442,
                    "8": 0.6660336715605693,
                    "10": 0.6937248455302987,
                    "30": 0.8480981803752622,
                    "50": 0.9077964944229454,
                    "80": 0.9315957204643751,
                    "100": 0.8995633187772926,
                    "best": {
                        "s": 80,
                        "ROC AUC": 0.9315957204643751
                    }
                }
            }
        },
        "min": {
            "1": {
                "Member size": 76700.0,
                "Nonmember size": 23000.0,
                "ROC AUC Individual": 0.5897590080253936,
                "MIA": {
                    "1": 0.5897590080253936,
                    "best": {
                        "s": 1,
                        "ROC AUC": 0.5897590080253936
                    }
                }
            },
            "3": {
                "Member size": 26078.0,
                "Nonmember size": 7820.0,
                "ROC AUC Individual": 0.5897590080253936,
                "MIA": {
                    "1": 0.5987590832072542,
                    "3": 0.6303001356510084,
                    "best": {
                        "s": 3,
                        "ROC AUC": 0.6303001356510084
                    }
                }
            },
            "5": {
                "Member size": 15340.0,
                "Nonmember size": 4600.0,
                "ROC AUC Individual": 0.5897590080253936,
                "MIA": {
                    "1": 0.600817614974474,
                    "3": 0.6411844299120493,
                    "5": 0.6590017973683281,
                    "best": {
                        "s": 5,
                        "ROC AUC": 0.6590017973683281
                    }
                }
            },
            "8": {
                "Member size": 9971.0,
                "Nonmember size": 2990.0,
                "ROC AUC Individual": 0.5897590080253936,
                "MIA": {
                    "1": 0.5986341532957589,
                    "3": 0.6352168017972573,
                    "5": 0.6617661990660523,
                    "8": 0.688231480623061,
                    "best": {
                        "s": 8,
                        "ROC AUC": 0.688231480623061
                    }
                }
            },
            "10": {
                "Member size": 7670.0,
                "Nonmember size": 2300.0,
                "ROC AUC Individual": 0.5897590080253936,
                "MIA": {
                    "1": 0.6012147036557938,
                    "3": 0.6394283931058968,
                    "5": 0.6685443627448475,
                    "8": 0.7028261237432101,
                    "10": 0.7077381862070857,
                    "best": {
                        "s": 10,
                        "ROC AUC": 0.7077381862070857
                    }
                }
            },
            "30": {
                "Member size": 3068.0,
                "Nonmember size": 920.0,
                "ROC AUC Individual": 0.5897590080253936,
                "MIA": {
                    "1": 0.5989066757202886,