{
    "average": {
        "max": {
            "1": {
                "Member size": 76700.0,
                "Nonmember size": 23000.0,
                "ROC AUC Individual": 0.5158482693725306,
                "MIA": {
                    "1": 0.5158482693725306,
                    "best": {
                        "s": 1,
                        "ROC AUC": 0.5158482693725306
                    }
                }
            },
            "3": {
                "Member size": 26078.0,
                "Nonmember size": 7820.0,
                "ROC AUC Individual": 0.5158482693725306,
                "MIA": {
                    "1": 0.5313456020283807,
                    "3": 0.5225662618900944,
                    "best": {
                        "s": 1,
                        "ROC AUC": 0.5313456020283807
                    }
                }
            },
            "5": {
                "Member size": 15340.0,
                "Nonmember size": 4600.0,
                "ROC AUC Individual": 0.5158482693725306,
                "MIA": {
                    "1": 0.5265916422412082,
                    "3": 0.5314661093569706,
                    "5": 0.5223535123393659,
                    "best": {
                        "s": 3,
                        "ROC AUC": 0.5314661093569706
                    }
                }
            },
            "8": {
                "Member size": 9971.0,
                "Nonmember size": 2990.0,
                "ROC AUC Individual": 0.5158482693725306,
                "MIA": {
                    "1": 0.5070908309683366,
                    "3": 0.5244804043035081,
                    "5": 0.526390368912963,
                    "8": 0.519716235299176,
                    "best": {
                        "s": 5,
                        "ROC AUC": 0.526390368912963
                    }
                }
            },
            "10": {
                "Member size": 7670.0,
                "Nonmember size": 2300.0,
                "ROC AUC Individual": 0.5158482693725306,
                "MIA": {
                    "1": 0.4907815883453319,
                    "3": 0.5193806306619279,
                    "5": 0.5276777064256764,
                    "8": 0.5266869366025446,
                    "10": 0.5206471293427815,
                    "best": {
                        "s": 5,
                        "ROC AUC": 0.5276777064256764
                    }
                }
            },
            "30": {
                "Member size": 3068.0,
                "Nonmember size": 920.0,
                "ROC AUC Individual": 0.5158482693725306,
                "MIA": {
                    "1": 0.44914687375999096,
                    "3": 0.46574099730608365,
                    "5": 0.49282846319751167,
                    "8": 0.5151166920282001,
                    "10": 0.5195192305985477,
                    "30": 0.5292272360158796,
                    "best": {
                        "s": 30,
                        "ROC AUC": 0.5292272360158796
                    }
                }
            },
            "50": {
                "Member size": 1534.0,
                "Nonmember size": 460.0,
                "ROC AUC Individual": 0.5158482693725306,
                "MIA": {
                    "1": 0.41629159344708355,
                    "3": 0.40034578538631593,
                    "5": 0.42303865993991274,
                    "8": 0.4673487897511479,
                    "10": 0.49167139051074205,
                    "30": 0.5489712226132365,
                    "50": 0.5387986959575543,
                    "best": {
                        "s": 30,
                        "ROC AUC": 0.5489712226132365
                    }
                }
            },
            "80": {
                "Member size": 1534.0,
                "Nonmember size": 460.0,
                "ROC AUC Individual": 0.5158482693725306,
                "MIA": {
                    "1": 0.4444716852786123,
                    "3": 0.4455756476390228,
                    "5": 0.4653477694008276,
                    "8": 0.4843588798820929,
                    "10": 0.49254577404909017,
                    "30": 0.5170756675292177,
                    "50": 0.5263802283534068,
                    "80": 0.5256996210609435,
                    "best": {
                        "s": 50,
                        "ROC AUC": 0.5263802283534068
                    }
                }
            },
            "100": {
                "Member size": 767.0,
                "Nonmember size": 230.0,
                "ROC AUC Individual": 0.5158482693725306,
                "MIA": {
                    "1": 0.4205147100504506,
                    "3": 0.3780001133722577,
                    "5": 0.37034181735729266,
                    "8": 0.3854089904200442,
                    "10": 0.4040247151522023,
                    "30": 0.5443909075449238,
                    "50": 0.5657637150011382,
                    "80": 0.5673998518434099,
                    "100": 0.5550703541969917,
                    "best": {
                        "s": 80,
                        "ROC AUC": 0.5673998518434099
                    }
                }
            }
        },
        "min": {
            "1": {
                "Member size": 76700.0,
                "Nonmember size": 23000.0,
                "ROC AUC Individual": 0.5158482693725306,
                "MIA": {
                    "1": 0.5158482693725306,
                    "best": {
                        "s": 1,
                        "ROC AUC": 0.5158482693725306
                    }
                }
            },
            "3": {
                "Member size": 26078.0,
                "Nonmember size": 7820.0,
                "ROC AUC Individual": 0.5158482693725306,
                "MIA": {
                    "1": 0.49187616873419926,
                    "3": 0.5225662618900944,
                    "best": {
                        "s": 3,
                        "ROC AUC": 0.5225662618900944
                    }
                }
            },
            "5": {
                "Member size": 15340.0,
                "Nonmember size": 4600.0,
                "ROC AUC Individual": 0.5158482693725306,
                "MIA": {
                    "1": 0.483248388276519,
                    "3": 0.5140630293950436,
                    "5": 0.5223535123393659,
                    "best": {
                        "s": 5,
                        "ROC AUC": 0.5223535123393659
                    }
                }
            },
            "8": {
                "Member size": 9971.0,
                "Nonmember size": 2990.0,
                "ROC AUC Individual": 0.5158482693725306,
                "MIA": {
                    "1": 0.47266482617854483,
                    "3": 0.4923240003046844,
                    "5": 0.5185311802009374,
                    "8": 0.519716235299176,
                    "best": {
                        "s": 8,
                        "ROC AUC": 0.519716235299176
                    }
                }
            },
            "10": {
                "Member size": 7670.0,
                "Nonmember size": 2300.0,
                "ROC AUC Individual": 0.5158482693725306,
                "MIA": {
                    "1": 0.4663470886865765,
                    "3": 0.4793094476256303,
                    "5": 0.5025297487970172,
                    "8": 0.5456036040157717,
                    "10": 0.5206471293427815,
                    "best": {
                        "s": 8,
                        "ROC AUC": 0.5456036040157717
                    }
                }
            },
            "30": {
                "Member size": 3068.0,
                "Nonmember size": 920.0,
                "ROC AUC Individual": 0.5158482693725306,
                "MIA": {
                    "1": 0.4476393343883265,