{
    "average": {
        "max": {
            "1": {
                "Member size": 76800.0,
                "Nonmember size": 23000.0,
                "ROC AUC Individual": 0.45794198207979403,
                "MIA": {
                    "1": 0.45794198207979403,
                    "best": {
                        "s": 1,
                        "ROC AUC": 0.45794198207979403
                    }
                }
            },
            "3": {
                "Member size": 26112.0,
                "Nonmember size": 7820.0,
                "ROC AUC Individual": 0.45794198207979403,
                "MIA": {
                    "1": 0.45132237762678107,
                    "3": 0.43162667917399733,
                    "best": {
                        "s": 1,
                        "ROC AUC": 0.45132237762678107
                    }
                }
            },
            "5": {
                "Member size": 15360.0,
                "Nonmember size": 4600.0,
                "ROC AUC Individual": 0.45794198207979403,
                "MIA": {
                    "1": 0.4428647725543054,
                    "3": 0.4252989355470006,
                    "5": 0.41557001139479693,
                    "best": {
                        "s": 1,
                        "ROC AUC": 0.4428647725543054
                    }
                }
            },
            "8": {
                "Member size": 9984.0,
                "Nonmember size": 2990.0,
                "ROC AUC Individual": 0.45794198207979403,
                "MIA": {
                    "1": 0.4386316363031426,
                    "3": 0.4286584257334467,
                    "5": 0.41473672243547643,
                    "8": 0.39829983684579623,
                    "best": {
                        "s": 1,
                        "ROC AUC": 0.4386316363031426
                    }
                }
            },
            "10": {
                "Member size": 7680.0,
                "Nonmember size": 2300.0,
                "ROC AUC Individual": 0.45794198207979403,
                "MIA": {
                    "1": 0.43248560922822404,
                    "3": 0.4250354211919518,
                    "5": 0.4138341654552136,
                    "8": 0.3898166520854447,
                    "10": 0.38905365139301845,
                    "best": {
                        "s": 1,
                        "ROC AUC": 0.43248560922822404
                    }
                }
            },
            "30": {
                "Member size": 3072.0,
                "Nonmember size": 920.0,
                "ROC AUC Individual": 0.45794198207979403,
                "MIA": {
                    "1": 0.4179652315536043,
                    "3": 0.42012322147270564,
                    "5": 0.41984368799954647,
                    "8": 0.4248545996169941,
                    "10": 0.42988137132478144,
                    "30": 0.34927845080683506,
                    "best": {
                        "s": 10,
                        "ROC AUC": 0.42988137132478144
                    }
                }
            },
            "50": {
                "Member size": 1536.0,
                "Nonmember size": 460.0,
                "ROC AUC Individual": 0.45794198207979403,
                "MIA": {
                    "1": 0.4036911231884058,
                    "3": 0.4004571444746377,
                    "5": 0.3950757683047727,
                    "8": 0.3914615493556154,
                    "10": 0.39059481659821554,
                    "30": 0.3503358653137577,
                    "50": 0.3160596777853415,
                    "best": {
                        "s": 1,
                        "ROC AUC": 0.4036911231884058
                    }
                }
            },
            "80": {
                "Member size": 1536.0,
                "Nonmember size": 460.0,
                "ROC AUC Individual": 0.45794198207979403,
                "MIA": {
                    "1": 0.4144701086956522,
                    "3": 0.41545776472007556,
                    "5": 0.420198278370342,
                    "8": 0.42325974182651704,
                    "10": 0.4246620255050989,
                    "30": 0.42550376799171397,
                    "50": 0.40302885817454454,
                    "80": 0.32152703186537773,
                    "best": {
                        "s": 30,
                        "ROC AUC": 0.42550376799171397
                    }
                }
            },
            "100": {
                "Member size": 768.0,
                "Nonmember size": 230.0,
                "ROC AUC Individual": 0.45794198207979403,
                "MIA": {
                    "1": 0.41936141304347824,
                    "3": 0.4034533514492754,
                    "5": 0.3971240942028985,
                    "8": 0.3941689311594203,
                    "10": 0.39143455615942035,
                    "30": 0.38462975543478256,
                    "50": 0.3471296164940653,
                    "80": 0.2972135668493249,
                    "100": 0.2870015854017709,
                    "best": {
                        "s": 1,
                        "ROC AUC": 0.41936141304347824
                    }
                }
            }
        },
        "min": {
            "1": {
                "Member size": 76800.0,
                "Nonmember size": 23000.0,
                "ROC AUC Individual": 0.45794198207979403,
                "MIA": {
                    "1": 0.45794198207979403,
                    "best": {
                        "s": 1,
                        "ROC AUC": 0.45794198207979403
                    }
                }
            },
            "3": {
                "Member size": 26112.0,
                "Nonmember size": 7820.0,
                "ROC AUC Individual": 0.45794198207979403,
                "MIA": {
                    "1": 0.4413356127414358,
                    "3": 0.43162667917399733,
                    "best": {
                        "s": 1,
                        "ROC AUC": 0.4413356127414358
                    }
                }
            },
            "5": {
                "Member size": 15360.0,
                "Nonmember size": 4600.0,
                "ROC AUC Individual": 0.45794198207979403,
                "MIA": {
                    "1": 0.4359392771933318,
                    "3": 0.42054083500433054,
                    "5": 0.41557001139479693,
                    "best": {
                        "s": 1,
                        "ROC AUC": 0.4359392771933318
                    }
                }
            },
            "8": {
                "Member size": 9984.0,
                "Nonmember size": 2990.0,
                "ROC AUC Individual": 0.45794198207979403,
                "MIA": {
                    "1": 0.4383473317634662,
                    "3": 0.4162859275549923,
                    "5": 0.4073679659746415,
                    "8": 0.39829983684579623,
                    "best": {
                        "s": 1,
                        "ROC AUC": 0.4383473317634662
                    }
                }
            },
            "10": {
                "Member size": 7680.0,
                "Nonmember size": 2300.0,
                "ROC AUC Individual": 0.45794198207979403,
                "MIA": {
                    "1": 0.4420373547483919,
                    "3": 0.41297554744987214,
                    "5": 0.39926661396826924,
                    "8": 0.39200981609097,
                    "10": 0.38905365139301845,
                    "best": {
                        "s": 1,
                        "ROC AUC": 0.4420373547483919
                    }
                }
            },
            "30": {
                "Member size": 3072.0,
                "Nonmember size": 920.0,
                "ROC AUC Individual": 0.45794198207979403,