{
    "average": {
        "max": {
            "1": {
                "Member size": 76700.0,
                "Nonmember size": 23000.0,
                "ROC AUC Individual": 0.5087250093756681,
                "MIA": {
                    "1": 0.5087250093756681,
                    "best": {
                        "s": 1,
                        "ROC AUC": 0.5087250093756681
                    }
                }
            },
            "3": {
                "Member size": 26078.0,
                "Nonmember size": 7820.0,
                "ROC AUC Individual": 0.5087250093756681,
                "MIA": {
                    "1": 0.5149715984223112,
                    "3": 0.5080951119532093,
                    "best": {
                        "s": 1,
                        "ROC AUC": 0.5149715984223112
                    }
                }
            },
            "5": {
                "Member size": 15340.0,
                "Nonmember size": 4600.0,
                "ROC AUC Individual": 0.5087250093756681,
                "MIA": {
                    "1": 0.518304013334316,
                    "3": 0.5218003164942869,
                    "5": 0.5123507989317893,
                    "best": {
                        "s": 3,
                        "ROC AUC": 0.5218003164942869
                    }
                }
            },
            "8": {
                "Member size": 9971.0,
                "Nonmember size": 2990.0,
                "ROC AUC Individual": 0.5087250093756681,
                "MIA": {
                    "1": 0.5143569193470429,
                    "3": 0.520618453969089,
                    "5": 0.5212603789338601,
                    "8": 0.5154314313124024,
                    "best": {
                        "s": 5,
                        "ROC AUC": 0.5212603789338601
                    }
                }
            },
            "10": {
                "Member size": 7670.0,
                "Nonmember size": 2300.0,
                "ROC AUC Individual": 0.5087250093756681,
                "MIA": {
                    "1": 0.5074653460855959,
                    "3": 0.519415071329306,
                    "5": 0.52659018448761,
                    "8": 0.5203725099685279,
                    "10": 0.5136319537193262,
                    "best": {
                        "s": 5,
                        "ROC AUC": 0.52659018448761
                    }
                }
            },
            "30": {
                "Member size": 3068.0,
                "Nonmember size": 920.0,
                "ROC AUC Individual": 0.5087250093756681,
                "MIA": {
                    "1": 0.4974192313689911,
                    "3": 0.505403220086531,
                    "5": 0.5097843818710547,
                    "8": 0.5129327960040867,
                    "10": 0.5138579861505279,
                    "30": 0.517361997278406,
                    "best": {
                        "s": 30,
                        "ROC AUC": 0.517361997278406
                    }
                }
            },
            "50": {
                "Member size": 1534.0,
                "Nonmember size": 460.0,
                "ROC AUC Individual": 0.5087250093756681,
                "MIA": {
                    "1": 0.4879329403095063,
                    "3": 0.48497546725658697,
                    "5": 0.4907966760259792,
                    "8": 0.5006338807113078,
                    "10": 0.5065501006835134,
                    "30": 0.5391275967760245,
                    "50": 0.5093018165900635,
                    "best": {
                        "s": 30,
                        "ROC AUC": 0.5391275967760245
                    }
                }
            },
            "80": {
                "Member size": 1534.0,
                "Nonmember size": 460.0,
                "ROC AUC Individual": 0.5087250093756681,
                "MIA": {
                    "1": 0.5018174990079928,
                    "3": 0.500068023354685,
                    "5": 0.5026599965988323,
                    "8": 0.5060679542811765,
                    "10": 0.5073731411056873,
                    "30": 0.509769820971867,
                    "50": 0.5150209276501239,
                    "80": 0.5133558493799504,
                    "best": {
                        "s": 50,
                        "ROC AUC": 0.5150209276501239
                    }
                }
            },
            "100": {
                "Member size": 767.0,
                "Nonmember size": 230.0,
                "ROC AUC Individual": 0.5087250093756681,
                "MIA": {
                    "1": 0.4775749674054759,
                    "3": 0.4745309222833173,
                    "5": 0.4763732214727056,
                    "8": 0.4831982313927782,
                    "10": 0.48755456039907036,
                    "30": 0.5262742649562946,
                    "50": 0.546913157594431,
                    "80": 0.5284579786322345,
                    "100": 0.5013054227028026,
                    "best": {
                        "s": 50,
                        "ROC AUC": 0.546913157594431
                    }
                }
            }
        },
        "min": {
            "1": {
                "Member size": 76700.0,
                "Nonmember size": 23000.0,
                "ROC AUC Individual": 0.5087250093756681,
                "MIA": {
                    "1": 0.5087250093756681,
                    "best": {
                        "s": 1,
                        "ROC AUC": 0.5087250093756681
                    }
                }
            },
            "3": {
                "Member size": 26078.0,
                "Nonmember size": 7820.0,
                "ROC AUC Individual": 0.5087250093756681,
                "MIA": {
                    "1": 0.5001656219173503,
                    "3": 0.5080951119532093,
                    "best": {
                        "s": 3,
                        "ROC AUC": 0.5080951119532093
                    }
                }
            },
            "5": {
                "Member size": 15340.0,
                "Nonmember size": 4600.0,
                "ROC AUC Individual": 0.5087250093756681,
                "MIA": {
                    "1": 0.49837670291036423,
                    "3": 0.5046880574454147,
                    "5": 0.5123507989317893,
                    "best": {
                        "s": 5,
                        "ROC AUC": 0.5123507989317893
                    }
                }
            },
            "8": {
                "Member size": 9971.0,
                "Nonmember size": 2990.0,
                "ROC AUC Individual": 0.5087250093756681,
                "MIA": {
                    "1": 0.4978360371752252,
                    "3": 0.5017733608447887,
                    "5": 0.5091821496939205,
                    "8": 0.5154314313124024,
                    "best": {
                        "s": 8,
                        "ROC AUC": 0.5154314313124024
                    }
                }
            },
            "10": {
                "Member size": 7670.0,
                "Nonmember size": 2300.0,
                "ROC AUC Individual": 0.5087250093756681,
                "MIA": {
                    "1": 0.49961801615088675,
                    "3": 0.4984182665641418,
                    "5": 0.5015474431498768,
                    "8": 0.5115889950506135,
                    "10": 0.5136319537193262,
                    "best": {
                        "s": 10,
                        "ROC AUC": 0.5136319537193262
                    }
                }
            },
            "30": {
                "Member size": 3068.0,
                "Nonmember size": 920.0,
                "ROC AUC Individual": 0.5087250093756681,
                "MIA": {
                    "1": 0.5036519326037275,