{
    "average": {
        "max": {
            "1": {
                "Member size": 76700.0,
                "Nonmember size": 23000.0,
                "ROC AUC Individual": 0.40943051881317216,
                "MIA": {
                    "1": 0.40943051881317216,
                    "best": {
                        "s": 1,
                        "ROC AUC": 0.40943051881317216
                    }
                }
            },
            "3": {
                "Member size": 26078.0,
                "Nonmember size": 7820.0,
                "ROC AUC Individual": 0.40943051881317216,
                "MIA": {
                    "1": 0.40090373627938847,
                    "3": 0.36763344841696,
                    "best": {
                        "s": 1,
                        "ROC AUC": 0.40090373627938847
                    }
                }
            },
            "5": {
                "Member size": 15340.0,
                "Nonmember size": 4600.0,
                "ROC AUC Individual": 0.40943051881317216,
                "MIA": {
                    "1": 0.397972660967078,
                    "3": 0.3572956958450073,
                    "5": 0.33748177308284083,
                    "best": {
                        "s": 1,
                        "ROC AUC": 0.397972660967078
                    }
                }
            },
            "8": {
                "Member size": 9971.0,
                "Nonmember size": 2990.0,
                "ROC AUC Individual": 0.40943051881317216,
                "MIA": {
                    "1": 0.39793741314695563,
                    "3": 0.363571874815463,
                    "5": 0.33621845759272484,
                    "8": 0.3102317265045461,
                    "best": {
                        "s": 1,
                        "ROC AUC": 0.39793741314695563
                    }
                }
            },
            "10": {
                "Member size": 7670.0,
                "Nonmember size": 2300.0,
                "ROC AUC Individual": 0.40943051881317216,
                "MIA": {
                    "1": 0.3963726918650467,
                    "3": 0.3571800675004963,
                    "5": 0.3278928784140219,
                    "8": 0.2935002658412798,
                    "10": 0.2867104012308922,
                    "best": {
                        "s": 1,
                        "ROC AUC": 0.3963726918650467
                    }
                }
            },
            "30": {
                "Member size": 3068.0,
                "Nonmember size": 920.0,
                "ROC AUC Individual": 0.40943051881317216,
                "MIA": {
                    "1": 0.3936650316837017,
                    "3": 0.3690052485991914,
                    "5": 0.3581275267749486,
                    "8": 0.34934108802042696,
                    "10": 0.3490829136818214,
                    "30": 0.22083994955475988,
                    "best": {
                        "s": 1,
                        "ROC AUC": 0.3936650316837017
                    }
                }
            },
            "50": {
                "Member size": 1534.0,
                "Nonmember size": 460.0,
                "ROC AUC Individual": 0.40943051881317216,
                "MIA": {
                    "1": 0.38730230712544644,
                    "3": 0.3442284239484954,
                    "5": 0.3187838566039876,
                    "8": 0.29389233954451344,
                    "10": 0.28127286650216965,
                    "30": 0.19204883859440142,
                    "50": 0.14762458569186776,
                    "best": {
                        "s": 1,
                        "ROC AUC": 0.38730230712544644
                    }
                }
            },
            "80": {
                "Member size": 1534.0,
                "Nonmember size": 460.0,
                "ROC AUC Individual": 0.40943051881317216,
                "MIA": {
                    "1": 0.4095686185590386,
                    "3": 0.38561164333087694,
                    "5": 0.3781545137411725,
                    "8": 0.3746589523242293,
                    "10": 0.3730820499730565,
                    "30": 0.3472386195935975,
                    "50": 0.29124792857336235,
                    "80": 0.18140866910709713,
                    "best": {
                        "s": 1,
                        "ROC AUC": 0.4095686185590386
                    }
                }
            },
            "100": {
                "Member size": 767.0,
                "Nonmember size": 230.0,
                "ROC AUC Individual": 0.40943051881317216,
                "MIA": {
                    "1": 0.3917861799217731,
                    "3": 0.35221926194660164,
                    "5": 0.32741341193809875,
                    "8": 0.29936511535627236,
                    "10": 0.2868941669973357,
                    "30": 0.21595714528654839,
                    "50": 0.16326040051051066,
                    "80": 0.10913024317935982,
                    "100": 0.09638178415470991,
                    "best": {
                        "s": 1,
                        "ROC AUC": 0.3917861799217731
                    }
                }
            }
        },
        "min": {
            "1": {
                "Member size": 76700.0,
                "Nonmember size": 23000.0,
                "ROC AUC Individual": 0.40943051881317216,
                "MIA": {
                    "1": 0.40943051881317216,
                    "best": {
                        "s": 1,
                        "ROC AUC": 0.40943051881317216
                    }
                }
            },
            "3": {
                "Member size": 26078.0,
                "Nonmember size": 7820.0,
                "ROC AUC Individual": 0.40943051881317216,
                "MIA": {
                    "1": 0.37793953582406853,
                    "3": 0.36763344841696,
                    "best": {
                        "s": 1,
                        "ROC AUC": 0.37793953582406853
                    }
                }
            },
            "5": {
                "Member size": 15340.0,
                "Nonmember size": 4600.0,
                "ROC AUC Individual": 0.40943051881317216,
                "MIA": {
                    "1": 0.3700991634325629,
                    "3": 0.3321755295465567,
                    "5": 0.33748177308284083,
                    "best": {
                        "s": 1,
                        "ROC AUC": 0.3700991634325629
                    }
                }
            },
            "8": {
                "Member size": 9971.0,
                "Nonmember size": 2990.0,
                "ROC AUC Individual": 0.40943051881317216,
                "MIA": {
                    "1": 0.38068989663243447,
                    "3": 0.3353819164352922,
                    "5": 0.310458898593693,
                    "8": 0.3102317265045461,
                    "best": {
                        "s": 1,
                        "ROC AUC": 0.38068989663243447
                    }
                }
            },
            "10": {
                "Member size": 7670.0,
                "Nonmember size": 2300.0,
                "ROC AUC Individual": 0.40943051881317216,
                "MIA": {
                    "1": 0.37807602348007563,
                    "3": 0.32810304577298155,
                    "5": 0.29404409526590536,
                    "8": 0.26955318311673626,
                    "10": 0.2867104012308922,
                    "best": {
                        "s": 1,
                        "ROC AUC": 0.37807602348007563
                    }
                }
            },
            "30": {
                "Member size": 3068.0,
                "Nonmember size": 920.0,
                "ROC AUC Individual": 0.40943051881317216,