{
    "average": {
        "max": {
            "1": {
                "Member size": 76700.0,
                "Nonmember size": 23000.0,
                "ROC AUC Individual": 0.558265160071628,
                "MIA": {
                    "1": 0.558265160071628,
                    "best": {
                        "s": 1,
                        "ROC AUC": 0.558265160071628
                    }
                }
            },
            "3": {
                "Member size": 26078.0,
                "Nonmember size": 7820.0,
                "ROC AUC Individual": 0.558265160071628,
                "MIA": {
                    "1": 0.5682100237469482,
                    "3": 0.5951479412210331,
                    "best": {
                        "s": 3,
                        "ROC AUC": 0.5951479412210331
                    }
                }
            },
            "5": {
                "Member size": 15340.0,
                "Nonmember size": 4600.0,
                "ROC AUC Individual": 0.558265160071628,
                "MIA": {
                    "1": 0.5682106957995771,
                    "3": 0.6013303253141546,
                    "5": 0.6169718317540915,
                    "best": {
                        "s": 5,
                        "ROC AUC": 0.6169718317540915
                    }
                }
            },
            "8": {
                "Member size": 9971.0,
                "Nonmember size": 2990.0,
                "ROC AUC Individual": 0.558265160071628,
                "MIA": {
                    "1": 0.5691937219944527,
                    "3": 0.6008850227081175,
                    "5": 0.6203666581323719,
                    "8": 0.6377945035410965,
                    "best": {
                        "s": 8,
                        "ROC AUC": 0.6377945035410965
                    }
                }
            },
            "10": {
                "Member size": 7670.0,
                "Nonmember size": 2300.0,
                "ROC AUC Individual": 0.558265160071628,
                "MIA": {
                    "1": 0.5675686700267026,
                    "3": 0.603019484386965,
                    "5": 0.6304805641281656,
                    "8": 0.6538298089634551,
                    "10": 0.6549749060670633,
                    "best": {
                        "s": 10,
                        "ROC AUC": 0.6549749060670633
                    }
                }
            },
            "30": {
                "Member size": 3068.0,
                "Nonmember size": 920.0,
                "ROC AUC Individual": 0.558265160071628,
                "MIA": {
                    "1": 0.5604340029202874,
                    "3": 0.5839575501808638,
                    "5": 0.5985290257123397,
                    "8": 0.6026751759564082,
                    "10": 0.6046351742536042,
                    "30": 0.7030728811272795,
                    "best": {
                        "s": 30,
                        "ROC AUC": 0.7030728811272795
                    }
                }
            },
            "50": {
                "Member size": 1534.0,
                "Nonmember size": 460.0,
                "ROC AUC Individual": 0.558265160071628,
                "MIA": {
                    "1": 0.5593999773255485,
                    "3": 0.5989307694489351,
                    "5": 0.6233298331252128,
                    "8": 0.6499957429901237,
                    "10": 0.6636905437620615,
                    "30": 0.7399534566920194,
                    "50": 0.7398667061484256,
                    "best": {
                        "s": 30,
                        "ROC AUC": 0.7399534566920194
                    }
                }
            },
            "80": {
                "Member size": 1534.0,
                "Nonmember size": 460.0,
                "ROC AUC Individual": 0.558265160071628,
                "MIA": {
                    "1": 0.5573578595317726,
                    "3": 0.5778950055305028,
                    "5": 0.5877199455102735,
                    "8": 0.5945070382563287,
                    "10": 0.5964075767472241,
                    "30": 0.6126515775423849,
                    "50": 0.6408313864037838,
                    "80": 0.7308230945402164,
                    "best": {
                        "s": 80,
                        "ROC AUC": 0.7308230945402164
                    }
                }
            },
            "100": {
                "Member size": 767.0,
                "Nonmember size": 230.0,
                "ROC AUC Individual": 0.558265160071628,
                "MIA": {
                    "1": 0.544379570319143,
                    "3": 0.586565387449691,
                    "5": 0.6157168804631628,
                    "8": 0.6411454194573731,
                    "10": 0.6529855829265524,
                    "30": 0.7353275059598138,
                    "50": 0.7708466819221967,
                    "80": 0.7888844393592677,
                    "100": 0.7702629329266883,
                    "best": {
                        "s": 80,
                        "ROC AUC": 0.7888844393592677
                    }
                }
            }
        },
        "min": {
            "1": {
                "Member size": 76700.0,
                "Nonmember size": 23000.0,
                "ROC AUC Individual": 0.558265160071628,
                "MIA": {
                    "1": 0.558265160071628,
                    "best": {
                        "s": 1,
                        "ROC AUC": 0.558265160071628
                    }
                }
            },
            "3": {
                "Member size": 26078.0,
                "Nonmember size": 7820.0,
                "ROC AUC Individual": 0.558265160071628,
                "MIA": {
                    "1": 0.58197953346193,
                    "3": 0.5951479412210331,
                    "best": {
                        "s": 3,
                        "ROC AUC": 0.5951479412210331
                    }
                }
            },
            "5": {
                "Member size": 15340.0,
                "Nonmember size": 4600.0,
                "ROC AUC Individual": 0.558265160071628,
                "MIA": {
                    "1": 0.5931280531889256,
                    "3": 0.6138023555569421,
                    "5": 0.6169718317540915,
                    "best": {
                        "s": 5,
                        "ROC AUC": 0.6169718317540915
                    }
                }
            },
            "8": {
                "Member size": 9971.0,
                "Nonmember size": 2990.0,
                "ROC AUC Individual": 0.558265160071628,
                "MIA": {
                    "1": 0.5939596782719452,
                    "3": 0.6166540378521996,
                    "5": 0.627702476769584,
                    "8": 0.6377945035410965,
                    "best": {
                        "s": 8,
                        "ROC AUC": 0.6377945035410965
                    }
                }
            },
            "10": {
                "Member size": 7670.0,
                "Nonmember size": 2300.0,
                "ROC AUC Individual": 0.558265160071628,
                "MIA": {
                    "1": 0.595681000533406,
                    "3": 0.6269669372232943,
                    "5": 0.6414601024171027,
                    "8": 0.6545352773769666,
                    "10": 0.6549749060670633,
                    "best": {
                        "s": 10,
                        "ROC AUC": 0.6549749060670633
                    }
                }
            },
            "30": {
                "Member size": 3068.0,
                "Nonmember size": 920.0,
                "ROC AUC Individual": 0.558265160071628,
                "MIA": {
                    "1": 0.5906464087494643,
                    "3": 0.6134410990811465,