{
    "average": {
        "max": {
            "1": {
                "Member size": 76800.0,
                "Nonmember size": 23000.0,
                "ROC AUC Individual": 0.45902348265189963,
                "MIA": {
                    "1": 0.45902348265189963,
                    "best": {
                        "s": 1,
                        "ROC AUC": 0.45902348265189963
                    }
                }
            },
            "3": {
                "Member size": 26112.0,
                "Nonmember size": 7820.0,
                "ROC AUC Individual": 0.45902348265189963,
                "MIA": {
                    "1": 0.45161707855009836,
                    "3": 0.4330888705204503,
                    "best": {
                        "s": 1,
                        "ROC AUC": 0.45161707855009836
                    }
                }
            },
            "5": {
                "Member size": 15360.0,
                "Nonmember size": 4600.0,
                "ROC AUC Individual": 0.45902348265189963,
                "MIA": {
                    "1": 0.44805539962804203,
                    "3": 0.4265234833599452,
                    "5": 0.4168594484402088,
                    "best": {
                        "s": 1,
                        "ROC AUC": 0.44805539962804203
                    }
                }
            },
            "8": {
                "Member size": 9984.0,
                "Nonmember size": 2990.0,
                "ROC AUC Individual": 0.45902348265189963,
                "MIA": {
                    "1": 0.44212406372681107,
                    "3": 0.4297497646842602,
                    "5": 0.41391987280175063,
                    "8": 0.40184294427767525,
                    "best": {
                        "s": 1,
                        "ROC AUC": 0.44212406372681107
                    }
                }
            },
            "10": {
                "Member size": 7680.0,
                "Nonmember size": 2300.0,
                "ROC AUC Individual": 0.45902348265189963,
                "MIA": {
                    "1": 0.43863508769940057,
                    "3": 0.4230164847759529,
                    "5": 0.4121536185416549,
                    "8": 0.39067937248416357,
                    "10": 0.3922866021383409,
                    "best": {
                        "s": 1,
                        "ROC AUC": 0.43863508769940057
                    }
                }
            },
            "30": {
                "Member size": 3072.0,
                "Nonmember size": 920.0,
                "ROC AUC Individual": 0.45902348265189963,
                "MIA": {
                    "1": 0.4274585921325052,
                    "3": 0.4200082675856662,
                    "5": 0.4211532287621066,
                    "8": 0.4240827545184559,
                    "10": 0.4267121062508282,
                    "30": 0.360590237266047,
                    "best": {
                        "s": 1,
                        "ROC AUC": 0.4274585921325052
                    }
                }
            },
            "50": {
                "Member size": 1536.0,
                "Nonmember size": 460.0,
                "ROC AUC Individual": 0.45902348265189963,
                "MIA": {
                    "1": 0.4081919060052219,
                    "3": 0.40289760472244296,
                    "5": 0.3976472925417187,
                    "8": 0.3909354069701442,
                    "10": 0.38702179589056646,
                    "30": 0.34533470003701494,
                    "50": 0.31443300534038504,
                    "best": {
                        "s": 1,
                        "ROC AUC": 0.4081919060052219
                    }
                }
            },
            "80": {
                "Member size": 1536.0,
                "Nonmember size": 460.0,
                "ROC AUC Individual": 0.45902348265189963,
                "MIA": {
                    "1": 0.4302108723995238,
                    "3": 0.4270507797233556,
                    "5": 0.42967851777951155,
                    "8": 0.4309484879662004,
                    "10": 0.43050764379583684,
                    "30": 0.4279243472303721,
                    "50": 0.4068181818181818,
                    "80": 0.32924054319729135,
                    "best": {
                        "s": 8,
                        "ROC AUC": 0.4309484879662004
                    }
                }
            },
            "100": {
                "Member size": 768.0,
                "Nonmember size": 230.0,
                "ROC AUC Individual": 0.45902348265189963,
                "MIA": {
                    "1": 0.4201384947213077,
                    "3": 0.3966852083096833,
                    "5": 0.3908729708252923,
                    "8": 0.38865932568963557,
                    "10": 0.3868600295152685,
                    "30": 0.3784313725490196,
                    "50": 0.34070246466368354,
                    "80": 0.2861632965246905,
                    "100": 0.28343669250646,
                    "best": {
                        "s": 1,
                        "ROC AUC": 0.4201384947213077
                    }
                }
            }
        },
        "min": {
            "1": {
                "Member size": 76800.0,
                "Nonmember size": 23000.0,
                "ROC AUC Individual": 0.45902348265189963,
                "MIA": {
                    "1": 0.45902348265189963,
                    "best": {
                        "s": 1,
                        "ROC AUC": 0.45902348265189963
                    }
                }
            },
            "3": {
                "Member size": 26112.0,
                "Nonmember size": 7820.0,
                "ROC AUC Individual": 0.45902348265189963,
                "MIA": {
                    "1": 0.44280171022365583,
                    "3": 0.4330888705204503,
                    "best": {
                        "s": 1,
                        "ROC AUC": 0.44280171022365583
                    }
                }
            },
            "5": {
                "Member size": 15360.0,
                "Nonmember size": 4600.0,
                "ROC AUC Individual": 0.45902348265189963,
                "MIA": {
                    "1": 0.4405860556329142,
                    "3": 0.42234600437246095,
                    "5": 0.4168594484402088,
                    "best": {
                        "s": 1,
                        "ROC AUC": 0.4405860556329142
                    }
                }
            },
            "8": {
                "Member size": 9984.0,
                "Nonmember size": 2990.0,
                "ROC AUC Individual": 0.45902348265189963,
                "MIA": {
                    "1": 0.4439433450241388,
                    "3": 0.4220940374982496,
                    "5": 0.41133559407394515,
                    "8": 0.40184294427767525,
                    "best": {
                        "s": 1,
                        "ROC AUC": 0.4439433450241388
                    }
                }
            },
            "10": {
                "Member size": 7680.0,
                "Nonmember size": 2300.0,
                "ROC AUC Individual": 0.45902348265189963,
                "MIA": {
                    "1": 0.4484694843769335,
                    "3": 0.4197275248522444,
                    "5": 0.4038435810838624,
                    "8": 0.39526747486409775,
                    "10": 0.3922866021383409,
                    "best": {
                        "s": 1,
                        "ROC AUC": 0.4484694843769335
                    }
                }
            },
            "30": {
                "Member size": 3072.0,
                "Nonmember size": 920.0,
                "ROC AUC Individual": 0.45902348265189963,