{
    "average": {
        "max": {
            "1": {
                "Member size": 76700.0,
                "Nonmember size": 23000.0,
                "ROC AUC Individual": 0.5908917337479778,
                "MIA": {
                    "1": 0.5908917337479778,
                    "best": {
                        "s": 1,
                        "ROC AUC": 0.5908917337479778
                    }
                }
            },
            "3": {
                "Member size": 26078.0,
                "Nonmember size": 7820.0,
                "ROC AUC Individual": 0.5908917337479778,
                "MIA": {
                    "1": 0.627712924796414,
                    "3": 0.6349878771426488,
                    "best": {
                        "s": 3,
                        "ROC AUC": 0.6349878771426488
                    }
                }
            },
            "5": {
                "Member size": 15340.0,
                "Nonmember size": 4600.0,
                "ROC AUC Individual": 0.5908917337479778,
                "MIA": {
                    "1": 0.6428757861201204,
                    "3": 0.6806610736712346,
                    "5": 0.6656753062080238,
                    "best": {
                        "s": 3,
                        "ROC AUC": 0.6806610736712346
                    }
                }
            },
            "8": {
                "Member size": 9971.0,
                "Nonmember size": 2990.0,
                "ROC AUC Individual": 0.5908917337479778,
                "MIA": {
                    "1": 0.6423254863854342,
                    "3": 0.6841510354339254,
                    "5": 0.7035696561193745,
                    "8": 0.6931564498206946,
                    "best": {
                        "s": 5,
                        "ROC AUC": 0.7035696561193745
                    }
                }
            },
            "10": {
                "Member size": 7670.0,
                "Nonmember size": 2300.0,
                "ROC AUC Individual": 0.5908917337479778,
                "MIA": {
                    "1": 0.6458288230563487,
                    "3": 0.6953370735948453,
                    "5": 0.7251239056785252,
                    "8": 0.7401388391163576,
                    "10": 0.7137910742029735,
                    "best": {
                        "s": 8,
                        "ROC AUC": 0.7401388391163576
                    }
                }
            },
            "30": {
                "Member size": 3068.0,
                "Nonmember size": 920.0,
                "ROC AUC Individual": 0.5908917337479778,
                "MIA": {
                    "1": 0.6259778001445968,
                    "3": 0.6637063906097164,
                    "5": 0.6832198650430246,
                    "8": 0.6923150826739273,
                    "10": 0.6856631676005391,
                    "30": 0.7769919587325758,
                    "best": {
                        "s": 30,
                        "ROC AUC": 0.7769919587325758
                    }
                }
            },
            "50": {
                "Member size": 1534.0,
                "Nonmember size": 460.0,
                "ROC AUC Individual": 0.5908917337479778,
                "MIA": {
                    "1": 0.6187071311150162,
                    "3": 0.683069270449521,
                    "5": 0.7235077376565954,
                    "8": 0.7645513292897228,
                    "10": 0.7857292670483533,
                    "30": 0.8860622980556658,
                    "50": 0.8447994941757253,
                    "best": {
                        "s": 30,
                        "ROC AUC": 0.8860622980556658
                    }
                }
            },
            "80": {
                "Member size": 1534.0,
                "Nonmember size": 460.0,
                "ROC AUC Individual": 0.5908917337479778,
                "MIA": {
                    "1": 0.6032268578878749,
                    "3": 0.6413100164389773,
                    "5": 0.6602502692591123,
                    "8": 0.6692832039000057,
                    "10": 0.670978119154243,
                    "30": 0.6678022009270055,
                    "50": 0.7076030047803323,
                    "80": 0.8171493883903601,
                    "best": {
                        "s": 80,
                        "ROC AUC": 0.8171493883903601
                    }
                }
            },
            "100": {
                "Member size": 767.0,
                "Nonmember size": 230.0,
                "ROC AUC Individual": 0.5908917337479778,
                "MIA": {
                    "1": 0.5850235247434952,
                    "3": 0.649640043081458,
                    "5": 0.6949435973017404,
                    "8": 0.7412108157133949,
                    "10": 0.7647752394988946,
                    "30": 0.878986452015192,
                    "50": 0.9243485458229872,
                    "80": 0.9342866112966293,
                    "100": 0.891112728448973,
                    "best": {
                        "s": 80,
                        "ROC AUC": 0.9342866112966293
                    }
                }
            }
        },
        "min": {
            "1": {
                "Member size": 76700.0,
                "Nonmember size": 23000.0,
                "ROC AUC Individual": 0.5908917337479778,
                "MIA": {
                    "1": 0.5908917337479778,
                    "best": {
                        "s": 1,
                        "ROC AUC": 0.5908917337479778
                    }
                }
            },
            "3": {
                "Member size": 26078.0,
                "Nonmember size": 7820.0,
                "ROC AUC Individual": 0.5908917337479778,
                "MIA": {
                    "1": 0.5986190092027472,
                    "3": 0.6349878771426488,
                    "best": {
                        "s": 3,
                        "ROC AUC": 0.6349878771426488
                    }
                }
            },
            "5": {
                "Member size": 15340.0,
                "Nonmember size": 4600.0,
                "ROC AUC Individual": 0.5908917337479778,
                "MIA": {
                    "1": 0.5996251669192297,
                    "3": 0.6394973808251849,
                    "5": 0.6656753062080238,
                    "best": {
                        "s": 5,
                        "ROC AUC": 0.6656753062080238
                    }
                }
            },
            "8": {
                "Member size": 9971.0,
                "Nonmember size": 2990.0,
                "ROC AUC Individual": 0.5908917337479778,
                "MIA": {
                    "1": 0.5995768063153262,
                    "3": 0.6360160864128497,
                    "5": 0.6613970884008123,
                    "8": 0.6931564498206946,
                    "best": {
                        "s": 8,
                        "ROC AUC": 0.6931564498206946
                    }
                }
            },
            "10": {
                "Member size": 7670.0,
                "Nonmember size": 2300.0,
                "ROC AUC Individual": 0.5908917337479778,
                "MIA": {
                    "1": 0.6005518625766236,
                    "3": 0.6378206951395458,
                    "5": 0.6651606153822398,
                    "8": 0.6986787023987044,
                    "10": 0.7137910742029735,
                    "best": {
                        "s": 10,
                        "ROC AUC": 0.7137910742029735
                    }
                }
            },
            "30": {
                "Member size": 3068.0,
                "Nonmember size": 920.0,
                "ROC AUC Individual": 0.5908917337479778,
                "MIA": {
                    "1": 0.5970864314905211,