{
    "average": {
        "max": {
            "1": {
                "Member size": 76700.0,
                "Nonmember size": 23000.0,
                "ROC AUC Individual": 0.5419598714404259,
                "MIA": {
                    "1": 0.5419598714404259,
                    "best": {
                        "s": 1,
                        "ROC AUC": 0.5419598714404259
                    }
                }
            },
            "3": {
                "Member size": 26078.0,
                "Nonmember size": 7820.0,
                "ROC AUC Individual": 0.5419598714404259,
                "MIA": {
                    "1": 0.5400769617447213,
                    "3": 0.5662404346649226,
                    "best": {
                        "s": 3,
                        "ROC AUC": 0.5662404346649226
                    }
                }
            },
            "5": {
                "Member size": 15340.0,
                "Nonmember size": 4600.0,
                "ROC AUC Individual": 0.5419598714404259,
                "MIA": {
                    "1": 0.5369453374838402,
                    "3": 0.5576172449873674,
                    "5": 0.5818347568687376,
                    "best": {
                        "s": 5,
                        "ROC AUC": 0.5818347568687376
                    }
                }
            },
            "8": {
                "Member size": 9971.0,
                "Nonmember size": 2990.0,
                "ROC AUC Individual": 0.5419598714404259,
                "MIA": {
                    "1": 0.5246849578836845,
                    "3": 0.5461520005986309,
                    "5": 0.5609109895430842,
                    "8": 0.5910353021319134,
                    "best": {
                        "s": 8,
                        "ROC AUC": 0.5910353021319134
                    }
                }
            },
            "10": {
                "Member size": 7670.0,
                "Nonmember size": 2300.0,
                "ROC AUC Individual": 0.5419598714404259,
                "MIA": {
                    "1": 0.5139716722233562,
                    "3": 0.5404361156016904,
                    "5": 0.5571042003460109,
                    "8": 0.5791145626297699,
                    "10": 0.5996401871167838,
                    "best": {
                        "s": 10,
                        "ROC AUC": 0.5996401871167838
                    }
                }
            },
            "30": {
                "Member size": 3068.0,
                "Nonmember size": 920.0,
                "ROC AUC Individual": 0.5419598714404259,
                "MIA": {
                    "1": 0.4893054532056006,
                    "3": 0.5074531630859929,
                    "5": 0.520975993424409,
                    "8": 0.5351069495095567,
                    "10": 0.5405156204416866,
                    "30": 0.624801246394671,
                    "best": {
                        "s": 30,
                        "ROC AUC": 0.624801246394671
                    }
                }
            },
            "50": {
                "Member size": 1534.0,
                "Nonmember size": 460.0,
                "ROC AUC Individual": 0.5419598714404259,
                "MIA": {
                    "1": 0.46644464599512503,
                    "3": 0.47112550308939405,
                    "5": 0.49071159136674325,
                    "8": 0.5159874074704331,
                    "10": 0.5281871295272129,
                    "30": 0.5925763634816643,
                    "50": 0.6401280582270116,
                    "best": {
                        "s": 50,
                        "ROC AUC": 0.6401280582270116
                    }
                }
            },
            "80": {
                "Member size": 1534.0,
                "Nonmember size": 460.0,
                "ROC AUC Individual": 0.5419598714404259,
                "MIA": {
                    "1": 0.48638186610736345,
                    "3": 0.49342575774775793,
                    "5": 0.5052176751050063,
                    "8": 0.5187010443864231,
                    "10": 0.5251333863094563,
                    "30": 0.5538898649351465,
                    "50": 0.5807691045566156,
                    "80": 0.6374945104619508,
                    "best": {
                        "s": 80,
                        "ROC AUC": 0.6374945104619508
                    }
                }
            },
            "100": {
                "Member size": 767.0,
                "Nonmember size": 230.0,
                "ROC AUC Individual": 0.5419598714404259,
                "MIA": {
                    "1": 0.4549486990533416,
                    "3": 0.4518224590442719,
                    "5": 0.45768380477297205,
                    "8": 0.47564197040984074,
                    "10": 0.48998356102261775,
                    "30": 0.568748937135083,
                    "50": 0.6009573195053849,
                    "80": 0.6241698048613489,
                    "100": 0.652561170028419,
                    "best": {
                        "s": 100,
                        "ROC AUC": 0.652561170028419
                    }
                }
            }
        },
        "min": {
            "1": {
                "Member size": 76700.0,
                "Nonmember size": 23000.0,
                "ROC AUC Individual": 0.5419598714404259,
                "MIA": {
                    "1": 0.5419598714404259,
                    "best": {
                        "s": 1,
                        "ROC AUC": 0.5419598714404259
                    }
                }
            },
            "3": {
                "Member size": 26078.0,
                "Nonmember size": 7820.0,
                "ROC AUC Individual": 0.5419598714404259,
                "MIA": {
                    "1": 0.5715569513477992,
                    "3": 0.5662404346649226,
                    "best": {
                        "s": 1,
                        "ROC AUC": 0.5715569513477992
                    }
                }
            },
            "5": {
                "Member size": 15340.0,
                "Nonmember size": 4600.0,
                "ROC AUC Individual": 0.5419598714404259,
                "MIA": {
                    "1": 0.5925399072805624,
                    "3": 0.5935379488173538,
                    "5": 0.5818347568687376,
                    "best": {
                        "s": 3,
                        "ROC AUC": 0.5935379488173538
                    }
                }
            },
            "8": {
                "Member size": 9971.0,
                "Nonmember size": 2990.0,
                "ROC AUC Individual": 0.5419598714404259,
                "MIA": {
                    "1": 0.6092974206184757,
                    "3": 0.60708155023885,
                    "5": 0.6051538838553382,
                    "8": 0.5910353021319134,
                    "best": {
                        "s": 1,
                        "ROC AUC": 0.6092974206184757
                    }
                }
            },
            "10": {
                "Member size": 7670.0,
                "Nonmember size": 2300.0,
                "ROC AUC Individual": 0.5419598714404259,
                "MIA": {
                    "1": 0.6197076358878009,
                    "3": 0.6229796965690377,
                    "5": 0.6200685768895848,
                    "8": 0.6190956392168148,
                    "10": 0.5996401871167838,
                    "best": {
                        "s": 3,
                        "ROC AUC": 0.6229796965690377
                    }
                }
            },
            "30": {
                "Member size": 3068.0,
                "Nonmember size": 920.0,
                "ROC AUC Individual": 0.5419598714404259,
                "MIA": {
                    "1": 0.6391359620450205,