{
    "average": {
        "max": {
            "1": {
                "Member size": 76700.0,
                "Nonmember size": 23000.0,
                "ROC AUC Individual": 0.5378634341351037,
                "MIA": {
                    "1": 0.5378634341351037,
                    "best": {
                        "s": 1,
                        "ROC AUC": 0.5378634341351037
                    }
                }
            },
            "3": {
                "Member size": 26078.0,
                "Nonmember size": 7820.0,
                "ROC AUC Individual": 0.5378634341351037,
                "MIA": {
                    "1": 0.5479383933322381,
                    "3": 0.5576320949046505,
                    "best": {
                        "s": 3,
                        "ROC AUC": 0.5576320949046505
                    }
                }
            },
            "5": {
                "Member size": 15340.0,
                "Nonmember size": 4600.0,
                "ROC AUC Individual": 0.5378634341351037,
                "MIA": {
                    "1": 0.5522839677167871,
                    "3": 0.5666548205609938,
                    "5": 0.5725428572364767,
                    "best": {
                        "s": 5,
                        "ROC AUC": 0.5725428572364767
                    }
                }
            },
            "8": {
                "Member size": 9971.0,
                "Nonmember size": 2990.0,
                "ROC AUC Individual": 0.5378634341351037,
                "MIA": {
                    "1": 0.5489068801195708,
                    "3": 0.571293971176869,
                    "5": 0.5745803794662856,
                    "8": 0.5820421700183135,
                    "best": {
                        "s": 8,
                        "ROC AUC": 0.5820421700183135
                    }
                }
            },
            "10": {
                "Member size": 7670.0,
                "Nonmember size": 2300.0,
                "ROC AUC Individual": 0.5378634341351037,
                "MIA": {
                    "1": 0.5490015586723204,
                    "3": 0.573751586053022,
                    "5": 0.5828737725891563,
                    "8": 0.5820779903284894,
                    "10": 0.588974548616737,
                    "best": {
                        "s": 10,
                        "ROC AUC": 0.588974548616737
                    }
                }
            },
            "30": {
                "Member size": 3068.0,
                "Nonmember size": 920.0,
                "ROC AUC Individual": 0.5378634341351037,
                "MIA": {
                    "1": 0.5213670064217972,
                    "3": 0.5454411264371075,
                    "5": 0.5607899756090644,
                    "8": 0.5692216880796392,
                    "10": 0.5701358252358323,
                    "30": 0.5988724214533938,
                    "best": {
                        "s": 30,
                        "ROC AUC": 0.5988724214533938
                    }
                }
            },
            "50": {
                "Member size": 1534.0,
                "Nonmember size": 460.0,
                "ROC AUC Individual": 0.5378634341351037,
                "MIA": {
                    "1": 0.4970891672807664,
                    "3": 0.5248710390567428,
                    "5": 0.5480287398673545,
                    "8": 0.5768380477297206,
                    "10": 0.5934796780227878,
                    "30": 0.6192307692307691,
                    "50": 0.6020252997967261,
                    "best": {
                        "s": 30,
                        "ROC AUC": 0.6192307692307691
                    }
                }
            },
            "80": {
                "Member size": 1534.0,
                "Nonmember size": 460.0,
                "ROC AUC Individual": 0.5378634341351037,
                "MIA": {
                    "1": 0.4984134969672921,
                    "3": 0.5195127827220678,
                    "5": 0.534779774389207,
                    "8": 0.5440224477070461,
                    "10": 0.5465265574513917,
                    "30": 0.5624861375721557,
                    "50": 0.5773112952364683,
                    "80": 0.6039106968387413,
                    "best": {
                        "s": 80,
                        "ROC AUC": 0.6039106968387413
                    }
                }
            },
            "100": {
                "Member size": 767.0,
                "Nonmember size": 230.0,
                "ROC AUC Individual": 0.5378634341351037,
                "MIA": {
                    "1": 0.4544243523609773,
                    "3": 0.4746159514766736,
                    "5": 0.49597528484779774,
                    "8": 0.5255087580069157,
                    "10": 0.5414715719063545,
                    "30": 0.6327929255711127,
                    "50": 0.6356550156294402,
                    "80": 0.5980107985223074,
                    "100": 0.6024756821700052,
                    "best": {
                        "s": 50,
                        "ROC AUC": 0.6356550156294402
                    }
                }
            }
        },
        "min": {
            "1": {
                "Member size": 76700.0,
                "Nonmember size": 23000.0,
                "ROC AUC Individual": 0.5378634341351037,
                "MIA": {
                    "1": 0.5378634341351037,
                    "best": {
                        "s": 1,
                        "ROC AUC": 0.5378634341351037
                    }
                }
            },
            "3": {
                "Member size": 26078.0,
                "Nonmember size": 7820.0,
                "ROC AUC Individual": 0.5378634341351037,
                "MIA": {
                    "1": 0.5510576244504221,
                    "3": 0.5576320949046505,
                    "best": {
                        "s": 3,
                        "ROC AUC": 0.5576320949046505
                    }
                }
            },
            "5": {
                "Member size": 15340.0,
                "Nonmember size": 4600.0,
                "ROC AUC Individual": 0.5378634341351037,
                "MIA": {
                    "1": 0.5633066983487501,
                    "3": 0.5678356166652387,
                    "5": 0.5725428572364767,
                    "best": {
                        "s": 5,
                        "ROC AUC": 0.5725428572364767
                    }
                }
            },
            "8": {
                "Member size": 9971.0,
                "Nonmember size": 2990.0,
                "ROC AUC Individual": 0.5378634341351037,
                "MIA": {
                    "1": 0.5743609649548428,
                    "3": 0.5744923055384378,
                    "5": 0.5765428006531106,
                    "8": 0.5820421700183135,
                    "best": {
                        "s": 8,
                        "ROC AUC": 0.5820421700183135
                    }
                }
            },
            "10": {
                "Member size": 7670.0,
                "Nonmember size": 2300.0,
                "ROC AUC Individual": 0.5378634341351037,
                "MIA": {
                    "1": 0.5833982405856023,
                    "3": 0.5834178733372546,
                    "5": 0.5828225968862475,
                    "8": 0.5875209677950568,
                    "10": 0.588974548616737,
                    "best": {
                        "s": 10,
                        "ROC AUC": 0.588974548616737
                    }
                }
            },
            "30": {
                "Member size": 3068.0,
                "Nonmember size": 920.0,
                "ROC AUC Individual": 0.5378634341351037,
                "MIA": {
                    "1": 0.6023454460572258,