{
    "average": {
        "max": {
            "1": {
                "Member size": 767.0,
                "Nonmember size": 230.0,
                "ROC AUC Individual": 0.5992489087920185,
                "MIA": {
                    "1": 0.5992489087920185,
                    "best": {
                        "s": 1,
                        "ROC AUC": 0.5992489087920185
                    }
                }
            },
            "3": {
                "Member size": 767.0,
                "Nonmember size": 230.0,
                "ROC AUC Individual": 0.589482824920728,
                "MIA": {
                    "1": 0.6313332577518281,
                    "3": 0.6343393009377664,
                    "best": {
                        "s": 3,
                        "ROC AUC": 0.6343393009377664
                    }
                }
            },
            "5": {
                "Member size": 767.0,
                "Nonmember size": 230.0,
                "ROC AUC Individual": 0.5953071389670509,
                "MIA": {
                    "1": 0.6632560512442606,
                    "3": 0.698380221653879,
                    "5": 0.6799396767584793,
                    "best": {
                        "s": 3,
                        "ROC AUC": 0.698380221653879
                    }
                }
            },
            "8": {
                "Member size": 767.0,
                "Nonmember size": 230.0,
                "ROC AUC Individual": 0.5865443271964214,
                "MIA": {
                    "1": 0.6559038603253784,
                    "3": 0.6967206592782039,
                    "5": 0.7091616936629724,
                    "8": 0.6916002731618485,
                    "best": {
                        "s": 5,
                        "ROC AUC": 0.7091616936629724
                    }
                }
            },
            "10": {
                "Member size": 767.0,
                "Nonmember size": 230.0,
                "ROC AUC Individual": 0.5860173754260213,
                "MIA": {
                    "1": 0.6474576271186441,
                    "3": 0.6951861324239841,
                    "5": 0.7199658994032396,
                    "8": 0.7298039215686275,
                    "10": 0.7134589119053039,
                    "best": {
                        "s": 8,
                        "ROC AUC": 0.7298039215686275
                    }
                }
            },
            "30": {
                "Member size": 767.0,
                "Nonmember size": 230.0,
                "ROC AUC Individual": 0.5862070025733753,
                "MIA": {
                    "1": 0.6137067059690493,
                    "3": 0.6745552713839159,
                    "5": 0.7086501847115658,
                    "8": 0.7437283319124751,
                    "10": 0.762205171923842,
                    "30": 0.8044206104379975,
                    "best": {
                        "s": 30,
                        "ROC AUC": 0.8044206104379975
                    }
                }
            },
            "50": {
                "Member size": 767.0,
                "Nonmember size": 230.0,
                "ROC AUC Individual": 0.5839514665702434,
                "MIA": {
                    "1": 0.5557338019386656,
                    "3": 0.6210287013356067,
                    "5": 0.663154305200341,
                    "8": 0.7069281045751634,
                    "10": 0.7304063654447286,
                    "30": 0.8500767263427109,
                    "50": 0.8389852907377614,
                    "best": {
                        "s": 30,
                        "ROC AUC": 0.8500767263427109
                    }
                }
            },
            "80": {
                "Member size": 767.0,
                "Nonmember size": 230.0,
                "ROC AUC Individual": 0.5801995541818584,
                "MIA": {
                    "1": 0.5371407516580692,
                    "3": 0.6028513122838841,
                    "5": 0.6491315699852425,
                    "8": 0.696407083664434,
                    "10": 0.7189465319559541,
                    "30": 0.8351122477976699,
                    "50": 0.8793935926773455,
                    "80": 0.858519898703801,
                    "best": {
                        "s": 50,
                        "ROC AUC": 0.8793935926773455
                    }
                }
            },
            "100": {
                "Member size": 767.0,
                "Nonmember size": 230.0,
                "ROC AUC Individual": 0.5804683739797909,
                "MIA": {
                    "1": 0.5343858057933224,
                    "3": 0.595272376849385,
                    "5": 0.643733681462141,
                    "8": 0.694380746963333,
                    "10": 0.7179475536383245,
                    "30": 0.8349872122762148,
                    "50": 0.8841247139588101,
                    "80": 0.9085638998682477,
                    "100": 0.8695097155795846,
                    "best": {
                        "s": 80,
                        "ROC AUC": 0.9085638998682477
                    }
                }
            }
        },
        "min": {
            "1": {
                "Member size": 767.0,
                "Nonmember size": 230.0,
                "ROC AUC Individual": 0.5992489087920185,
                "MIA": {
                    "1": 0.5992489087920185,
                    "best": {
                        "s": 1,
                        "ROC AUC": 0.5992489087920185
                    }
                }
            },
            "3": {
                "Member size": 767.0,
                "Nonmember size": 230.0,
                "ROC AUC Individual": 0.589482824920728,
                "MIA": {
                    "1": 0.599852616064849,
                    "3": 0.6343393009377664,
                    "best": {
                        "s": 3,
                        "ROC AUC": 0.6343393009377664
                    }
                }
            },
            "5": {
                "Member size": 767.0,
                "Nonmember size": 230.0,
                "ROC AUC Individual": 0.5953071389670509,
                "MIA": {
                    "1": 0.6029250042514598,
                    "3": 0.6401250355214549,
                    "5": 0.6799396767584793,
                    "best": {
                        "s": 5,
                        "ROC AUC": 0.6799396767584793
                    }
                }
            },
            "8": {
                "Member size": 767.0,
                "Nonmember size": 230.0,
                "ROC AUC Individual": 0.5865443271964214,
                "MIA": {
                    "1": 0.5767680781019412,
                    "3": 0.6239358069656271,
                    "5": 0.6515649897564307,
                    "8": 0.6916002731618485,
                    "best": {
                        "s": 8,
                        "ROC AUC": 0.6916002731618485
                    }
                }
            },
            "10": {
                "Member size": 767.0,
                "Nonmember size": 230.0,
                "ROC AUC Individual": 0.5860173754260213,
                "MIA": {
                    "1": 0.5878033532253482,
                    "3": 0.6321249715456407,
                    "5": 0.6549624402458457,
                    "8": 0.6931880264056454,
                    "10": 0.7134589119053039,
                    "best": {
                        "s": 10,
                        "ROC AUC": 0.7134589119053039
                    }
                }
            },
            "30": {
                "Member size": 767.0,
                "Nonmember size": 230.0,
                "ROC AUC Individual": 0.5862070025733753,
                "MIA": {
                    "1": 0.5892285298398836,
                    "3": 0.6293125128603764,