{
    "average": {
        "max": {
            "1": {
                "Member size": 786.0,
                "Nonmember size": 10.0,
                "ROC AUC Individual": 0.5695928753180661,
                "MIA": {
                    "1": 1.0,
                    "best": {
                        "s": 1,
                        "ROC AUC": 1.0
                    }
                }
            },
            "3": {
                "Member size": 786.0,
                "Nonmember size": 10.0,
                "ROC AUC Individual": 0.6604042974271982,
                "MIA": {
                    "1": 1.0,
                    "3": 1.0,
                    "best": {
                        "s": 1,
                        "ROC AUC": 1.0
                    }
                }
            },
            "5": {
                "Member size": 786.0,
                "Nonmember size": 10.0,
                "ROC AUC Individual": 0.6409720101781171,
                "MIA": {
                    "1": 1.0,
                    "3": 1.0,
                    "5": 1.0,
                    "best": {
                        "s": 1,
                        "ROC AUC": 1.0
                    }
                }
            },
            "8": {
                "Member size": 786.0,
                "Nonmember size": 10.0,
                "ROC AUC Individual": 0.640618042302799,
                "MIA": {
                    "1": 1.0,
                    "3": 1.0,
                    "5": 1.0,
                    "8": 1.0,
                    "best": {
                        "s": 1,
                        "ROC AUC": 1.0
                    }
                }
            },
            "10": {
                "Member size": 786.0,
                "Nonmember size": 10.0,
                "ROC AUC Individual": 0.6318187022900763,
                "MIA": {
                    "1": 1.0,
                    "3": 1.0,
                    "5": 1.0,
                    "8": 1.0,
                    "10": 1.0,
                    "best": {
                        "s": 1,
                        "ROC AUC": 1.0
                    }
                }
            },
            "30": {
                "Member size": 786.0,
                "Nonmember size": 10.0,
                "ROC AUC Individual": 0.6341172603901611,
                "MIA": {
                    "1": 1.0,
                    "3": 1.0,
                    "5": 1.0,
                    "8": 1.0,
                    "10": 1.0,
                    "30": 1.0,
                    "best": {
                        "s": 1,
                        "ROC AUC": 1.0
                    }
                }
            },
            "50": {
                "Member size": 786.0,
                "Nonmember size": 10.0,
                "ROC AUC Individual": 0.6418170229007634,
                "MIA": {
                    "1": 1.0,
                    "3": 1.0,
                    "5": 1.0,
                    "8": 1.0,
                    "10": 1.0,
                    "30": 1.0,
                    "50": 1.0,
                    "best": {
                        "s": 1,
                        "ROC AUC": 1.0
                    }
                }
            },
            "80": {
                "Member size": 786.0,
                "Nonmember size": 10.0,
                "ROC AUC Individual": 0.6413084943543257,
                "MIA": {
                    "1": 1.0,
                    "3": 1.0,
                    "5": 1.0,
                    "8": 1.0,
                    "10": 1.0,
                    "30": 1.0,
                    "50": 1.0,
                    "80": 1.0,
                    "best": {
                        "s": 1,
                        "ROC AUC": 1.0
                    }
                }
            },
            "100": {
                "Member size": 786.0,
                "Nonmember size": 10.0,
                "ROC AUC Individual": 0.6379603053435114,
                "MIA": {
                    "1": 1.0,
                    "3": 1.0,
                    "5": 1.0,
                    "8": 1.0,
                    "10": 1.0,
                    "30": 1.0,
                    "50": 1.0,
                    "80": 1.0,
                    "100": 1.0,
                    "best": {
                        "s": 1,
                        "ROC AUC": 1.0
                    }
                }
            }
        },
        "min": {
            "1": {
                "Member size": 786.0,
                "Nonmember size": 10.0,
                "ROC AUC Individual": 0.5695928753180661,
                "MIA": {
                    "1": 1.0,
                    "best": {
                        "s": 1,
                        "ROC AUC": 1.0
                    }
                }
            },
            "3": {
                "Member size": 786.0,
                "Nonmember size": 10.0,
                "ROC AUC Individual": 0.6604042974271982,
                "MIA": {
                    "1": 1.0,
                    "3": 1.0,
                    "best": {
                        "s": 1,
                        "ROC AUC": 1.0
                    }
                }
            },
            "5": {
                "Member size": 786.0,
                "Nonmember size": 10.0,
                "ROC AUC Individual": 0.6409720101781171,
                "MIA": {
                    "1": 1.0,
                    "3": 1.0,
                    "5": 1.0,
                    "best": {
                        "s": 1,
                        "ROC AUC": 1.0
                    }
                }
            },
            "8": {
                "Member size": 786.0,
                "Nonmember size": 10.0,
                "ROC AUC Individual": 0.640618042302799,
                "MIA": {
                    "1": 1.0,
                    "3": 1.0,
                    "5": 1.0,
                    "8": 1.0,
                    "best": {
                        "s": 1,
                        "ROC AUC": 1.0
                    }
                }
            },
            "10": {
                "Member size": 786.0,
                "Nonmember size": 10.0,
                "ROC AUC Individual": 0.6318187022900763,
                "MIA": {
                    "1": 1.0,
                    "3": 1.0,
                    "5": 1.0,
                    "8": 1.0,
                    "10": 1.0,
                    "best": {
                        "s": 1,
                        "ROC AUC": 1.0
                    }
                }
            },
            "30": {
                "Member size": 786.0,
                "Nonmember size": 10.0,
                "ROC AUC Individual": 0.6341172603901611,
                "MIA": {
                    "1": 1.0,
                    "3": 1.0,
                    "5": 1.0,
                    "8": 1.0,
                    "10": 1.0,
                    "30": 1.0,
                    "best": {
                        "s": 1,
                        "ROC AUC": 1.0
                    }
                }
            },
            "50": {
                "Member size": 786.0,
                "Nonmember size": 10.0,
                "ROC AUC Individual": 0.6418170229007634,
                "MIA": {
                    "1": 1.0,
                    "3": 1.0,
                    "5": 1.0,
                    "8": 1.0,
                    "10": 1.0,
                    "30": 1.0,
                    "50": 1.0,
                    "best": {
                        "s": 1,
                        "ROC AUC": 1.0
                    }
                }
            },
            "80": {
                "Member size": 786.0,
                "Nonmember size": 10.0,
                "ROC AUC Individual": 0.6413084943543257,
                "MIA": {
                    "1": 1.0,
                    "3": 1.0,
                    "5": 1.0,
                    "8": 1.0,
                    "10": 1.0,