{
    "average": {
        "max": {
            "1": {
                "Member size": 929.0,
                "Nonmember size": 19.0,
                "ROC AUC Individual": 0.650728004079089,
                "MIA": {
                    "1": 0.650728004079089,
                    "best": {
                        "s": 1,
                        "ROC AUC": 0.650728004079089
                    }
                }
            },
            "3": {
                "Member size": 929.0,
                "Nonmember size": 19.0,
                "ROC AUC Individual": 0.6380249151763513,
                "MIA": {
                    "1": 0.620531414650728,
                    "3": 0.6500481559118464,
                    "best": {
                        "s": 3,
                        "ROC AUC": 0.6500481559118464
                    }
                }
            },
            "5": {
                "Member size": 929.0,
                "Nonmember size": 19.0,
                "ROC AUC Individual": 0.6266047249447624,
                "MIA": {
                    "1": 0.6085774177100447,
                    "3": 0.6229675372500142,
                    "5": 0.6422299019885559,
                    "best": {
                        "s": 5,
                        "ROC AUC": 0.6422299019885559
                    }
                }
            },
            "8": {
                "Member size": 929.0,
                "Nonmember size": 19.0,
                "ROC AUC Individual": 0.6408463047419409,
                "MIA": {
                    "1": 0.6393972012917115,
                    "3": 0.6367344626366778,
                    "5": 0.6399070874171436,
                    "8": 0.6569032915982098,
                    "best": {
                        "s": 8,
                        "ROC AUC": 0.6569032915982098
                    }
                }
            },
            "10": {
                "Member size": 929.0,
                "Nonmember size": 19.0,
                "ROC AUC Individual": 0.6446739561497932,
                "MIA": {
                    "1": 0.6488017676052349,
                    "3": 0.6490850376749192,
                    "5": 0.6465922610616963,
                    "8": 0.6493683077446036,
                    "10": 0.6638150812985101,
                    "best": {
                        "s": 10,
                        "ROC AUC": 0.6638150812985101
                    }
                }
            },
            "30": {
                "Member size": 929.0,
                "Nonmember size": 19.0,
                "ROC AUC Individual": 0.6337349788176938,
                "MIA": {
                    "1": 0.6438728683927255,
                    "3": 0.6425698260721773,
                    "5": 0.6430230581836723,
                    "8": 0.645175910713274,
                    "10": 0.6447793326157157,
                    "30": 0.6510112741487735,
                    "best": {
                        "s": 30,
                        "ROC AUC": 0.6510112741487735
                    }
                }
            }
        },
        "min": {
            "1": {
                "Member size": 929.0,
                "Nonmember size": 19.0,
                "ROC AUC Individual": 0.650728004079089,
                "MIA": {
                    "1": 0.650728004079089,
                    "best": {
                        "s": 1,
                        "ROC AUC": 0.650728004079089
                    }
                }
            },
            "3": {
                "Member size": 929.0,
                "Nonmember size": 19.0,
                "ROC AUC Individual": 0.6380249151763513,
                "MIA": {
                    "1": 0.6529375106226276,
                    "3": 0.6500481559118464,
                    "best": {
                        "s": 1,
                        "ROC AUC": 0.6529375106226276
                    }
                }
            },
            "5": {
                "Member size": 929.0,
                "Nonmember size": 19.0,
                "ROC AUC Individual": 0.6266047249447624,
                "MIA": {
                    "1": 0.6600192623647385,
                    "3": 0.6549204011104187,
                    "5": 0.6422299019885559,
                    "best": {
                        "s": 1,
                        "ROC AUC": 0.6600192623647385
                    }
                }
            },
            "8": {
                "Member size": 929.0,
                "Nonmember size": 19.0,
                "ROC AUC Individual": 0.6408463047419409,
                "MIA": {
                    "1": 0.6912922780579004,
                    "3": 0.6735029176817178,
                    "5": 0.6646082374936264,
                    "8": 0.6569032915982098,
                    "best": {
                        "s": 1,
                        "ROC AUC": 0.6912922780579004
                    }
                }
            },
            "10": {
                "Member size": 929.0,
                "Nonmember size": 19.0,
                "ROC AUC Individual": 0.6446739561497932,
                "MIA": {
                    "1": 0.7037561611240156,
                    "3": 0.6852869525805905,
                    "5": 0.676448926406436,
                    "8": 0.6650048155911846,
                    "10": 0.6638150812985101,
                    "best": {
                        "s": 1,
                        "ROC AUC": 0.7037561611240156
                    }
                }
            },
            "30": {
                "Member size": 929.0,
                "Nonmember size": 19.0,
                "ROC AUC Individual": 0.6337349788176938,
                "MIA": {
                    "1": 0.6931052065038807,
                    "3": 0.6948048269219874,
                    "5": 0.682907483995241,
                    "8": 0.6732196476120333,
                    "10": 0.6680074783298398,
                    "30": 0.6510112741487735,
                    "best": {
                        "s": 3,
                        "ROC AUC": 0.6948048269219874
                    }
                }
            }
        },
        "Total individual ROC AUC": 0.6472481337673406
    },
    "std": {
        "max": {
            "1": {
                "Member size": 0.0,
                "Nonmember size": 0.0,
                "ROC AUC Individual": 0.0,
                "MIA": {
                    "1": 0.0
                }
            },
            "3": {
                "Member size": 0.0,
                "Nonmember size": 0.0,
                "ROC AUC Individual": 0.0,
                "MIA": {
                    "1": 0.0,
                    "3": 0.0
                }
            },
            "5": {
                "Member size": 0.0,
                "Nonmember size": 0.0,
                "ROC AUC Individual": 0.0,
                "MIA": {
                    "1": 0.0,
                    "3": 0.0,
                    "5": 0.0
                }
            },
            "8": {
                "Member size": 0.0,
                "Nonmember size": 0.0,
                "ROC AUC Individual": 0.0,
                "MIA": {
                    "1": 0.0,
                    "3": 0.0,
                    "5": 0.0,
                    "8": 0.0
                }
            },
            "10": {
                "Member size": 0.0,
                "Nonmember size": 0.0,
                "ROC AUC Individual": 0.0,
                "MIA": {
                    "1": 0.0,
                    "3": 0.0,
                    "5": 0.0,
                    "8": 0.0,
                    "10": 0.0
                }
            },
            "30": {
                "Member size": 0.0,
                "Nonmember size": 0.0,
                "ROC AUC Individual": 0.0,
                "MIA": {
                    "1": 0.0,
                    "3": 0.0,
                    "5": 0.0,
                    "8": 0.0,