{
    "average": {
        "max": {
            "1": {
                "Member size": 76700.0,
                "Nonmember size": 23000.0,
                "ROC AUC Individual": 0.590733973126731,
                "MIA": {
                    "1": 0.590733973126731,
                    "best": {
                        "s": 1,
                        "ROC AUC": 0.590733973126731
                    }
                }
            },
            "3": {
                "Member size": 26078.0,
                "Nonmember size": 7820.0,
                "ROC AUC Individual": 0.590733973126731,
                "MIA": {
                    "1": 0.6324356577182683,
                    "3": 0.6345522136814763,
                    "best": {
                        "s": 3,
                        "ROC AUC": 0.6345522136814763
                    }
                }
            },
            "5": {
                "Member size": 15340.0,
                "Nonmember size": 4600.0,
                "ROC AUC Individual": 0.590733973126731,
                "MIA": {
                    "1": 0.652022328743048,
                    "3": 0.6873205348509467,
                    "5": 0.6664841652192157,
                    "best": {
                        "s": 3,
                        "ROC AUC": 0.6873205348509467
                    }
                }
            },
            "8": {
                "Member size": 9971.0,
                "Nonmember size": 2990.0,
                "ROC AUC Individual": 0.590733973126731,
                "MIA": {
                    "1": 0.6564070755022342,
                    "3": 0.6941451442615922,
                    "5": 0.7108035716083514,
                    "8": 0.6966106816022873,
                    "best": {
                        "s": 5,
                        "ROC AUC": 0.7108035716083514
                    }
                }
            },
            "10": {
                "Member size": 7670.0,
                "Nonmember size": 2300.0,
                "ROC AUC Individual": 0.590733973126731,
                "MIA": {
                    "1": 0.6658864315397394,
                    "3": 0.7094679783119138,
                    "5": 0.736506136205028,
                    "8": 0.7499122602906874,
                    "10": 0.7211340546060746,
                    "best": {
                        "s": 8,
                        "ROC AUC": 0.7499122602906874
                    }
                }
            },
            "30": {
                "Member size": 3068.0,
                "Nonmember size": 920.0,
                "ROC AUC Individual": 0.590733973126731,
                "MIA": {
                    "1": 0.6569824640988928,
                    "3": 0.6897150372954424,
                    "5": 0.7030973827931059,
                    "8": 0.7047884266091499,
                    "10": 0.6935989155275447,
                    "30": 0.7915549428468813,
                    "best": {
                        "s": 30,
                        "ROC AUC": 0.7915549428468813
                    }
                }
            },
            "50": {
                "Member size": 1534.0,
                "Nonmember size": 460.0,
                "ROC AUC Individual": 0.590733973126731,
                "MIA": {
                    "1": 0.6635536534210078,
                    "3": 0.7218595884587041,
                    "5": 0.7537337984628039,
                    "8": 0.7881434527354718,
                    "10": 0.8055568168918151,
                    "30": 0.8915286967881181,
                    "50": 0.8531121210430623,
                    "best": {
                        "s": 30,
                        "ROC AUC": 0.8915286967881181
                    }
                }
            },
            "80": {
                "Member size": 1534.0,
                "Nonmember size": 460.0,
                "ROC AUC Individual": 0.590733973126731,
                "MIA": {
                    "1": 0.6464528654838161,
                    "3": 0.6777351057196304,
                    "5": 0.6893530729742761,
                    "8": 0.6931930412078556,
                    "10": 0.691798483514611,
                    "30": 0.6739386189258313,
                    "50": 0.7186016098590302,
                    "80": 0.8256150785987408,
                    "best": {
                        "s": 80,
                        "ROC AUC": 0.8256150785987408
                    }
                }
            },
            "100": {
                "Member size": 767.0,
                "Nonmember size": 230.0,
                "ROC AUC Individual": 0.590733973126731,
                "MIA": {
                    "1": 0.6472819001190409,
                    "3": 0.7127373731647867,
                    "5": 0.7525144738335792,
                    "8": 0.7894028834146896,
                    "10": 0.805715745260529,
                    "30": 0.8889544783743899,
                    "50": 0.9255636167749774,
                    "80": 0.9376695012640772,
                    "100": 0.8983214343476352,
                    "best": {
                        "s": 80,
                        "ROC AUC": 0.9376695012640772
                    }
                }
            }
        },
        "min": {
            "1": {
                "Member size": 76700.0,
                "Nonmember size": 23000.0,
                "ROC AUC Individual": 0.590733973126731,
                "MIA": {
                    "1": 0.590733973126731,
                    "best": {
                        "s": 1,
                        "ROC AUC": 0.590733973126731
                    }
                }
            },
            "3": {
                "Member size": 26078.0,
                "Nonmember size": 7820.0,
                "ROC AUC Individual": 0.590733973126731,
                "MIA": {
                    "1": 0.592467757494689,
                    "3": 0.6345522136814763,
                    "best": {
                        "s": 3,
                        "ROC AUC": 0.6345522136814763
                    }
                }
            },
            "5": {
                "Member size": 15340.0,
                "Nonmember size": 4600.0,
                "ROC AUC Individual": 0.590733973126731,
                "MIA": {
                    "1": 0.590420122554649,
                    "3": 0.632631950608741,
                    "5": 0.6664841652192157,
                    "best": {
                        "s": 5,
                        "ROC AUC": 0.6664841652192157
                    }
                }
            },
            "8": {
                "Member size": 9971.0,
                "Nonmember size": 2990.0,
                "ROC AUC Individual": 0.590733973126731,
                "MIA": {
                    "1": 0.5911145172789265,
                    "3": 0.6265018018432421,
                    "5": 0.656063547500805,
                    "8": 0.6966106816022873,
                    "best": {
                        "s": 8,
                        "ROC AUC": 0.6966106816022873
                    }
                }
            },
            "10": {
                "Member size": 7670.0,
                "Nonmember size": 2300.0,
                "ROC AUC Individual": 0.590733973126731,
                "MIA": {
                    "1": 0.5912030006922928,
                    "3": 0.6291877101748178,
                    "5": 0.6598948173734943,
                    "8": 0.7000451952605062,
                    "10": 0.7211340546060746,
                    "best": {
                        "s": 10,
                        "ROC AUC": 0.7211340546060746
                    }
                }
            },
            "30": {
                "Member size": 3068.0,
                "Nonmember size": 920.0,
                "ROC AUC Individual": 0.590733973126731,
                "MIA": {
                    "1": 0.5988491466219862,
                    "3": 0.61558401908407,