{
    "average": {
        "max": {
            "1": {
                "Member size": 700.0,
                "Nonmember size": 1000.0,
                "ROC AUC Individual": 0.49320714285714284,
                "MIA": {
                    "1": 0.49320714285714284,
                    "best": {
                        "s": 1,
                        "ROC AUC": 0.49320714285714284
                    }
                }
            },
            "3": {
                "Member size": 238.0,
                "Nonmember size": 340.0,
                "ROC AUC Individual": 0.49320714285714284,
                "MIA": {
                    "1": 0.4094908551655957,
                    "3": 0.4839347503707366,
                    "best": {
                        "s": 3,
                        "ROC AUC": 0.4839347503707366
                    }
                }
            },
            "5": {
                "Member size": 140.0,
                "Nonmember size": 200.0,
                "ROC AUC Individual": 0.49320714285714284,
                "MIA": {
                    "1": 0.3623214285714286,
                    "3": 0.41260714285714284,
                    "5": 0.4690357142857142,
                    "best": {
                        "s": 5,
                        "ROC AUC": 0.4690357142857142
                    }
                }
            },
            "8": {
                "Member size": 91.0,
                "Nonmember size": 130.0,
                "ROC AUC Individual": 0.49320714285714284,
                "MIA": {
                    "1": 0.318596787827557,
                    "3": 0.37421808960270503,
                    "5": 0.4062552831783601,
                    "8": 0.46263736263736266,
                    "best": {
                        "s": 8,
                        "ROC AUC": 0.46263736263736266
                    }
                }
            },
            "10": {
                "Member size": 70.0,
                "Nonmember size": 100.0,
                "ROC AUC Individual": 0.49320714285714284,
                "MIA": {
                    "1": 0.2895714285714286,
                    "3": 0.33414285714285713,
                    "5": 0.382,
                    "8": 0.4237142857142857,
                    "10": 0.46642857142857136,
                    "best": {
                        "s": 10,
                        "ROC AUC": 0.46642857142857136
                    }
                }
            },
            "30": {
                "Member size": 28.0,
                "Nonmember size": 40.0,
                "ROC AUC Individual": 0.49320714285714284,
                "MIA": {
                    "1": 0.23125000000000004,
                    "3": 0.2714285714285714,
                    "5": 0.30178571428571427,
                    "8": 0.34017857142857144,
                    "10": 0.375,
                    "30": 0.46339285714285716,
                    "best": {
                        "s": 30,
                        "ROC AUC": 0.46339285714285716
                    }
                }
            },
            "50": {
                "Member size": 14.0,
                "Nonmember size": 20.0,
                "ROC AUC Individual": 0.49320714285714284,
                "MIA": {
                    "1": 0.18928571428571428,
                    "3": 0.17142857142857143,
                    "5": 0.20714285714285713,
                    "8": 0.21785714285714286,
                    "10": 0.2142857142857143,
                    "30": 0.3714285714285714,
                    "50": 0.45,
                    "best": {
                        "s": 50,
                        "ROC AUC": 0.45
                    }
                }
            },
            "80": {
                "Member size": 14.0,
                "Nonmember size": 20.0,
                "ROC AUC Individual": 0.49320714285714284,
                "MIA": {
                    "1": 0.2607142857142857,
                    "3": 0.28928571428571426,
                    "5": 0.3142857142857143,
                    "8": 0.35357142857142854,
                    "10": 0.35714285714285715,
                    "30": 0.42142857142857143,
                    "50": 0.4214285714285714,
                    "80": 0.44999999999999996,
                    "best": {
                        "s": 80,
                        "ROC AUC": 0.44999999999999996
                    }
                }
            },
            "100": {
                "Member size": 7.0,
                "Nonmember size": 10.0,
                "ROC AUC Individual": 0.49320714285714284,
                "MIA": {
                    "1": 0.18571428571428572,
                    "3": 0.14285714285714285,
                    "5": 0.15714285714285714,
                    "8": 0.1571428571428571,
                    "10": 0.1571428571428571,
                    "30": 0.24285714285714283,
                    "50": 0.3142857142857143,
                    "80": 0.4,
                    "100": 0.41428571428571426,
                    "best": {
                        "s": 100,
                        "ROC AUC": 0.41428571428571426
                    }
                }
            }
        },
        "min": {
            "1": {
                "Member size": 700.0,
                "Nonmember size": 1000.0,
                "ROC AUC Individual": 0.49320714285714284,
                "MIA": {
                    "1": 0.49320714285714284,
                    "best": {
                        "s": 1,
                        "ROC AUC": 0.49320714285714284
                    }
                }
            },
            "3": {
                "Member size": 238.0,
                "Nonmember size": 340.0,
                "ROC AUC Individual": 0.49320714285714284,
                "MIA": {
                    "1": 0.5594290657439447,
                    "3": 0.4839347503707366,
                    "best": {
                        "s": 1,
                        "ROC AUC": 0.5594290657439447
                    }
                }
            },
            "5": {
                "Member size": 140.0,
                "Nonmember size": 200.0,
                "ROC AUC Individual": 0.49320714285714284,
                "MIA": {
                    "1": 0.5816785714285715,
                    "3": 0.5355714285714286,
                    "5": 0.4690357142857142,
                    "best": {
                        "s": 1,
                        "ROC AUC": 0.5816785714285715
                    }
                }
            },
            "8": {
                "Member size": 91.0,
                "Nonmember size": 130.0,
                "ROC AUC Individual": 0.49320714285714284,
                "MIA": {
                    "1": 0.5819949281487743,
                    "3": 0.561876584953508,
                    "5": 0.5292476754015215,
                    "8": 0.46263736263736266,
                    "best": {
                        "s": 1,
                        "ROC AUC": 0.5819949281487743
                    }
                }
            },
            "10": {
                "Member size": 70.0,
                "Nonmember size": 100.0,
                "ROC AUC Individual": 0.49320714285714284,
                "MIA": {
                    "1": 0.5948571428571429,
                    "3": 0.5874285714285714,
                    "5": 0.5587142857142857,
                    "8": 0.5112857142857143,
                    "10": 0.46642857142857136,
                    "best": {
                        "s": 1,
                        "ROC AUC": 0.5948571428571429
                    }
                }
            },
            "30": {
                "Member size": 28.0,
                "Nonmember size": 40.0,
                "ROC AUC Individual": 0.49320714285714284,
                "MIA": {
                    "1": 0.6,
                    "3": 0.5883928571428572,
                    "5": 0.5946428571428571,