{"1": {"ROC AUC": 0.5, "Group size": 77}, "3": {"ROC AUC": 0.5076923076923077, "Group size": 65}, "5": {"ROC AUC": 0.6076923076923078, "Group size": 65}, "10": {"ROC AUC": 0.9076923076923077, "Group size": 65}, "30": {"ROC AUC": 1.0, "Group size": 65}, "50": {"ROC AUC": 1.0, "Group size": 63}, "best": {"top k": 30, "ROC AUC": 1.0}}