{
    "average": {
        "max": {
            "1": {
                "Member size": 769.0,
                "Nonmember size": 229.0,
                "ROC AUC Individual": 0.5486794509968711,
                "MIA": {
                    "1": 0.5486794509968711,
                    "best": {
                        "s": 1,
                        "ROC AUC": 0.5486794509968711
                    }
                }
            },
            "3": {
                "Member size": 769.0,
                "Nonmember size": 229.0,
                "ROC AUC Individual": 0.5483967849258222,
                "MIA": {
                    "1": 0.5376687241980453,
                    "3": 0.5928359293814345,
                    "best": {
                        "s": 3,
                        "ROC AUC": 0.5928359293814345
                    }
                }
            },
            "5": {
                "Member size": 769.0,
                "Nonmember size": 229.0,
                "ROC AUC Individual": 0.5400048835611382,
                "MIA": {
                    "1": 0.517078267585079,
                    "3": 0.5512972669093305,
                    "5": 0.6021430883413497,
                    "best": {
                        "s": 5,
                        "ROC AUC": 0.6021430883413497
                    }
                }
            },
            "8": {
                "Member size": 769.0,
                "Nonmember size": 229.0,
                "ROC AUC Individual": 0.538929896763789,
                "MIA": {
                    "1": 0.530701131736901,
                    "3": 0.5449259231918047,
                    "5": 0.5727565431201412,
                    "8": 0.612966422677895,
                    "best": {
                        "s": 8,
                        "ROC AUC": 0.612966422677895
                    }
                }
            },
            "10": {
                "Member size": 769.0,
                "Nonmember size": 229.0,
                "ROC AUC Individual": 0.5426424324677316,
                "MIA": {
                    "1": 0.5263513551882159,
                    "3": 0.5407805747837888,
                    "5": 0.5606498543449497,
                    "8": 0.6071742920255989,
                    "10": 0.6344938416022623,
                    "best": {
                        "s": 10,
                        "ROC AUC": 0.6344938416022623
                    }
                }
            },
            "30": {
                "Member size": 769.0,
                "Nonmember size": 229.0,
                "ROC AUC Individual": 0.5438782664726535,
                "MIA": {
                    "1": 0.5145569871834913,
                    "3": 0.5311156665777026,
                    "5": 0.5414563233598901,
                    "8": 0.5559991141447238,
                    "10": 0.5668167699218063,
                    "30": 0.6878809588791849,
                    "best": {
                        "s": 30,
                        "ROC AUC": 0.6878809588791849
                    }
                }
            }
        },
        "min": {
            "1": {
                "Member size": 769.0,
                "Nonmember size": 229.0,
                "ROC AUC Individual": 0.5486794509968711,
                "MIA": {
                    "1": 0.5486794509968711,
                    "best": {
                        "s": 1,
                        "ROC AUC": 0.5486794509968711
                    }
                }
            },
            "3": {
                "Member size": 769.0,
                "Nonmember size": 229.0,
                "ROC AUC Individual": 0.5483967849258222,
                "MIA": {
                    "1": 0.594687139766384,
                    "3": 0.5928359293814345,
                    "best": {
                        "s": 1,
                        "ROC AUC": 0.594687139766384
                    }
                }
            },
            "5": {
                "Member size": 769.0,
                "Nonmember size": 229.0,
                "ROC AUC Individual": 0.5400048835611382,
                "MIA": {
                    "1": 0.61071203457107,
                    "3": 0.6089743953753812,
                    "5": 0.6021430883413497,
                    "best": {
                        "s": 1,
                        "ROC AUC": 0.61071203457107
                    }
                }
            },
            "8": {
                "Member size": 769.0,
                "Nonmember size": 229.0,
                "ROC AUC Individual": 0.538929896763789,
                "MIA": {
                    "1": 0.600132878291435,
                    "3": 0.6192525880034753,
                    "5": 0.6183269828110005,
                    "8": 0.612966422677895,
                    "best": {
                        "s": 3,
                        "ROC AUC": 0.6192525880034753
                    }
                }
            },
            "10": {
                "Member size": 769.0,
                "Nonmember size": 229.0,
                "ROC AUC Individual": 0.5426424324677316,
                "MIA": {
                    "1": 0.6202860858257477,
                    "3": 0.6473841715833527,
                    "5": 0.6460042816338352,
                    "8": 0.6398373660569787,
                    "10": 0.6344938416022623,
                    "best": {
                        "s": 3,
                        "ROC AUC": 0.6473841715833527
                    }
                }
            },
            "30": {
                "Member size": 769.0,
                "Nonmember size": 229.0,
                "ROC AUC Individual": 0.5438782664726535,
                "MIA": {
                    "1": 0.6350787332269551,
                    "3": 0.6765549315449657,
                    "5": 0.6885764419282117,
                    "8": 0.6945332508049358,
                    "10": 0.6958790693976752,
                    "30": 0.6878809588791849,
                    "best": {
                        "s": 10,
                        "ROC AUC": 0.6958790693976752
                    }
                }
            }
        },
        "Total individual ROC AUC": 0.5423872111697331
    },
    "std": {
        "max": {
            "1": {
                "Member size": 0.0,
                "Nonmember size": 0.0,
                "ROC AUC Individual": 0.0,
                "MIA": {
                    "1": 0.0
                }
            },
            "3": {
                "Member size": 0.0,
                "Nonmember size": 0.0,
                "ROC AUC Individual": 0.0,
                "MIA": {
                    "1": 0.0,
                    "3": 0.0
                }
            },
            "5": {
                "Member size": 0.0,
                "Nonmember size": 0.0,
                "ROC AUC Individual": 0.0,
                "MIA": {
                    "1": 0.0,
                    "3": 0.0,
                    "5": 0.0
                }
            },
            "8": {
                "Member size": 0.0,
                "Nonmember size": 0.0,
                "ROC AUC Individual": 0.0,
                "MIA": {
                    "1": 0.0,
                    "3": 0.0,
                    "5": 0.0,
                    "8": 0.0
                }
            },
            "10": {
                "Member size": 0.0,
                "Nonmember size": 0.0,
                "ROC AUC Individual": 0.0,
                "MIA": {
                    "1": 0.0,
                    "3": 0.0,
                    "5": 0.0,
                    "8": 0.0,
                    "10": 0.0
                }
            },
            "30": {
                "Member size": 0.0,
                "Nonmember size": 0.0,
                "ROC AUC Individual": 0.0,
                "MIA": {
                    "1": 0.0,
                    "3": 0.0,
                    "5": 0.0,
                    "8": 0.0,