{
    "average": {
        "max": {
            "1": {
                "Member size": 769.0,
                "Nonmember size": 229.0,
                "ROC AUC Individual": 0.5396448628911817,
                "MIA": {
                    "1": 0.5396448628911817,
                    "best": {
                        "s": 1,
                        "ROC AUC": 0.5396448628911817
                    }
                }
            },
            "3": {
                "Member size": 769.0,
                "Nonmember size": 229.0,
                "ROC AUC Individual": 0.5297600682436657,
                "MIA": {
                    "1": 0.5313200947183718,
                    "3": 0.5588213581978524,
                    "best": {
                        "s": 3,
                        "ROC AUC": 0.5588213581978524
                    }
                }
            },
            "5": {
                "Member size": 769.0,
                "Nonmember size": 229.0,
                "ROC AUC Individual": 0.5431567112055014,
                "MIA": {
                    "1": 0.5282877439651109,
                    "3": 0.5702295841590905,
                    "5": 0.5963452791295905,
                    "best": {
                        "s": 5,
                        "ROC AUC": 0.5963452791295905
                    }
                }
            },
            "8": {
                "Member size": 769.0,
                "Nonmember size": 229.0,
                "ROC AUC Individual": 0.5467768230305335,
                "MIA": {
                    "1": 0.5242616453058188,
                    "3": 0.5631086705924442,
                    "5": 0.5778104610422428,
                    "8": 0.619684158522666,
                    "best": {
                        "s": 8,
                        "ROC AUC": 0.619684158522666
                    }
                }
            },
            "10": {
                "Member size": 769.0,
                "Nonmember size": 229.0,
                "ROC AUC Individual": 0.5441732674307594,
                "MIA": {
                    "1": 0.5027115121435994,
                    "3": 0.5417913583682092,
                    "5": 0.5662943424512069,
                    "8": 0.601558196716657,
                    "10": 0.6293156386462881,
                    "best": {
                        "s": 10,
                        "ROC AUC": 0.6293156386462881
                    }
                }
            },
            "30": {
                "Member size": 769.0,
                "Nonmember size": 229.0,
                "ROC AUC Individual": 0.541842613156369,
                "MIA": {
                    "1": 0.5150794146540906,
                    "3": 0.5202923322411571,
                    "5": 0.5279016019216245,
                    "8": 0.5433643193394699,
                    "10": 0.5559820784663347,
                    "30": 0.6795374708926629,
                    "best": {
                        "s": 30,
                        "ROC AUC": 0.6795374708926629
                    }
                }
            }
        },
        "min": {
            "1": {
                "Member size": 769.0,
                "Nonmember size": 229.0,
                "ROC AUC Individual": 0.5396448628911817,
                "MIA": {
                    "1": 0.5396448628911817,
                    "best": {
                        "s": 1,
                        "ROC AUC": 0.5396448628911817
                    }
                }
            },
            "3": {
                "Member size": 769.0,
                "Nonmember size": 229.0,
                "ROC AUC Individual": 0.5297600682436657,
                "MIA": {
                    "1": 0.5545454029221867,
                    "3": 0.5588213581978524,
                    "best": {
                        "s": 3,
                        "ROC AUC": 0.5588213581978524
                    }
                }
            },
            "5": {
                "Member size": 769.0,
                "Nonmember size": 229.0,
                "ROC AUC Individual": 0.5431567112055014,
                "MIA": {
                    "1": 0.585956354591967,
                    "3": 0.5980885968847423,
                    "5": 0.5963452791295905,
                    "best": {
                        "s": 3,
                        "ROC AUC": 0.5980885968847423
                    }
                }
            },
            "8": {
                "Member size": 769.0,
                "Nonmember size": 229.0,
                "ROC AUC Individual": 0.5467768230305335,
                "MIA": {
                    "1": 0.610865355676572,
                    "3": 0.6216319044184871,
                    "5": 0.6212627980533898,
                    "8": 0.619684158522666,
                    "best": {
                        "s": 3,
                        "ROC AUC": 0.6216319044184871
                    }
                }
            },
            "10": {
                "Member size": 769.0,
                "Nonmember size": 229.0,
                "ROC AUC Individual": 0.5441732674307594,
                "MIA": {
                    "1": 0.6129721012373581,
                    "3": 0.6363280163088229,
                    "5": 0.6349765191566203,
                    "8": 0.6344995201617254,
                    "10": 0.6293156386462881,
                    "best": {
                        "s": 3,
                        "ROC AUC": 0.6363280163088229
                    }
                }
            },
            "30": {
                "Member size": 769.0,
                "Nonmember size": 229.0,
                "ROC AUC Individual": 0.541842613156369,
                "MIA": {
                    "1": 0.6244768922852985,
                    "3": 0.6677924854439592,
                    "5": 0.6823940138282387,
                    "8": 0.6903145469432315,
                    "10": 0.6912982168850073,
                    "30": 0.6795374708926629,
                    "best": {
                        "s": 10,
                        "ROC AUC": 0.6912982168850073
                    }
                }
            }
        },
        "Total individual ROC AUC": 0.5423872111697331
    },
    "std": {
        "max": {
            "1": {
                "Member size": 0.0,
                "Nonmember size": 0.0,
                "ROC AUC Individual": 0.0,
                "MIA": {
                    "1": 0.0
                }
            },
            "3": {
                "Member size": 0.0,
                "Nonmember size": 0.0,
                "ROC AUC Individual": 0.0,
                "MIA": {
                    "1": 0.0,
                    "3": 0.0
                }
            },
            "5": {
                "Member size": 0.0,
                "Nonmember size": 0.0,
                "ROC AUC Individual": 0.0,
                "MIA": {
                    "1": 0.0,
                    "3": 0.0,
                    "5": 0.0
                }
            },
            "8": {
                "Member size": 0.0,
                "Nonmember size": 0.0,
                "ROC AUC Individual": 0.0,
                "MIA": {
                    "1": 0.0,
                    "3": 0.0,
                    "5": 0.0,
                    "8": 0.0
                }
            },
            "10": {
                "Member size": 0.0,
                "Nonmember size": 0.0,
                "ROC AUC Individual": 0.0,
                "MIA": {
                    "1": 0.0,
                    "3": 0.0,
                    "5": 0.0,
                    "8": 0.0,
                    "10": 0.0
                }
            },
            "30": {
                "Member size": 0.0,
                "Nonmember size": 0.0,
                "ROC AUC Individual": 0.0,
                "MIA": {
                    "1": 0.0,
                    "3": 0.0,
                    "5": 0.0,
                    "8": 0.0,