{
    "average": {
        "max": {
            "1": {
                "Member size": 92200.0,
                "Nonmember size": 7400.0,
                "ROC AUC Individual": 0.5788330296945536,
                "MIA": {
                    "1": 0.5788330296945536,
                    "best": {
                        "s": 1,
                        "ROC AUC": 0.5788330296945536
                    }
                }
            },
            "3": {
                "Member size": 31348.0,
                "Nonmember size": 2516.0,
                "ROC AUC Individual": 0.5788330296945536,
                "MIA": {
                    "1": 0.6416488512057983,
                    "3": 0.6214288525365693,
                    "best": {
                        "s": 1,
                        "ROC AUC": 0.6416488512057983
                    }
                }
            },
            "5": {
                "Member size": 18440.0,
                "Nonmember size": 1480.0,
                "ROC AUC Individual": 0.5788330296945536,
                "MIA": {
                    "1": 0.6682023875828105,
                    "3": 0.6907545289324031,
                    "5": 0.6561413202790642,
                    "best": {
                        "s": 3,
                        "ROC AUC": 0.6907545289324031
                    }
                }
            },
            "8": {
                "Member size": 11986.0,
                "Nonmember size": 962.0,
                "ROC AUC Individual": 0.5788330296945536,
                "MIA": {
                    "1": 0.6733090025681381,
                    "3": 0.7153960892697753,
                    "5": 0.7162380712355684,
                    "8": 0.6865025828816919,
                    "best": {
                        "s": 5,
                        "ROC AUC": 0.7162380712355684
                    }
                }
            },
            "10": {
                "Member size": 9220.0,
                "Nonmember size": 740.0,
                "ROC AUC Individual": 0.5788330296945536,
                "MIA": {
                    "1": 0.6926929559711555,
                    "3": 0.7454912206132379,
                    "5": 0.756964296183385,
                    "8": 0.7359342205546111,
                    "10": 0.7095210177639678,
                    "best": {
                        "s": 5,
                        "ROC AUC": 0.756964296183385
                    }
                }
            },
            "30": {
                "Member size": 3688.0,
                "Nonmember size": 296.0,
                "ROC AUC Individual": 0.5788330296945536,
                "MIA": {
                    "1": 0.6836663466611947,
                    "3": 0.7294375109925545,
                    "5": 0.738511864630357,
                    "8": 0.733017419534502,
                    "10": 0.7245788019581403,
                    "30": 0.7999052808231224,
                    "best": {
                        "s": 30,
                        "ROC AUC": 0.7999052808231224
                    }
                }
            },
            "50": {
                "Member size": 1844.0,
                "Nonmember size": 148.0,
                "ROC AUC Individual": 0.5788330296945536,
                "MIA": {
                    "1": 0.6850376678196635,
                    "3": 0.757724101541889,
                    "5": 0.7976563874069296,
                    "8": 0.8409597232807644,
                    "10": 0.8617100017588086,
                    "30": 0.9212126985988158,
                    "50": 0.8813353755056575,
                    "best": {
                        "s": 30,
                        "ROC AUC": 0.9212126985988158
                    }
                }
            },
            "80": {
                "Member size": 1844.0,
                "Nonmember size": 148.0,
                "ROC AUC Individual": 0.5788330296945536,
                "MIA": {
                    "1": 0.6627154540657795,
                    "3": 0.6991008090520021,
                    "5": 0.7037689804772235,
                    "8": 0.6992217271501436,
                    "10": 0.6942897344198863,
                    "30": 0.6845613237966817,
                    "50": 0.7098185495690919,
                    "80": 0.8457268276953744,
                    "best": {
                        "s": 80,
                        "ROC AUC": 0.8457268276953744
                    }
                }
            },
            "100": {
                "Member size": 922.0,
                "Nonmember size": 74.0,
                "ROC AUC Individual": 0.5788330296945536,
                "MIA": {
                    "1": 0.6413789060209885,
                    "3": 0.7206865216626606,
                    "5": 0.7671483848273436,
                    "8": 0.8163657149557366,
                    "10": 0.8386879287096206,
                    "30": 0.9469572609485841,
                    "50": 0.9681069355689745,
                    "80": 0.9614381192472298,
                    "100": 0.9462390807293194,
                    "best": {
                        "s": 50,
                        "ROC AUC": 0.9681069355689745
                    }
                }
            }
        },
        "min": {
            "1": {
                "Member size": 92200.0,
                "Nonmember size": 7400.0,
                "ROC AUC Individual": 0.5788330296945536,
                "MIA": {
                    "1": 0.5788330296945536,
                    "best": {
                        "s": 1,
                        "ROC AUC": 0.5788330296945536
                    }
                }
            },
            "3": {
                "Member size": 31348.0,
                "Nonmember size": 2516.0,
                "ROC AUC Individual": 0.5788330296945536,
                "MIA": {
                    "1": 0.5540066351920379,
                    "3": 0.6214288525365693,
                    "best": {
                        "s": 3,
                        "ROC AUC": 0.6214288525365693
                    }
                }
            },
            "5": {
                "Member size": 18440.0,
                "Nonmember size": 1480.0,
                "ROC AUC Individual": 0.5788330296945536,
                "MIA": {
                    "1": 0.5364009460925133,
                    "3": 0.606453069121182,
                    "5": 0.6561413202790642,
                    "best": {
                        "s": 5,
                        "ROC AUC": 0.6561413202790642
                    }
                }
            },
            "8": {
                "Member size": 11986.0,
                "Nonmember size": 962.0,
                "ROC AUC Individual": 0.5788330296945536,
                "MIA": {
                    "1": 0.5350466049615057,
                    "3": 0.5854283219542689,
                    "5": 0.6331734303326161,
                    "8": 0.6865025828816919,
                    "best": {
                        "s": 8,
                        "ROC AUC": 0.6865025828816919
                    }
                }
            },
            "10": {
                "Member size": 9220.0,
                "Nonmember size": 740.0,
                "ROC AUC Individual": 0.5788330296945536,
                "MIA": {
                    "1": 0.5366200826640088,
                    "3": 0.5759226417306678,
                    "5": 0.622149117664302,
                    "8": 0.6824246643606731,
                    "10": 0.7095210177639678,
                    "best": {
                        "s": 10,
                        "ROC AUC": 0.7095210177639678
                    }
                }
            },
            "30": {
                "Member size": 3688.0,
                "Nonmember size": 296.0,
                "ROC AUC Individual": 0.5788330296945536,
                "MIA": {
                    "1": 0.5157669871606965,