{"1": {"ROC AUC": 0.8129, "Group size": 100}, "3": {"ROC AUC": 0.852, "Group size": 100}, "5": {"ROC AUC": 0.8593999999999999, "Group size": 100}, "10": {"ROC AUC": 0.8654999999999999, "Group size": 100}, "30": {"ROC AUC": 0.9226, "Group size": 100}, "best": {"top k": 30, "ROC AUC": 0.9226}}