{"1": {"ROC AUC": 0.8129, "Group size": 100, "ROC AUC Individual": 0.8129}, "3": {"ROC AUC": 0.852, "Group size": 100, "ROC AUC Individual": 0.852}, "5": {"ROC AUC": 0.8593999999999999, "Group size": 100, "ROC AUC Individual": 0.8593999999999999}, "10": {"ROC AUC": 0.8654999999999999, "Group size": 100, "ROC AUC Individual": 0.8654999999999999}, "30": {"ROC AUC": 0.9226, "Group size": 100, "ROC AUC Individual": 0.9226}, "best": {"top k": 30, "ROC AUC": 0.9226}, "Individual ROC AUC": 0.6357242777777778, "Total individual ROC AUC": 0.6626511365197015}