{
    "average": {
        "max": {
            "1": {
                "Member size": 76700.0,
                "Nonmember size": 23000.0,
                "ROC AUC Individual": 0.5330375540605186,
                "MIA": {
                    "1": 0.5330375540605186,
                    "best": {
                        "s": 1,
                        "ROC AUC": 0.5330375540605186
                    }
                }
            },
            "3": {
                "Member size": 26078.0,
                "Nonmember size": 7820.0,
                "ROC AUC Individual": 0.5330375540605186,
                "MIA": {
                    "1": 0.5381099695203438,
                    "3": 0.5508775523332048,
                    "best": {
                        "s": 3,
                        "ROC AUC": 0.5508775523332048
                    }
                }
            },
            "5": {
                "Member size": 15340.0,
                "Nonmember size": 4600.0,
                "ROC AUC Individual": 0.5330375540605186,
                "MIA": {
                    "1": 0.5374945153008945,
                    "3": 0.5556580497521124,
                    "5": 0.5626320470527485,
                    "best": {
                        "s": 5,
                        "ROC AUC": 0.5626320470527485
                    }
                }
            },
            "8": {
                "Member size": 9971.0,
                "Nonmember size": 2990.0,
                "ROC AUC Individual": 0.5330375540605186,
                "MIA": {
                    "1": 0.5356250014674664,
                    "3": 0.5546459576526698,
                    "5": 0.5609486388694732,
                    "8": 0.5699104212097639,
                    "best": {
                        "s": 8,
                        "ROC AUC": 0.5699104212097639
                    }
                }
            },
            "10": {
                "Member size": 7670.0,
                "Nonmember size": 2300.0,
                "ROC AUC Individual": 0.5330375540605186,
                "MIA": {
                    "1": 0.5274996113386676,
                    "3": 0.5540954751880363,
                    "5": 0.5646674417649551,
                    "8": 0.569630773412644,
                    "10": 0.5755197014818401,
                    "best": {
                        "s": 10,
                        "ROC AUC": 0.5755197014818401
                    }
                }
            },
            "30": {
                "Member size": 3068.0,
                "Nonmember size": 920.0,
                "ROC AUC Individual": 0.5330375540605186,
                "MIA": {
                    "1": 0.5049579322663416,
                    "3": 0.5250935626089792,
                    "5": 0.5386073347414978,
                    "8": 0.5491649295215406,
                    "10": 0.5514089651748351,
                    "30": 0.5812158755143033,
                    "best": {
                        "s": 30,
                        "ROC AUC": 0.5812158755143033
                    }
                }
            },
            "50": {
                "Member size": 1534.0,
                "Nonmember size": 460.0,
                "ROC AUC Individual": 0.5330375540605186,
                "MIA": {
                    "1": 0.47862224363698197,
                    "3": 0.4983971997052321,
                    "5": 0.517150388299983,
                    "8": 0.542449407629953,
                    "10": 0.5568576044441925,
                    "30": 0.5894174083101864,
                    "50": 0.5825891164812025,
                    "best": {
                        "s": 30,
                        "ROC AUC": 0.5894174083101864
                    }
                }
            },
            "80": {
                "Member size": 1534.0,
                "Nonmember size": 460.0,
                "ROC AUC Individual": 0.5330375540605186,
                "MIA": {
                    "1": 0.4893713508304518,
                    "3": 0.5064225384048523,
                    "5": 0.5188934867637889,
                    "8": 0.5275891389377019,
                    "10": 0.5308315855110255,
                    "30": 0.5462479028634799,
                    "50": 0.5631044966920771,
                    "80": 0.5838121927110379,
                    "best": {
                        "s": 80,
                        "ROC AUC": 0.5838121927110379
                    }
                }
            },
            "100": {
                "Member size": 767.0,
                "Nonmember size": 230.0,
                "ROC AUC Individual": 0.5330375540605186,
                "MIA": {
                    "1": 0.45332464146023466,
                    "3": 0.4592199988662774,
                    "5": 0.4746272887024545,
                    "8": 0.4959015928802222,
                    "10": 0.5089507397539822,
                    "30": 0.5836970693271357,
                    "50": 0.5959071838342324,
                    "80": 0.5791192168279247,
                    "100": 0.5813058847993346,
                    "best": {
                        "s": 50,
                        "ROC AUC": 0.5959071838342324
                    }
                }
            }
        },
        "min": {
            "1": {
                "Member size": 76700.0,
                "Nonmember size": 23000.0,
                "ROC AUC Individual": 0.5330375540605186,
                "MIA": {
                    "1": 0.5330375540605186,
                    "best": {
                        "s": 1,
                        "ROC AUC": 0.5330375540605186
                    }
                }
            },
            "3": {
                "Member size": 26078.0,
                "Nonmember size": 7820.0,
                "ROC AUC Individual": 0.5330375540605186,
                "MIA": {
                    "1": 0.5458739078940593,
                    "3": 0.5508775523332048,
                    "best": {
                        "s": 3,
                        "ROC AUC": 0.5508775523332048
                    }
                }
            },
            "5": {
                "Member size": 15340.0,
                "Nonmember size": 4600.0,
                "ROC AUC Individual": 0.5330375540605186,
                "MIA": {
                    "1": 0.5548565830609326,
                    "3": 0.5599487251086079,
                    "5": 0.5626320470527485,
                    "best": {
                        "s": 5,
                        "ROC AUC": 0.5626320470527485
                    }
                }
            },
            "8": {
                "Member size": 9971.0,
                "Nonmember size": 2990.0,
                "ROC AUC Individual": 0.5330375540605186,
                "MIA": {
                    "1": 0.5631757992253028,
                    "3": 0.5655795451359786,
                    "5": 0.5672002682389959,
                    "8": 0.5699104212097639,
                    "best": {
                        "s": 8,
                        "ROC AUC": 0.5699104212097639
                    }
                }
            },
            "10": {
                "Member size": 7670.0,
                "Nonmember size": 2300.0,
                "ROC AUC Individual": 0.5330375540605186,
                "MIA": {
                    "1": 0.569763298914522,
                    "3": 0.5720917814751542,
                    "5": 0.572572968764079,
                    "8": 0.5759911506535366,
                    "10": 0.5755197014818401,
                    "best": {
                        "s": 8,
                        "ROC AUC": 0.5759911506535366
                    }
                }
            },
            "30": {
                "Member size": 3068.0,
                "Nonmember size": 920.0,
                "ROC AUC Individual": 0.5330375540605186,
                "MIA": {
                    "1": 0.5786689198664411,