{
    "average": {
        "max": {
            "1": {
                "Member size": 76800.0,
                "Nonmember size": 23000.0,
                "ROC AUC Individual": 0.5177539038260326,
                "MIA": {
                    "1": 0.5177539038260326,
                    "best": {
                        "s": 1,
                        "ROC AUC": 0.5177539038260326
                    }
                }
            },
            "3": {
                "Member size": 26112.0,
                "Nonmember size": 7820.0,
                "ROC AUC Individual": 0.5177539038260326,
                "MIA": {
                    "1": 0.5151132324021752,
                    "3": 0.5268812464092087,
                    "best": {
                        "s": 3,
                        "ROC AUC": 0.5268812464092087
                    }
                }
            },
            "5": {
                "Member size": 15360.0,
                "Nonmember size": 4600.0,
                "ROC AUC Individual": 0.5177539038260326,
                "MIA": {
                    "1": 0.5092222860766518,
                    "3": 0.5198515566378321,
                    "5": 0.5305415311983144,
                    "best": {
                        "s": 5,
                        "ROC AUC": 0.5305415311983144
                    }
                }
            },
            "8": {
                "Member size": 9984.0,
                "Nonmember size": 2990.0,
                "ROC AUC Individual": 0.5177539038260326,
                "MIA": {
                    "1": 0.5004395829313524,
                    "3": 0.5155342677870105,
                    "5": 0.5212443434972248,
                    "8": 0.5336891817955065,
                    "best": {
                        "s": 8,
                        "ROC AUC": 0.5336891817955065
                    }
                }
            },
            "10": {
                "Member size": 7680.0,
                "Nonmember size": 2300.0,
                "ROC AUC Individual": 0.5177539038260326,
                "MIA": {
                    "1": 0.49156513247282607,
                    "3": 0.5114391983695652,
                    "5": 0.5195072180706521,
                    "8": 0.525444069447433,
                    "10": 0.5350749761980323,
                    "best": {
                        "s": 10,
                        "ROC AUC": 0.5350749761980323
                    }
                }
            },
            "30": {
                "Member size": 3072.0,
                "Nonmember size": 920.0,
                "ROC AUC Individual": 0.5177539038260326,
                "MIA": {
                    "1": 0.4705021512681159,
                    "3": 0.4862134850543478,
                    "5": 0.49785757755887683,
                    "8": 0.505076709692029,
                    "10": 0.5080492102581522,
                    "30": 0.536819587921444,
                    "best": {
                        "s": 30,
                        "ROC AUC": 0.536819587921444
                    }
                }
            },
            "50": {
                "Member size": 1536.0,
                "Nonmember size": 460.0,
                "ROC AUC Individual": 0.5177539038260326,
                "MIA": {
                    "1": 0.43656589673913043,
                    "3": 0.4423361073369565,
                    "5": 0.4552904211956522,
                    "8": 0.4728770380434783,
                    "10": 0.48207229393115947,
                    "30": 0.5131751019021739,
                    "50": 0.5283561916685636,
                    "best": {
                        "s": 50,
                        "ROC AUC": 0.5283561916685636
                    }
                }
            },
            "80": {
                "Member size": 1536.0,
                "Nonmember size": 460.0,
                "ROC AUC Individual": 0.5177539038260326,
                "MIA": {
                    "1": 0.4494359997735507,
                    "3": 0.46594344429347834,
                    "5": 0.47685405344202897,
                    "8": 0.48764436141304357,
                    "10": 0.49203464673913044,
                    "30": 0.5098668743803993,
                    "50": 0.519867267931592,
                    "80": 0.5292468131117688,
                    "best": {
                        "s": 80,
                        "ROC AUC": 0.5292468131117688
                    }
                }
            },
            "100": {
                "Member size": 768.0,
                "Nonmember size": 230.0,
                "ROC AUC Individual": 0.5177539038260326,
                "MIA": {
                    "1": 0.43619791666666663,
                    "3": 0.41911798007246376,
                    "5": 0.41659873188405794,
                    "8": 0.42828351449275365,
                    "10": 0.43691123188405795,
                    "30": 0.4872905344202899,
                    "50": 0.5015572605853935,
                    "80": 0.5021994884910486,
                    "100": 0.5215446224256293,
                    "best": {
                        "s": 100,
                        "ROC AUC": 0.5215446224256293
                    }
                }
            }
        },
        "min": {
            "1": {
                "Member size": 76800.0,
                "Nonmember size": 23000.0,
                "ROC AUC Individual": 0.5177539038260326,
                "MIA": {
                    "1": 0.5177539038260326,
                    "best": {
                        "s": 1,
                        "ROC AUC": 0.5177539038260326
                    }
                }
            },
            "3": {
                "Member size": 26112.0,
                "Nonmember size": 7820.0,
                "ROC AUC Individual": 0.5177539038260326,
                "MIA": {
                    "1": 0.5306562059811344,
                    "3": 0.5268812464092087,
                    "best": {
                        "s": 1,
                        "ROC AUC": 0.5306562059811344
                    }
                }
            },
            "5": {
                "Member size": 15360.0,
                "Nonmember size": 4600.0,
                "ROC AUC Individual": 0.5177539038260326,
                "MIA": {
                    "1": 0.5443000996571454,
                    "3": 0.5383558738411177,
                    "5": 0.5305415311983144,
                    "best": {
                        "s": 1,
                        "ROC AUC": 0.5443000996571454
                    }
                }
            },
            "8": {
                "Member size": 9984.0,
                "Nonmember size": 2990.0,
                "ROC AUC Individual": 0.5177539038260326,
                "MIA": {
                    "1": 0.5568003733437143,
                    "3": 0.5445616986481323,
                    "5": 0.5403885617991763,
                    "8": 0.5336891817955065,
                    "best": {
                        "s": 1,
                        "ROC AUC": 0.5568003733437143
                    }
                }
            },
            "10": {
                "Member size": 7680.0,
                "Nonmember size": 2300.0,
                "ROC AUC Individual": 0.5177539038260326,
                "MIA": {
                    "1": 0.5608374010442031,
                    "3": 0.5514876451965498,
                    "5": 0.5448974649483076,
                    "8": 0.5467487349769661,
                    "10": 0.5350749761980323,
                    "best": {
                        "s": 1,
                        "ROC AUC": 0.5608374010442031
                    }
                }
            },
            "30": {
                "Member size": 3072.0,
                "Nonmember size": 920.0,
                "ROC AUC Individual": 0.5177539038260326,
                "MIA": {
                    "1": 0.5785477495856177,