{
    "average": {
        "max": {
            "1": {
                "Member size": 76700.0,
                "Nonmember size": 23000.0,
                "ROC AUC Individual": 0.4570963032839031,
                "MIA": {
                    "1": 0.4570963032839031,
                    "best": {
                        "s": 1,
                        "ROC AUC": 0.4570963032839031
                    }
                }
            },
            "3": {
                "Member size": 26078.0,
                "Nonmember size": 7820.0,
                "ROC AUC Individual": 0.4570963032839031,
                "MIA": {
                    "1": 0.4595878033798202,
                    "3": 0.43535166074468845,
                    "best": {
                        "s": 1,
                        "ROC AUC": 0.4595878033798202
                    }
                }
            },
            "5": {
                "Member size": 15340.0,
                "Nonmember size": 4600.0,
                "ROC AUC Individual": 0.4570963032839031,
                "MIA": {
                    "1": 0.46315629836665967,
                    "3": 0.44177758826515134,
                    "5": 0.42240648683848386,
                    "best": {
                        "s": 1,
                        "ROC AUC": 0.46315629836665967
                    }
                }
            },
            "8": {
                "Member size": 9971.0,
                "Nonmember size": 2990.0,
                "ROC AUC Individual": 0.4570963032839031,
                "MIA": {
                    "1": 0.4619535616498548,
                    "3": 0.4466738360489424,
                    "5": 0.4321162661105615,
                    "8": 0.407352813730667,
                    "best": {
                        "s": 1,
                        "ROC AUC": 0.4619535616498548
                    }
                }
            },
            "10": {
                "Member size": 7670.0,
                "Nonmember size": 2300.0,
                "ROC AUC Individual": 0.4570963032839031,
                "MIA": {
                    "1": 0.4629194044912607,
                    "3": 0.4454277782188999,
                    "5": 0.4299859893927791,
                    "8": 0.4072382822030196,
                    "10": 0.39661746017061184,
                    "best": {
                        "s": 1,
                        "ROC AUC": 0.4629194044912607
                    }
                }
            },
            "30": {
                "Member size": 3068.0,
                "Nonmember size": 920.0,
                "ROC AUC Individual": 0.4570963032839031,
                "MIA": {
                    "1": 0.4566769680044229,
                    "3": 0.4506884767009841,
                    "5": 0.4432754757650529,
                    "8": 0.43941795002694345,
                    "10": 0.4396418185686928,
                    "30": 0.3605209756021162,
                    "best": {
                        "s": 1,
                        "ROC AUC": 0.4566769680044229
                    }
                }
            },
            "50": {
                "Member size": 1534.0,
                "Nonmember size": 460.0,
                "ROC AUC Individual": 0.4570963032839031,
                "MIA": {
                    "1": 0.4295122158607788,
                    "3": 0.4257978572643274,
                    "5": 0.4195156170285131,
                    "8": 0.41583810441584945,
                    "10": 0.41315968482512333,
                    "30": 0.37341923033261437,
                    "50": 0.31597852535630144,
                    "best": {
                        "s": 1,
                        "ROC AUC": 0.4295122158607788
                    }
                }
            },
            "80": {
                "Member size": 1534.0,
                "Nonmember size": 460.0,
                "ROC AUC Individual": 0.4570963032839031,
                "MIA": {
                    "1": 0.44383184059860553,
                    "3": 0.44845246868091376,
                    "5": 0.4489527237684938,
                    "8": 0.44970220369267416,
                    "10": 0.44854930656002723,
                    "30": 0.4354532537652742,
                    "50": 0.4111357877053615,
                    "80": 0.3413326810260108,
                    "best": {
                        "s": 8,
                        "ROC AUC": 0.44970220369267416
                    }
                }
            },
            "100": {
                "Member size": 767.0,
                "Nonmember size": 230.0,
                "ROC AUC Individual": 0.4570963032839031,
                "MIA": {
                    "1": 0.3967518848137861,
                    "3": 0.40191599115696386,
                    "5": 0.40232413128507455,
                    "8": 0.40333881299246077,
                    "10": 0.4040247151522023,
                    "30": 0.3940366192392722,
                    "50": 0.3688415294318765,
                    "80": 0.320750728446552,
                    "100": 0.2836406275270904,
                    "best": {
                        "s": 10,
                        "ROC AUC": 0.4040247151522023
                    }
                }
            }
        },
        "min": {
            "1": {
                "Member size": 76700.0,
                "Nonmember size": 23000.0,
                "ROC AUC Individual": 0.4570963032839031,
                "MIA": {
                    "1": 0.4570963032839031,
                    "best": {
                        "s": 1,
                        "ROC AUC": 0.4570963032839031
                    }
                }
            },
            "3": {
                "Member size": 26078.0,
                "Nonmember size": 7820.0,
                "ROC AUC Individual": 0.4570963032839031,
                "MIA": {
                    "1": 0.43027812416373623,
                    "3": 0.43535166074468845,
                    "best": {
                        "s": 3,
                        "ROC AUC": 0.43535166074468845
                    }
                }
            },
            "5": {
                "Member size": 15340.0,
                "Nonmember size": 4600.0,
                "ROC AUC Individual": 0.4570963032839031,
                "MIA": {
                    "1": 0.41934010058742144,
                    "3": 0.40666379288341603,
                    "5": 0.42240648683848386,
                    "best": {
                        "s": 5,
                        "ROC AUC": 0.42240648683848386
                    }
                }
            },
            "8": {
                "Member size": 9971.0,
                "Nonmember size": 2990.0,
                "ROC AUC Individual": 0.4570963032839031,
                "MIA": {
                    "1": 0.41468946448031696,
                    "3": 0.39912247221072483,
                    "5": 0.3935822241289426,
                    "8": 0.407352813730667,
                    "best": {
                        "s": 1,
                        "ROC AUC": 0.41468946448031696
                    }
                }
            },
            "10": {
                "Member size": 7670.0,
                "Nonmember size": 2300.0,
                "ROC AUC Individual": 0.4570963032839031,
                "MIA": {
                    "1": 0.4177806398901554,
                    "3": 0.39792286804229793,
                    "5": 0.3858996475934025,
                    "8": 0.3820128826369725,
                    "10": 0.39661746017061184,
                    "best": {
                        "s": 1,
                        "ROC AUC": 0.4177806398901554
                    }
                }
            },
            "30": {
                "Member size": 3068.0,
                "Nonmember size": 920.0,
                "ROC AUC Individual": 0.4570963032839031,