{
    "average": {
        "max": {
            "1": {
                "Member size": 76700.0,
                "Nonmember size": 23000.0,
                "ROC AUC Individual": 0.48944789040855446,
                "MIA": {
                    "1": 0.48944789040855446,
                    "best": {
                        "s": 1,
                        "ROC AUC": 0.48944789040855446
                    }
                }
            },
            "3": {
                "Member size": 26078.0,
                "Nonmember size": 7820.0,
                "ROC AUC Individual": 0.48944789040855446,
                "MIA": {
                    "1": 0.47542959130820617,
                    "3": 0.47972485613763527,
                    "best": {
                        "s": 3,
                        "ROC AUC": 0.47972485613763527
                    }
                }
            },
            "5": {
                "Member size": 15340.0,
                "Nonmember size": 4600.0,
                "ROC AUC Individual": 0.48944789040855446,
                "MIA": {
                    "1": 0.46011960104965305,
                    "3": 0.47397697080634754,
                    "5": 0.47369827350593646,
                    "best": {
                        "s": 3,
                        "ROC AUC": 0.47397697080634754
                    }
                }
            },
            "8": {
                "Member size": 9971.0,
                "Nonmember size": 2990.0,
                "ROC AUC Individual": 0.48944789040855446,
                "MIA": {
                    "1": 0.44811148470205187,
                    "3": 0.4596791689149549,
                    "5": 0.46757952409421166,
                    "8": 0.46935748499861146,
                    "best": {
                        "s": 8,
                        "ROC AUC": 0.46935748499861146
                    }
                }
            },
            "10": {
                "Member size": 7670.0,
                "Nonmember size": 2300.0,
                "ROC AUC Individual": 0.48944789040855446,
                "MIA": {
                    "1": 0.43758578620867705,
                    "3": 0.44825622429249906,
                    "5": 0.4611707066730087,
                    "8": 0.4677180070944651,
                    "10": 0.46533109801921235,
                    "best": {
                        "s": 8,
                        "ROC AUC": 0.4677180070944651
                    }
                }
            },
            "30": {
                "Member size": 3068.0,
                "Nonmember size": 920.0,
                "ROC AUC Individual": 0.48944789040855446,
                "MIA": {
                    "1": 0.4125110472568921,
                    "3": 0.42538730751946846,
                    "5": 0.4387602539836989,
                    "8": 0.44974703100659785,
                    "10": 0.4558153345317628,
                    "30": 0.45468327735345204,
                    "best": {
                        "s": 10,
                        "ROC AUC": 0.4558153345317628
                    }
                }
            },
            "50": {
                "Member size": 1534.0,
                "Nonmember size": 460.0,
                "ROC AUC Individual": 0.48944789040855446,
                "MIA": {
                    "1": 0.38177490321059615,
                    "3": 0.38836698009636117,
                    "5": 0.39515748277843193,
                    "8": 0.40340705472789634,
                    "10": 0.40907795272897257,
                    "30": 0.4538718022584206,
                    "50": 0.4512975660413318,
                    "best": {
                        "s": 30,
                        "ROC AUC": 0.4538718022584206
                    }
                }
            },
            "80": {
                "Member size": 1534.0,
                "Nonmember size": 460.0,
                "ROC AUC Individual": 0.48944789040855446,
                "MIA": {
                    "1": 0.40824470347996256,
                    "3": 0.4145060063044898,
                    "5": 0.4271377048249225,
                    "8": 0.4400838306337027,
                    "10": 0.44765831603491907,
                    "30": 0.46581735584180184,
                    "50": 0.46485952445423473,
                    "80": 0.44416481707417726,
                    "best": {
                        "s": 30,
                        "ROC AUC": 0.46581735584180184
                    }
                }
            },
            "100": {
                "Member size": 767.0,
                "Nonmember size": 230.0,
                "ROC AUC Individual": 0.48944789040855446,
                "MIA": {
                    "1": 0.36922510061787883,
                    "3": 0.3647015475313191,
                    "5": 0.37470098067003005,
                    "8": 0.3869848648035826,
                    "10": 0.3900572529901933,
                    "30": 0.42961176069928486,
                    "50": 0.4363207547169812,
                    "80": 0.4526981635722651,
                    "100": 0.4427948987055942,
                    "best": {
                        "s": 80,
                        "ROC AUC": 0.4526981635722651
                    }
                }
            }
        },
        "min": {
            "1": {
                "Member size": 76700.0,
                "Nonmember size": 23000.0,
                "ROC AUC Individual": 0.48944789040855446,
                "MIA": {
                    "1": 0.48944789040855446,
                    "best": {
                        "s": 1,
                        "ROC AUC": 0.48944789040855446
                    }
                }
            },
            "3": {
                "Member size": 26078.0,
                "Nonmember size": 7820.0,
                "ROC AUC Individual": 0.48944789040855446,
                "MIA": {
                    "1": 0.48526059058990045,
                    "3": 0.47972485613763527,
                    "best": {
                        "s": 1,
                        "ROC AUC": 0.48526059058990045
                    }
                }
            },
            "5": {
                "Member size": 15340.0,
                "Nonmember size": 4600.0,
                "ROC AUC Individual": 0.48944789040855446,
                "MIA": {
                    "1": 0.4801954551758096,
                    "3": 0.48156801794354565,
                    "5": 0.47369827350593646,
                    "best": {
                        "s": 3,
                        "ROC AUC": 0.48156801794354565
                    }
                }
            },
            "8": {
                "Member size": 9971.0,
                "Nonmember size": 2990.0,
                "ROC AUC Individual": 0.48944789040855446,
                "MIA": {
                    "1": 0.48048991611336467,
                    "3": 0.48284925101818615,
                    "5": 0.48235557592437694,
                    "8": 0.46935748499861146,
                    "best": {
                        "s": 3,
                        "ROC AUC": 0.48284925101818615
                    }
                }
            },
            "10": {
                "Member size": 7670.0,
                "Nonmember size": 2300.0,
                "ROC AUC Individual": 0.48944789040855446,
                "MIA": {
                    "1": 0.47505432432567896,
                    "3": 0.4759260248431325,
                    "5": 0.4782000463114569,
                    "8": 0.4758117548047693,
                    "10": 0.46533109801921235,
                    "best": {
                        "s": 5,
                        "ROC AUC": 0.4782000463114569
                    }
                }
            },
            "30": {
                "Member size": 3068.0,
                "Nonmember size": 920.0,
                "ROC AUC Individual": 0.48944789040855446,