{
    "average": {
        "max": {
            "1": {
                "Member size": 770.0,
                "Nonmember size": 230.0,
                "ROC AUC Individual": 0.6729474872953134,
                "MIA": {
                    "1": 0.6729474872953134,
                    "best": {
                        "s": 1,
                        "ROC AUC": 0.6729474872953134
                    }
                }
            },
            "3": {
                "Member size": 770.0,
                "Nonmember size": 230.0,
                "ROC AUC Individual": 0.6793920572181442,
                "MIA": {
                    "1": 0.6776792772444946,
                    "3": 0.7633483907396951,
                    "best": {
                        "s": 3,
                        "ROC AUC": 0.7633483907396951
                    }
                }
            },
            "5": {
                "Member size": 770.0,
                "Nonmember size": 230.0,
                "ROC AUC Individual": 0.6838696781479391,
                "MIA": {
                    "1": 0.6821061547148504,
                    "3": 0.7829813664596273,
                    "5": 0.8319198193111237,
                    "best": {
                        "s": 5,
                        "ROC AUC": 0.8319198193111237
                    }
                }
            },
            "8": {
                "Member size": 770.0,
                "Nonmember size": 230.0,
                "ROC AUC Individual": 0.6804459433229815,
                "MIA": {
                    "1": 0.6843534726143421,
                    "3": 0.7578599661208356,
                    "5": 0.8196612083568605,
                    "8": 0.8680293619424055,
                    "best": {
                        "s": 8,
                        "ROC AUC": 0.8680293619424055
                    }
                }
            },
            "10": {
                "Member size": 770.0,
                "Nonmember size": 230.0,
                "ROC AUC Individual": 0.6782223320158103,
                "MIA": {
                    "1": 0.6903105590062112,
                    "3": 0.7544494635798984,
                    "5": 0.8112140033879165,
                    "8": 0.8719367588932806,
                    "10": 0.8866741953698476,
                    "best": {
                        "s": 10,
                        "ROC AUC": 0.8866741953698476
                    }
                }
            },
            "30": {
                "Member size": 770.0,
                "Nonmember size": 230.0,
                "ROC AUC Individual": 0.6655566503544763,
                "MIA": {
                    "1": 0.7073348390739694,
                    "3": 0.760214568040655,
                    "5": 0.794172783738001,
                    "8": 0.834505928853755,
                    "10": 0.8555166572557876,
                    "30": 0.9437888198757763,
                    "best": {
                        "s": 30,
                        "ROC AUC": 0.9437888198757763
                    }
                }
            }
        },
        "min": {
            "1": {
                "Member size": 770.0,
                "Nonmember size": 230.0,
                "ROC AUC Individual": 0.6729474872953134,
                "MIA": {
                    "1": 0.6729474872953134,
                    "best": {
                        "s": 1,
                        "ROC AUC": 0.6729474872953134
                    }
                }
            },
            "3": {
                "Member size": 770.0,
                "Nonmember size": 230.0,
                "ROC AUC Individual": 0.6793920572181442,
                "MIA": {
                    "1": 0.7526143421795595,
                    "3": 0.7633483907396951,
                    "best": {
                        "s": 3,
                        "ROC AUC": 0.7633483907396951
                    }
                }
            },
            "5": {
                "Member size": 770.0,
                "Nonmember size": 230.0,
                "ROC AUC Individual": 0.6838696781479391,
                "MIA": {
                    "1": 0.7839130434782609,
                    "3": 0.8289328063241106,
                    "5": 0.8319198193111237,
                    "best": {
                        "s": 5,
                        "ROC AUC": 0.8319198193111237
                    }
                }
            },
            "8": {
                "Member size": 770.0,
                "Nonmember size": 230.0,
                "ROC AUC Individual": 0.6804459433229815,
                "MIA": {
                    "1": 0.7928119706380576,
                    "3": 0.8497967250141164,
                    "5": 0.867063805759458,
                    "8": 0.8680293619424055,
                    "best": {
                        "s": 8,
                        "ROC AUC": 0.8680293619424055
                    }
                }
            },
            "10": {
                "Member size": 770.0,
                "Nonmember size": 230.0,
                "ROC AUC Individual": 0.6782223320158103,
                "MIA": {
                    "1": 0.7952738565782044,
                    "3": 0.8622303783173348,
                    "5": 0.8809034443817052,
                    "8": 0.8870242800677584,
                    "10": 0.8866741953698476,
                    "best": {
                        "s": 8,
                        "ROC AUC": 0.8870242800677584
                    }
                }
            },
            "30": {
                "Member size": 770.0,
                "Nonmember size": 230.0,
                "ROC AUC Individual": 0.6655566503544763,
                "MIA": {
                    "1": 0.7532749858836817,
                    "3": 0.8402653867871259,
                    "5": 0.8758610954263129,
                    "8": 0.904635798983625,
                    "10": 0.9145680406549972,
                    "30": 0.9437888198757763,
                    "best": {
                        "s": 30,
                        "ROC AUC": 0.9437888198757763
                    }
                }
            }
        },
        "Total individual ROC AUC": 0.6663368083147245
    },
    "std": {
        "max": {
            "1": {
                "Member size": 0.0,
                "Nonmember size": 0.0,
                "ROC AUC Individual": 0.0,
                "MIA": {
                    "1": 0.0
                }
            },
            "3": {
                "Member size": 0.0,
                "Nonmember size": 0.0,
                "ROC AUC Individual": 0.0,
                "MIA": {
                    "1": 0.0,
                    "3": 0.0
                }
            },
            "5": {
                "Member size": 0.0,
                "Nonmember size": 0.0,
                "ROC AUC Individual": 0.0,
                "MIA": {
                    "1": 0.0,
                    "3": 0.0,
                    "5": 0.0
                }
            },
            "8": {
                "Member size": 0.0,
                "Nonmember size": 0.0,
                "ROC AUC Individual": 0.0,
                "MIA": {
                    "1": 0.0,
                    "3": 0.0,
                    "5": 0.0,
                    "8": 0.0
                }
            },
            "10": {
                "Member size": 0.0,
                "Nonmember size": 0.0,
                "ROC AUC Individual": 0.0,
                "MIA": {
                    "1": 0.0,
                    "3": 0.0,
                    "5": 0.0,
                    "8": 0.0,
                    "10": 0.0
                }
            },
            "30": {
                "Member size": 0.0,
                "Nonmember size": 0.0,
                "ROC AUC Individual": 0.0,
                "MIA": {
                    "1": 0.0,
                    "3": 0.0,
                    "5": 0.0,
                    "8": 0.0,