{
    "average": {
        "max": {
            "1": {
                "Member size": 76700.0,
                "Nonmember size": 23000.0,
                "ROC AUC Individual": 0.5124467434127254,
                "MIA": {
                    "1": 0.5124467434127254,
                    "best": {
                        "s": 1,
                        "ROC AUC": 0.5124467434127254
                    }
                }
            },
            "3": {
                "Member size": 26078.0,
                "Nonmember size": 7820.0,
                "ROC AUC Individual": 0.5124467434127254,
                "MIA": {
                    "1": 0.5308648326561438,
                    "3": 0.5190471642298023,
                    "best": {
                        "s": 1,
                        "ROC AUC": 0.5308648326561438
                    }
                }
            },
            "5": {
                "Member size": 15340.0,
                "Nonmember size": 4600.0,
                "ROC AUC Individual": 0.5124467434127254,
                "MIA": {
                    "1": 0.5262124051092201,
                    "3": 0.5300889150376602,
                    "5": 0.51848960519785,
                    "best": {
                        "s": 3,
                        "ROC AUC": 0.5300889150376602
                    }
                }
            },
            "8": {
                "Member size": 9971.0,
                "Nonmember size": 2990.0,
                "ROC AUC Individual": 0.5124467434127254,
                "MIA": {
                    "1": 0.5054533062268538,
                    "3": 0.5249003348507464,
                    "5": 0.5252492927199814,
                    "8": 0.5157100130196262,
                    "best": {
                        "s": 5,
                        "ROC AUC": 0.5252492927199814
                    }
                }
            },
            "10": {
                "Member size": 7670.0,
                "Nonmember size": 2300.0,
                "ROC AUC Individual": 0.5124467434127254,
                "MIA": {
                    "1": 0.48811586644748034,
                    "3": 0.5200137757116984,
                    "5": 0.5274811212117998,
                    "8": 0.524001197519657,
                    "10": 0.5159980034121912,
                    "best": {
                        "s": 5,
                        "ROC AUC": 0.5274811212117998
                    }
                }
            },
            "30": {
                "Member size": 3068.0,
                "Nonmember size": 920.0,
                "ROC AUC Individual": 0.5124467434127254,
                "MIA": {
                    "1": 0.43820042798027325,
                    "3": 0.46241165298894155,
                    "5": 0.49104174346380247,
                    "8": 0.5144060487345902,
                    "10": 0.5187687162619132,
                    "30": 0.5222061214152716,
                    "best": {
                        "s": 30,
                        "ROC AUC": 0.5222061214152716
                    }
                }
            },
            "50": {
                "Member size": 1534.0,
                "Nonmember size": 460.0,
                "ROC AUC Individual": 0.5124467434127254,
                "MIA": {
                    "1": 0.39468425826200326,
                    "3": 0.38930049316932147,
                    "5": 0.4162986792131965,
                    "8": 0.46307465563176686,
                    "10": 0.4884714585340967,
                    "30": 0.5439295039164491,
                    "50": 0.527746664435089,
                    "best": {
                        "s": 30,
                        "ROC AUC": 0.5439295039164491
                    }
                }
            },
            "80": {
                "Member size": 1534.0,
                "Nonmember size": 460.0,
                "ROC AUC Individual": 0.5124467434127254,
                "MIA": {
                    "1": 0.4260586134572869,
                    "3": 0.4392083782098521,
                    "5": 0.46152287285301286,
                    "8": 0.4825321693781532,
                    "10": 0.4908848704721954,
                    "30": 0.514374271333921,
                    "50": 0.5215455140798952,
                    "80": 0.516688910918566,
                    "best": {
                        "s": 50,
                        "ROC AUC": 0.5215455140798952
                    }
                }
            },
            "100": {
                "Member size": 767.0,
                "Nonmember size": 230.0,
                "ROC AUC Individual": 0.5124467434127254,
                "MIA": {
                    "1": 0.38805623263987304,
                    "3": 0.35062638172439203,
                    "5": 0.34888044895414094,
                    "8": 0.37300606541579273,
                    "10": 0.39374185136897,
                    "30": 0.5381214216881129,
                    "50": 0.5593045754609606,
                    "80": 0.5558265428229529,
                    "100": 0.5391106952242323,
                    "best": {
                        "s": 50,
                        "ROC AUC": 0.5593045754609606
                    }
                }
            }
        },
        "min": {
            "1": {
                "Member size": 76700.0,
                "Nonmember size": 23000.0,
                "ROC AUC Individual": 0.5124467434127254,
                "MIA": {
                    "1": 0.5124467434127254,
                    "best": {
                        "s": 1,
                        "ROC AUC": 0.5124467434127254
                    }
                }
            },
            "3": {
                "Member size": 26078.0,
                "Nonmember size": 7820.0,
                "ROC AUC Individual": 0.5124467434127254,
                "MIA": {
                    "1": 0.48370529139581125,
                    "3": 0.5190471642298023,
                    "best": {
                        "s": 3,
                        "ROC AUC": 0.5190471642298023
                    }
                }
            },
            "5": {
                "Member size": 15340.0,
                "Nonmember size": 4600.0,
                "ROC AUC Individual": 0.5124467434127254,
                "MIA": {
                    "1": 0.47254883366219863,
                    "3": 0.5042301125412997,
                    "5": 0.51848960519785,
                    "best": {
                        "s": 5,
                        "ROC AUC": 0.51848960519785
                    }
                }
            },
            "8": {
                "Member size": 9971.0,
                "Nonmember size": 2990.0,
                "ROC AUC Individual": 0.5124467434127254,
                "MIA": {
                    "1": 0.45950959680695774,
                    "3": 0.4793811886919141,
                    "5": 0.5084260463461581,
                    "8": 0.5157100130196262,
                    "best": {
                        "s": 8,
                        "ROC AUC": 0.5157100130196262
                    }
                }
            },
            "10": {
                "Member size": 7670.0,
                "Nonmember size": 2300.0,
                "ROC AUC Individual": 0.5124467434127254,
                "MIA": {
                    "1": 0.45175370827306505,
                    "3": 0.463277065072962,
                    "5": 0.48779877063731986,
                    "8": 0.5363593053780227,
                    "10": 0.5159980034121912,
                    "best": {
                        "s": 8,
                        "ROC AUC": 0.5363593053780227
                    }
                }
            },
            "30": {
                "Member size": 3068.0,
                "Nonmember size": 920.0,
                "ROC AUC Individual": 0.5124467434127254,
                "MIA": {
                    "1": 0.4310196404878728,