{
    "average": {
        "max": {
            "1": {
                "Member size": 76700.0,
                "Nonmember size": 23000.0,
                "ROC AUC Individual": 0.5604016314700728,
                "MIA": {
                    "1": 0.5604016314700728,
                    "best": {
                        "s": 1,
                        "ROC AUC": 0.5604016314700728
                    }
                }
            },
            "3": {
                "Member size": 26078.0,
                "Nonmember size": 7820.0,
                "ROC AUC Individual": 0.5604016314700728,
                "MIA": {
                    "1": 0.5774569046319052,
                    "3": 0.5813231680332036,
                    "best": {
                        "s": 3,
                        "ROC AUC": 0.5813231680332036
                    }
                }
            },
            "5": {
                "Member size": 15340.0,
                "Nonmember size": 4600.0,
                "ROC AUC Individual": 0.5604016314700728,
                "MIA": {
                    "1": 0.5793687938402886,
                    "3": 0.6075437838898569,
                    "5": 0.596322125105333,
                    "best": {
                        "s": 3,
                        "ROC AUC": 0.6075437838898569
                    }
                }
            },
            "8": {
                "Member size": 9971.0,
                "Nonmember size": 2990.0,
                "ROC AUC Individual": 0.5604016314700728,
                "MIA": {
                    "1": 0.5707591996716876,
                    "3": 0.6008045986385161,
                    "5": 0.6174457357088372,
                    "8": 0.6096010808832265,
                    "best": {
                        "s": 5,
                        "ROC AUC": 0.6174457357088372
                    }
                }
            },
            "10": {
                "Member size": 7670.0,
                "Nonmember size": 2300.0,
                "ROC AUC Individual": 0.5604016314700728,
                "MIA": {
                    "1": 0.5678086773342519,
                    "3": 0.6004659592783179,
                    "5": 0.6248172534321403,
                    "8": 0.6413634845633273,
                    "10": 0.6236778790188038,
                    "best": {
                        "s": 8,
                        "ROC AUC": 0.6413634845633273
                    }
                }
            },
            "30": {
                "Member size": 3068.0,
                "Nonmember size": 920.0,
                "ROC AUC Individual": 0.5604016314700728,
                "MIA": {
                    "1": 0.5400979502748376,
                    "3": 0.566723948362716,
                    "5": 0.5819474286054994,
                    "8": 0.5924185271244898,
                    "10": 0.5926340248550183,
                    "30": 0.6720437874648347,
                    "best": {
                        "s": 30,
                        "ROC AUC": 0.6720437874648347
                    }
                }
            },
            "50": {
                "Member size": 1534.0,
                "Nonmember size": 460.0,
                "ROC AUC Individual": 0.5604016314700728,
                "MIA": {
                    "1": 0.511495428245179,
                    "3": 0.548673069111753,
                    "5": 0.5766929979292891,
                    "8": 0.6077849073861037,
                    "10": 0.6234226821119112,
                    "30": 0.727849333543666,
                    "50": 0.7243336821459408,
                    "best": {
                        "s": 30,
                        "ROC AUC": 0.727849333543666
                    }
                }
            },
            "80": {
                "Member size": 1534.0,
                "Nonmember size": 460.0,
                "ROC AUC Individual": 0.5604016314700728,
                "MIA": {
                    "1": 0.5285411571553147,
                    "3": 0.5542560353128648,
                    "5": 0.5653836212161236,
                    "8": 0.5786182560289463,
                    "10": 0.5846113178909311,
                    "30": 0.5982795497079018,
                    "50": 0.6328541444918931,
                    "80": 0.7123368157411696,
                    "best": {
                        "s": 80,
                        "ROC AUC": 0.7123368157411696
                    }
                }
            },
            "100": {
                "Member size": 767.0,
                "Nonmember size": 230.0,
                "ROC AUC Individual": 0.5604016314700728,
                "MIA": {
                    "1": 0.4847446240385327,
                    "3": 0.5223436174513074,
                    "5": 0.5449861366521865,
                    "8": 0.5778368622717671,
                    "10": 0.5957734274345263,
                    "30": 0.6973445677083927,
                    "50": 0.7590432970859378,
                    "80": 0.8120329936923822,
                    "100": 0.7784289859419797,
                    "best": {
                        "s": 80,
                        "ROC AUC": 0.8120329936923822
                    }
                }
            }
        },
        "min": {
            "1": {
                "Member size": 76700.0,
                "Nonmember size": 23000.0,
                "ROC AUC Individual": 0.5604016314700728,
                "MIA": {
                    "1": 0.5604016314700728,
                    "best": {
                        "s": 1,
                        "ROC AUC": 0.5604016314700728
                    }
                }
            },
            "3": {
                "Member size": 26078.0,
                "Nonmember size": 7820.0,
                "ROC AUC Individual": 0.5604016314700728,
                "MIA": {
                    "1": 0.5577852377086896,
                    "3": 0.5813231680332036,
                    "best": {
                        "s": 3,
                        "ROC AUC": 0.5813231680332036
                    }
                }
            },
            "5": {
                "Member size": 15340.0,
                "Nonmember size": 4600.0,
                "ROC AUC Individual": 0.5604016314700728,
                "MIA": {
                    "1": 0.5480376906004492,
                    "3": 0.5820456799721202,
                    "5": 0.596322125105333,
                    "best": {
                        "s": 5,
                        "ROC AUC": 0.596322125105333
                    }
                }
            },
            "8": {
                "Member size": 9971.0,
                "Nonmember size": 2990.0,
                "ROC AUC Individual": 0.5604016314700728,
                "MIA": {
                    "1": 0.5435455960100407,
                    "3": 0.572312286137867,
                    "5": 0.5966048535455138,
                    "8": 0.6096010808832265,
                    "best": {
                        "s": 8,
                        "ROC AUC": 0.6096010808832265
                    }
                }
            },
            "10": {
                "Member size": 7670.0,
                "Nonmember size": 2300.0,
                "ROC AUC Individual": 0.5604016314700728,
                "MIA": {
                    "1": 0.5433822300571989,
                    "3": 0.5690167720648263,
                    "5": 0.5943501293110103,
                    "8": 0.6266662369948565,
                    "10": 0.6236778790188038,
                    "best": {
                        "s": 8,
                        "ROC AUC": 0.6266662369948565
                    }
                }
            },
            "30": {
                "Member size": 3068.0,
                "Nonmember size": 920.0,
                "ROC AUC Individual": 0.5604016314700728,
                "MIA": {
                    "1": 0.5396444108660408,