{
    "average": {
        "max": {
            "1": {
                "Member size": 76700.0,
                "Nonmember size": 23000.0,
                "ROC AUC Individual": 0.5024984625109726,
                "MIA": {
                    "1": 0.5024984625109726,
                    "best": {
                        "s": 1,
                        "ROC AUC": 0.5024984625109726
                    }
                }
            },
            "3": {
                "Member size": 26078.0,
                "Nonmember size": 7820.0,
                "ROC AUC Individual": 0.5024984625109726,
                "MIA": {
                    "1": 0.49789535215876707,
                    "3": 0.5031821816725564,
                    "best": {
                        "s": 3,
                        "ROC AUC": 0.5031821816725564
                    }
                }
            },
            "5": {
                "Member size": 15340.0,
                "Nonmember size": 4600.0,
                "ROC AUC Individual": 0.5024984625109726,
                "MIA": {
                    "1": 0.4906817679307432,
                    "3": 0.49335150126476024,
                    "5": 0.5025403744735086,
                    "best": {
                        "s": 5,
                        "ROC AUC": 0.5025403744735086
                    }
                }
            },
            "8": {
                "Member size": 9971.0,
                "Nonmember size": 2990.0,
                "ROC AUC Individual": 0.5024984625109726,
                "MIA": {
                    "1": 0.48654841515310787,
                    "3": 0.4917461186534445,
                    "5": 0.4926878766820138,
                    "8": 0.5020838791767942,
                    "best": {
                        "s": 8,
                        "ROC AUC": 0.5020838791767942
                    }
                }
            },
            "10": {
                "Member size": 7670.0,
                "Nonmember size": 2300.0,
                "ROC AUC Individual": 0.5024984625109726,
                "MIA": {
                    "1": 0.4767168498812271,
                    "3": 0.4826385281139759,
                    "5": 0.4853120461559408,
                    "8": 0.48823624531203014,
                    "10": 0.4967111048866822,
                    "best": {
                        "s": 10,
                        "ROC AUC": 0.4967111048866822
                    }
                }
            },
            "30": {
                "Member size": 3068.0,
                "Nonmember size": 920.0,
                "ROC AUC Individual": 0.5024984625109726,
                "MIA": {
                    "1": 0.44935604825562436,
                    "3": 0.4578172210795092,
                    "5": 0.4699235157225564,
                    "8": 0.4784609490294017,
                    "10": 0.480943140538086,
                    "30": 0.49797944958021034,
                    "best": {
                        "s": 30,
                        "ROC AUC": 0.49797944958021034
                    }
                }
            },
            "50": {
                "Member size": 1534.0,
                "Nonmember size": 460.0,
                "ROC AUC Individual": 0.5024984625109726,
                "MIA": {
                    "1": 0.4262003287795476,
                    "3": 0.41390794172665946,
                    "5": 0.4208536723805199,
                    "8": 0.43320183902826653,
                    "10": 0.4399676467249404,
                    "30": 0.46433503836317136,
                    "50": 0.4842123031455232,
                    "best": {
                        "s": 50,
                        "ROC AUC": 0.4842123031455232
                    }
                }
            },
            "80": {
                "Member size": 1534.0,
                "Nonmember size": 460.0,
                "ROC AUC Individual": 0.5024984625109726,
                "MIA": {
                    "1": 0.4477793209001757,
                    "3": 0.4439317499007993,
                    "5": 0.4525154469701264,
                    "8": 0.4655008219488691,
                    "10": 0.47111841732328097,
                    "30": 0.4869054042541107,
                    "50": 0.48407316656219723,
                    "80": 0.4963629575270686,
                    "best": {
                        "s": 80,
                        "ROC AUC": 0.4963629575270686
                    }
                }
            },
            "100": {
                "Member size": 767.0,
                "Nonmember size": 230.0,
                "ROC AUC Individual": 0.5024984625109726,
                "MIA": {
                    "1": 0.42379683691400716,
                    "3": 0.3943087126580126,
                    "5": 0.38385012187517714,
                    "8": 0.39031800918315285,
                    "10": 0.39865087013207867,
                    "30": 0.4410148711545011,
                    "50": 0.4494294191486934,
                    "80": 0.4489316606518875,
                    "100": 0.4698424250825997,
                    "best": {
                        "s": 100,
                        "ROC AUC": 0.4698424250825997
                    }
                }
            }
        },
        "min": {
            "1": {
                "Member size": 76700.0,
                "Nonmember size": 23000.0,
                "ROC AUC Individual": 0.5024984625109726,
                "MIA": {
                    "1": 0.5024984625109726,
                    "best": {
                        "s": 1,
                        "ROC AUC": 0.5024984625109726
                    }
                }
            },
            "3": {
                "Member size": 26078.0,
                "Nonmember size": 7820.0,
                "ROC AUC Individual": 0.5024984625109726,
                "MIA": {
                    "1": 0.5091620936199499,
                    "3": 0.5031821816725564,
                    "best": {
                        "s": 1,
                        "ROC AUC": 0.5091620936199499
                    }
                }
            },
            "5": {
                "Member size": 15340.0,
                "Nonmember size": 4600.0,
                "ROC AUC Individual": 0.5024984625109726,
                "MIA": {
                    "1": 0.5173691682851107,
                    "3": 0.5125388598832148,
                    "5": 0.5025403744735086,
                    "best": {
                        "s": 1,
                        "ROC AUC": 0.5173691682851107
                    }
                }
            },
            "8": {
                "Member size": 9971.0,
                "Nonmember size": 2990.0,
                "ROC AUC Individual": 0.5024984625109726,
                "MIA": {
                    "1": 0.529044827865065,
                    "3": 0.5174457478360224,
                    "5": 0.5115216770277452,
                    "8": 0.5020838791767942,
                    "best": {
                        "s": 1,
                        "ROC AUC": 0.529044827865065
                    }
                }
            },
            "10": {
                "Member size": 7670.0,
                "Nonmember size": 2300.0,
                "ROC AUC Individual": 0.5024984625109726,
                "MIA": {
                    "1": 0.5347975571843515,
                    "3": 0.5195214894184548,
                    "5": 0.5125033645006286,
                    "8": 0.5105147699281254,
                    "10": 0.4967111048866822,
                    "best": {
                        "s": 1,
                        "ROC AUC": 0.5347975571843515
                    }
                }
            },
            "30": {
                "Member size": 3068.0,
                "Nonmember size": 920.0,
                "ROC AUC Individual": 0.5024984625109726,
                "MIA": {
                    "1": 0.5574231412847999,