{
    "average": {
        "max": {
            "1": {
                "Member size": 767.0,
                "Nonmember size": 230.0,
                "ROC AUC Individual": 0.46975228161668836,
                "MIA": {
                    "1": 0.46975228161668836,
                    "best": {
                        "s": 1,
                        "ROC AUC": 0.46975228161668836
                    }
                }
            },
            "3": {
                "Member size": 767.0,
                "Nonmember size": 230.0,
                "ROC AUC Individual": 0.4986837377309605,
                "MIA": {
                    "1": 0.4889688793152316,
                    "3": 0.49783461210571184,
                    "best": {
                        "s": 3,
                        "ROC AUC": 0.49783461210571184
                    }
                }
            },
            "5": {
                "Member size": 767.0,
                "Nonmember size": 230.0,
                "ROC AUC Individual": 0.5016831941544885,
                "MIA": {
                    "1": 0.5175556941216484,
                    "3": 0.5083262290423416,
                    "5": 0.510203733211928,
                    "best": {
                        "s": 1,
                        "ROC AUC": 0.5175556941216484
                    }
                }
            },
            "8": {
                "Member size": 767.0,
                "Nonmember size": 230.0,
                "ROC AUC Individual": 0.5049351246641476,
                "MIA": {
                    "1": 0.5083158551102545,
                    "3": 0.5092235213985697,
                    "5": 0.5051946575731743,
                    "8": 0.5083712724789438,
                    "best": {
                        "s": 3,
                        "ROC AUC": 0.5092235213985697
                    }
                }
            },
            "10": {
                "Member size": 767.0,
                "Nonmember size": 230.0,
                "ROC AUC Individual": 0.5028186865221361,
                "MIA": {
                    "1": 0.518428660506774,
                    "3": 0.5118798955613577,
                    "5": 0.5089968741119637,
                    "8": 0.5027999089460505,
                    "10": 0.5089403596631004,
                    "best": {
                        "s": 1,
                        "ROC AUC": 0.518428660506774
                    }
                }
            },
            "30": {
                "Member size": 767.0,
                "Nonmember size": 230.0,
                "ROC AUC Individual": 0.4991415519237172,
                "MIA": {
                    "1": 0.45443568958675806,
                    "3": 0.45775911000113517,
                    "5": 0.4705996021597044,
                    "8": 0.4784541062801932,
                    "10": 0.48025007104290995,
                    "30": 0.49092012110320676,
                    "best": {
                        "s": 30,
                        "ROC AUC": 0.49092012110320676
                    }
                }
            },
            "50": {
                "Member size": 767.0,
                "Nonmember size": 230.0,
                "ROC AUC Individual": 0.4984462544032924,
                "MIA": {
                    "1": 0.4254577404909019,
                    "3": 0.4106456550082195,
                    "5": 0.4157374254049445,
                    "8": 0.42640522875817,
                    "10": 0.43249218527990907,
                    "30": 0.44730821761893924,
                    "50": 0.46737531601930593,
                    "best": {
                        "s": 50,
                        "ROC AUC": 0.46737531601930593
                    }
                }
            },
            "80": {
                "Member size": 767.0,
                "Nonmember size": 230.0,
                "ROC AUC Individual": 0.5013471591618073,
                "MIA": {
                    "1": 0.4032452808797687,
                    "3": 0.3852446006462219,
                    "5": 0.38426393061617825,
                    "8": 0.39849781758403713,
                    "10": 0.40620146250212574,
                    "30": 0.4407899971582836,
                    "50": 0.44161899313501146,
                    "80": 0.4663432418244853,
                    "best": {
                        "s": 80,
                        "ROC AUC": 0.4663432418244853
                    }
                }
            },
            "100": {
                "Member size": 767.0,
                "Nonmember size": 230.0,
                "ROC AUC Individual": 0.5024984625109726,
                "MIA": {
                    "1": 0.42379683691400716,
                    "3": 0.3943087126580126,
                    "5": 0.38385012187517714,
                    "8": 0.39031800918315285,
                    "10": 0.39865087013207867,
                    "30": 0.4410148711545011,
                    "50": 0.4494294191486934,
                    "80": 0.4489316606518875,
                    "100": 0.4698424250825997,
                    "best": {
                        "s": 100,
                        "ROC AUC": 0.4698424250825997
                    }
                }
            }
        },
        "min": {
            "1": {
                "Member size": 767.0,
                "Nonmember size": 230.0,
                "ROC AUC Individual": 0.46975228161668836,
                "MIA": {
                    "1": 0.46975228161668836,
                    "best": {
                        "s": 1,
                        "ROC AUC": 0.46975228161668836
                    }
                }
            },
            "3": {
                "Member size": 767.0,
                "Nonmember size": 230.0,
                "ROC AUC Individual": 0.4986837377309605,
                "MIA": {
                    "1": 0.5148574343858058,
                    "3": 0.49783461210571184,
                    "best": {
                        "s": 1,
                        "ROC AUC": 0.5148574343858058
                    }
                }
            },
            "5": {
                "Member size": 767.0,
                "Nonmember size": 230.0,
                "ROC AUC Individual": 0.5016831941544885,
                "MIA": {
                    "1": 0.5074128731978658,
                    "3": 0.4954191531685138,
                    "5": 0.510203733211928,
                    "best": {
                        "s": 5,
                        "ROC AUC": 0.510203733211928
                    }
                }
            },
            "8": {
                "Member size": 767.0,
                "Nonmember size": 230.0,
                "ROC AUC Individual": 0.5049351246641476,
                "MIA": {
                    "1": 0.5258769440345101,
                    "3": 0.5188140223082176,
                    "5": 0.5114614158889141,
                    "8": 0.5083712724789438,
                    "best": {
                        "s": 1,
                        "ROC AUC": 0.5258769440345101
                    }
                }
            },
            "10": {
                "Member size": 767.0,
                "Nonmember size": 230.0,
                "ROC AUC Individual": 0.5028186865221361,
                "MIA": {
                    "1": 0.5251106822567828,
                    "3": 0.5194058729797405,
                    "5": 0.5092021397678124,
                    "8": 0.504484407011154,
                    "10": 0.5089403596631004,
                    "best": {
                        "s": 1,
                        "ROC AUC": 0.5251106822567828
                    }
                }
            },
            "30": {
                "Member size": 767.0,
                "Nonmember size": 230.0,
                "ROC AUC Individual": 0.4991415519237172,
                "MIA": {
                    "1": 0.5547048696227211,