{
    "average": {
        "max": {
            "1": {
                "Member size": 92200.0,
                "Nonmember size": 7400.0,
                "ROC AUC Individual": 0.4209600395893668,
                "MIA": {
                    "1": 0.4209600395893668,
                    "best": {
                        "s": 1,
                        "ROC AUC": 0.4209600395893668
                    }
                }
            },
            "3": {
                "Member size": 31348.0,
                "Nonmember size": 2516.0,
                "ROC AUC Individual": 0.4209600395893668,
                "MIA": {
                    "1": 0.44238719236415086,
                    "3": 0.38510009646084487,
                    "best": {
                        "s": 1,
                        "ROC AUC": 0.44238719236415086
                    }
                }
            },
            "5": {
                "Member size": 18440.0,
                "Nonmember size": 1480.0,
                "ROC AUC Individual": 0.4209600395893668,
                "MIA": {
                    "1": 0.45768819420473283,
                    "3": 0.3936900976681539,
                    "5": 0.35450910897084287,
                    "best": {
                        "s": 1,
                        "ROC AUC": 0.45768819420473283
                    }
                }
            },
            "8": {
                "Member size": 11986.0,
                "Nonmember size": 962.0,
                "ROC AUC Individual": 0.4209600395893668,
                "MIA": {
                    "1": 0.4680621988748712,
                    "3": 0.41445673692710117,
                    "5": 0.3726010092622344,
                    "8": 0.32524941642809957,
                    "best": {
                        "s": 1,
                        "ROC AUC": 0.4680621988748712
                    }
                }
            },
            "10": {
                "Member size": 9220.0,
                "Nonmember size": 740.0,
                "ROC AUC Individual": 0.4209600395893668,
                "MIA": {
                    "1": 0.48103540985120313,
                    "3": 0.423276640012586,
                    "5": 0.37600910058480597,
                    "8": 0.3254855218783528,
                    "10": 0.3030772842969818,
                    "best": {
                        "s": 1,
                        "ROC AUC": 0.48103540985120313
                    }
                }
            },
            "30": {
                "Member size": 3688.0,
                "Nonmember size": 296.0,
                "ROC AUC Individual": 0.4209600395893668,
                "MIA": {
                    "1": 0.5004203469973642,
                    "3": 0.4758679381231068,
                    "5": 0.45132561132561133,
                    "8": 0.4234071649966501,
                    "10": 0.40800713448654546,
                    "30": 0.23014665523981934,
                    "best": {
                        "s": 1,
                        "ROC AUC": 0.5004203469973642
                    }
                }
            },
            "50": {
                "Member size": 1844.0,
                "Nonmember size": 148.0,
                "ROC AUC Individual": 0.4209600395893668,
                "MIA": {
                    "1": 0.4975470035252644,
                    "3": 0.49459312333563826,
                    "5": 0.4827163854109962,
                    "8": 0.438066131526622,
                    "10": 0.41247548694357206,
                    "30": 0.2230468981016027,
                    "50": 0.13884976525821593,
                    "best": {
                        "s": 1,
                        "ROC AUC": 0.4975470035252644
                    }
                }
            },
            "80": {
                "Member size": 1844.0,
                "Nonmember size": 148.0,
                "ROC AUC Individual": 0.4209600395893668,
                "MIA": {
                    "1": 0.5009501626737651,
                    "3": 0.4884479649235851,
                    "5": 0.47908635419328316,
                    "8": 0.4632412092902556,
                    "10": 0.4510000185360248,
                    "30": 0.38263999342876565,
                    "50": 0.3286123814074125,
                    "80": 0.18512199625862083,
                    "best": {
                        "s": 1,
                        "ROC AUC": 0.5009501626737651
                    }
                }
            },
            "100": {
                "Member size": 922.0,
                "Nonmember size": 74.0,
                "ROC AUC Individual": 0.4209600395893668,
                "MIA": {
                    "1": 0.5044506462984724,
                    "3": 0.51295473928771,
                    "5": 0.512101873364115,
                    "8": 0.5100541718188777,
                    "10": 0.4996319849261026,
                    "30": 0.33027793333136846,
                    "50": 0.19186777275012568,
                    "80": 0.09683995922528033,
                    "100": 0.0723932437674107,
                    "best": {
                        "s": 3,
                        "ROC AUC": 0.51295473928771
                    }
                }
            }
        },
        "min": {
            "1": {
                "Member size": 92200.0,
                "Nonmember size": 7400.0,
                "ROC AUC Individual": 0.4209600395893668,
                "MIA": {
                    "1": 0.4209600395893668,
                    "best": {
                        "s": 1,
                        "ROC AUC": 0.4209600395893668
                    }
                }
            },
            "3": {
                "Member size": 31348.0,
                "Nonmember size": 2516.0,
                "ROC AUC Individual": 0.4209600395893668,
                "MIA": {
                    "1": 0.3687154217024774,
                    "3": 0.38510009646084487,
                    "best": {
                        "s": 3,
                        "ROC AUC": 0.38510009646084487
                    }
                }
            },
            "5": {
                "Member size": 18440.0,
                "Nonmember size": 1480.0,
                "ROC AUC Individual": 0.4209600395893668,
                "MIA": {
                    "1": 0.3428368483485946,
                    "3": 0.31588450314815564,
                    "5": 0.35450910897084287,
                    "best": {
                        "s": 5,
                        "ROC AUC": 0.35450910897084287
                    }
                }
            },
            "8": {
                "Member size": 11986.0,
                "Nonmember size": 962.0,
                "ROC AUC Individual": 0.4209600395893668,
                "MIA": {
                    "1": 0.32922712924933245,
                    "3": 0.2950112081642628,
                    "5": 0.29198595601265454,
                    "8": 0.32524941642809957,
                    "best": {
                        "s": 1,
                        "ROC AUC": 0.32922712924933245
                    }
                }
            },
            "10": {
                "Member size": 9220.0,
                "Nonmember size": 740.0,
                "ROC AUC Individual": 0.4209600395893668,
                "MIA": {
                    "1": 0.3176368735019376,
                    "3": 0.2639570276197911,
                    "5": 0.24733459047916595,
                    "8": 0.2642783410714844,
                    "10": 0.3030772842969818,
                    "best": {
                        "s": 1,
                        "ROC AUC": 0.3176368735019376
                    }
                }
            },
            "30": {
                "Member size": 3688.0,
                "Nonmember size": 296.0,
                "ROC AUC Individual": 0.4209600395893668,
                "MIA": {
                    "1": 0.3296401763933196,