{
    "average": {
        "max": {
            "1": {
                "Member size": 769.0,
                "Nonmember size": 229.0,
                "ROC AUC Individual": 0.48541462001919355,
                "MIA": {
                    "1": 0.48541462001919355,
                    "best": {
                        "s": 1,
                        "ROC AUC": 0.48541462001919355
                    }
                }
            },
            "3": {
                "Member size": 769.0,
                "Nonmember size": 229.0,
                "ROC AUC Individual": 0.48743271695725116,
                "MIA": {
                    "1": 0.483410088528742,
                    "3": 0.4931999250430151,
                    "best": {
                        "s": 3,
                        "ROC AUC": 0.4931999250430151
                    }
                }
            },
            "5": {
                "Member size": 769.0,
                "Nonmember size": 229.0,
                "ROC AUC Individual": 0.4868631069670246,
                "MIA": {
                    "1": 0.4744095717798309,
                    "3": 0.4736827161685624,
                    "5": 0.48891261264842334,
                    "best": {
                        "s": 5,
                        "ROC AUC": 0.48891261264842334
                    }
                }
            },
            "8": {
                "Member size": 769.0,
                "Nonmember size": 229.0,
                "ROC AUC Individual": 0.4929134239726066,
                "MIA": {
                    "1": 0.4840290515102129,
                    "3": 0.47849813459321633,
                    "5": 0.4806219158323916,
                    "8": 0.4905196449764624,
                    "best": {
                        "s": 8,
                        "ROC AUC": 0.4905196449764624
                    }
                }
            },
            "10": {
                "Member size": 769.0,
                "Nonmember size": 229.0,
                "ROC AUC Individual": 0.4961725657435222,
                "MIA": {
                    "1": 0.4904060737872017,
                    "3": 0.476504960221691,
                    "5": 0.4766582813271929,
                    "8": 0.4839325159993413,
                    "10": 0.4927456402859723,
                    "best": {
                        "s": 10,
                        "ROC AUC": 0.4927456402859723
                    }
                }
            },
            "30": {
                "Member size": 769.0,
                "Nonmember size": 229.0,
                "ROC AUC Individual": 0.5033658761931372,
                "MIA": {
                    "1": 0.4708434364370447,
                    "3": 0.4651932697713244,
                    "5": 0.4621722761369896,
                    "8": 0.4619735265557833,
                    "10": 0.46234831148034367,
                    "30": 0.4897547866980182,
                    "best": {
                        "s": 30,
                        "ROC AUC": 0.4897547866980182
                    }
                }
            }
        },
        "min": {
            "1": {
                "Member size": 769.0,
                "Nonmember size": 229.0,
                "ROC AUC Individual": 0.48541462001919355,
                "MIA": {
                    "1": 0.48541462001919355,
                    "best": {
                        "s": 1,
                        "ROC AUC": 0.48541462001919355
                    }
                }
            },
            "3": {
                "Member size": 769.0,
                "Nonmember size": 229.0,
                "ROC AUC Individual": 0.48743271695725116,
                "MIA": {
                    "1": 0.5025581910380975,
                    "3": 0.4931999250430151,
                    "best": {
                        "s": 1,
                        "ROC AUC": 0.5025581910380975
                    }
                }
            },
            "5": {
                "Member size": 769.0,
                "Nonmember size": 229.0,
                "ROC AUC Individual": 0.4868631069670246,
                "MIA": {
                    "1": 0.5148693079539582,
                    "3": 0.4924106052776532,
                    "5": 0.48891261264842334,
                    "best": {
                        "s": 1,
                        "ROC AUC": 0.5148693079539582
                    }
                }
            },
            "8": {
                "Member size": 769.0,
                "Nonmember size": 229.0,
                "ROC AUC Individual": 0.4929134239726066,
                "MIA": {
                    "1": 0.5276006382700836,
                    "3": 0.5125183843362615,
                    "5": 0.5012578009210624,
                    "8": 0.4905196449764624,
                    "best": {
                        "s": 1,
                        "ROC AUC": 0.5276006382700836
                    }
                }
            },
            "10": {
                "Member size": 769.0,
                "Nonmember size": 229.0,
                "ROC AUC Individual": 0.4961725657435222,
                "MIA": {
                    "1": 0.5432621052691353,
                    "3": 0.5278561734459202,
                    "5": 0.5169022322417249,
                    "8": 0.5034383677548679,
                    "10": 0.4927456402859723,
                    "best": {
                        "s": 1,
                        "ROC AUC": 0.5432621052691353
                    }
                }
            },
            "30": {
                "Member size": 769.0,
                "Nonmember size": 229.0,
                "ROC AUC Individual": 0.5033658761931372,
                "MIA": {
                    "1": 0.5592983571927475,
                    "3": 0.5477992742801006,
                    "5": 0.540172968921244,
                    "8": 0.53651519286754,
                    "10": 0.5336039847161572,
                    "30": 0.4897547866980182,
                    "best": {
                        "s": 1,
                        "ROC AUC": 0.5592983571927475
                    }
                }
            }
        },
        "Total individual ROC AUC": 0.5036822790069414
    },
    "std": {
        "max": {
            "1": {
                "Member size": 0.0,
                "Nonmember size": 0.0,
                "ROC AUC Individual": 0.0,
                "MIA": {
                    "1": 0.0
                }
            },
            "3": {
                "Member size": 0.0,
                "Nonmember size": 0.0,
                "ROC AUC Individual": 0.0,
                "MIA": {
                    "1": 0.0,
                    "3": 0.0
                }
            },
            "5": {
                "Member size": 0.0,
                "Nonmember size": 0.0,
                "ROC AUC Individual": 0.0,
                "MIA": {
                    "1": 0.0,
                    "3": 0.0,
                    "5": 0.0
                }
            },
            "8": {
                "Member size": 0.0,
                "Nonmember size": 0.0,
                "ROC AUC Individual": 0.0,
                "MIA": {
                    "1": 0.0,
                    "3": 0.0,
                    "5": 0.0,
                    "8": 0.0
                }
            },
            "10": {
                "Member size": 0.0,
                "Nonmember size": 0.0,
                "ROC AUC Individual": 0.0,
                "MIA": {
                    "1": 0.0,
                    "3": 0.0,
                    "5": 0.0,
                    "8": 0.0,
                    "10": 0.0
                }
            },
            "30": {
                "Member size": 0.0,
                "Nonmember size": 0.0,
                "ROC AUC Individual": 0.0,
                "MIA": {
                    "1": 0.0,
                    "3": 0.0,
                    "5": 0.0,