{"1": {"ROC AUC": 0.7252042941836243, "Group size": 79}, "3": {"ROC AUC": 0.5963182117028272, "Group size": 78}, "5": {"ROC AUC": 0.6250821827744905, "Group size": 78}, "10": {"ROC AUC": 0.62146614069691, "Group size": 78}, "30": {"ROC AUC": 0.6091387245233398, "Group size": 78}, "50": {"ROC AUC": 0.61328125, "Group size": 16}, "best": {"top k": 1, "ROC AUC": 0.7252042941836243}}