{
    "30": {
        "1": {
            "ROC AUC": 0.6109,
            "Group size": 100,
            "ROC AUC Individual": 0.5466519444444444,
            "ROC AUC Individual with set label": 0.6109
        },
        "3": {
            "ROC AUC": 0.6184,
            "Group size": 100,
            "ROC AUC Individual": 0.5466519444444444,
            "ROC AUC Individual with set label": 0.6184
        },
        "5": {
            "ROC AUC": 0.6333,
            "Group size": 100,
            "ROC AUC Individual": 0.5466519444444444,
            "ROC AUC Individual with set label": 0.6333
        },
        "10": {
            "ROC AUC": 0.6551,
            "Group size": 100,
            "ROC AUC Individual": 0.5466519444444444,
            "ROC AUC Individual with set label": 0.6551
        },
        "30": {
            "ROC AUC": 0.6603000000000001,
            "Group size": 100,
            "ROC AUC Individual": 0.5466519444444444,
            "ROC AUC Individual with set label": 0.6603000000000001
        }
    },
    "best": {
        "s": 30,
        "ROC AUC": 0.6603000000000001
    },
    "Total individual ROC AUC": 0.5551865572132528
}