{
    "average": {
        "max": {
            "1": {
                "Member size": 76700.0,
                "Nonmember size": 23000.0,
                "ROC AUC Individual": 0.3982888566151854,
                "MIA": {
                    "1": 0.3982888566151854,
                    "best": {
                        "s": 1,
                        "ROC AUC": 0.3982888566151854
                    }
                }
            },
            "3": {
                "Member size": 26078.0,
                "Nonmember size": 7820.0,
                "ROC AUC Individual": 0.3982888566151854,
                "MIA": {
                    "1": 0.3880470023401652,
                    "3": 0.3491235825034834,
                    "best": {
                        "s": 1,
                        "ROC AUC": 0.3880470023401652
                    }
                }
            },
            "5": {
                "Member size": 15340.0,
                "Nonmember size": 4600.0,
                "ROC AUC Individual": 0.3982888566151854,
                "MIA": {
                    "1": 0.3866490798641623,
                    "3": 0.3395383500775536,
                    "5": 0.31665550820532384,
                    "best": {
                        "s": 1,
                        "ROC AUC": 0.3866490798641623
                    }
                }
            },
            "8": {
                "Member size": 9971.0,
                "Nonmember size": 2990.0,
                "ROC AUC Individual": 0.3982888566151854,
                "MIA": {
                    "1": 0.3883684088539038,
                    "3": 0.34642719127281507,
                    "5": 0.3155470587584053,
                    "8": 0.2871871729138031,
                    "best": {
                        "s": 1,
                        "ROC AUC": 0.3883684088539038
                    }
                }
            },
            "10": {
                "Member size": 7670.0,
                "Nonmember size": 2300.0,
                "ROC AUC Individual": 0.3982888566151854,
                "MIA": {
                    "1": 0.3808079677073707,
                    "3": 0.33663370968748046,
                    "5": 0.3046870994453204,
                    "8": 0.2672691068348915,
                    "10": 0.2592756343536456,
                    "best": {
                        "s": 1,
                        "ROC AUC": 0.3808079677073707
                    }
                }
            },
            "30": {
                "Member size": 3068.0,
                "Nonmember size": 920.0,
                "ROC AUC Individual": 0.3982888566151854,
                "MIA": {
                    "1": 0.3738449979444578,
                    "3": 0.35141860943305253,
                    "5": 0.3396849031452962,
                    "8": 0.3299955330553901,
                    "10": 0.33008097223403954,
                    "30": 0.19134272543117117,
                    "best": {
                        "s": 1,
                        "ROC AUC": 0.3738449979444578
                    }
                }
            },
            "50": {
                "Member size": 1534.0,
                "Nonmember size": 460.0,
                "ROC AUC Individual": 0.3982888566151854,
                "MIA": {
                    "1": 0.35697806246811403,
                    "3": 0.3164233886967859,
                    "5": 0.29638909358879884,
                    "8": 0.2741454566067683,
                    "10": 0.2600731251062865,
                    "30": 0.16337367496173688,
                    "50": 0.11714638434347988,
                    "best": {
                        "s": 1,
                        "ROC AUC": 0.35697806246811403
                    }
                }
            },
            "80": {
                "Member size": 1534.0,
                "Nonmember size": 460.0,
                "ROC AUC Individual": 0.3982888566151854,
                "MIA": {
                    "1": 0.38377076129471116,
                    "3": 0.3647143019103225,
                    "5": 0.36167592540105437,
                    "8": 0.3587169094722522,
                    "10": 0.3574145456606768,
                    "30": 0.3318379704472617,
                    "50": 0.26813283486751305,
                    "80": 0.15379361053533547,
                    "best": {
                        "s": 1,
                        "ROC AUC": 0.38377076129471116
                    }
                }
            },
            "100": {
                "Member size": 767.0,
                "Nonmember size": 230.0,
                "ROC AUC Individual": 0.3982888566151854,
                "MIA": {
                    "1": 0.371690947225214,
                    "3": 0.3082761748200215,
                    "5": 0.2824953233943654,
                    "8": 0.2629102658579446,
                    "10": 0.25301853636415167,
                    "30": 0.18758006915707726,
                    "50": 0.13620104505886324,
                    "80": 0.08486630219257527,
                    "100": 0.07077008387052054,
                    "best": {
                        "s": 1,
                        "ROC AUC": 0.371690947225214
                    }
                }
            }
        },
        "min": {
            "1": {
                "Member size": 76700.0,
                "Nonmember size": 23000.0,
                "ROC AUC Individual": 0.3982888566151854,
                "MIA": {
                    "1": 0.3982888566151854,
                    "best": {
                        "s": 1,
                        "ROC AUC": 0.3982888566151854
                    }
                }
            },
            "3": {
                "Member size": 26078.0,
                "Nonmember size": 7820.0,
                "ROC AUC Individual": 0.3982888566151854,
                "MIA": {
                    "1": 0.363914055823378,
                    "3": 0.3491235825034834,
                    "best": {
                        "s": 1,
                        "ROC AUC": 0.363914055823378
                    }
                }
            },
            "5": {
                "Member size": 15340.0,
                "Nonmember size": 4600.0,
                "ROC AUC Individual": 0.3982888566151854,
                "MIA": {
                    "1": 0.3546260929101177,
                    "3": 0.30836947304835616,
                    "5": 0.31665550820532384,
                    "best": {
                        "s": 1,
                        "ROC AUC": 0.3546260929101177
                    }
                }
            },
            "8": {
                "Member size": 9971.0,
                "Nonmember size": 2990.0,
                "ROC AUC Individual": 0.3982888566151854,
                "MIA": {
                    "1": 0.36310223901452354,
                    "3": 0.31283415862772523,
                    "5": 0.28622268614609847,
                    "8": 0.2871871729138031,
                    "best": {
                        "s": 1,
                        "ROC AUC": 0.36310223901452354
                    }
                }
            },
            "10": {
                "Member size": 7670.0,
                "Nonmember size": 2300.0,
                "ROC AUC Individual": 0.3982888566151854,
                "MIA": {
                    "1": 0.361543464080093,
                    "3": 0.3032682382236983,
                    "5": 0.266803849329428,
                    "8": 0.24314056288260574,
                    "10": 0.2592756343536456,
                    "best": {
                        "s": 1,
                        "ROC AUC": 0.361543464080093
                    }
                }
            },
            "30": {
                "Member size": 3068.0,
                "Nonmember size": 920.0,
                "ROC AUC Individual": 0.3982888566151854,
                "MIA": {
                    "1": 0.40661903612061984,