{
    "average": {
        "max": {
            "1": {
                "Member size": 76700.0,
                "Nonmember size": 23000.0,
                "ROC AUC Individual": 0.4798529115280022,
                "MIA": {
                    "1": 0.4798529115280022,
                    "best": {
                        "s": 1,
                        "ROC AUC": 0.4798529115280022
                    }
                }
            },
            "3": {
                "Member size": 26078.0,
                "Nonmember size": 7820.0,
                "ROC AUC Individual": 0.4798529115280022,
                "MIA": {
                    "1": 0.48875960943097574,
                    "3": 0.4560448999484947,
                    "best": {
                        "s": 1,
                        "ROC AUC": 0.48875960943097574
                    }
                }
            },
            "5": {
                "Member size": 15340.0,
                "Nonmember size": 4600.0,
                "ROC AUC Individual": 0.4798529115280022,
                "MIA": {
                    "1": 0.48537386542092104,
                    "3": 0.4743107293447778,
                    "5": 0.4406886891983186,
                    "best": {
                        "s": 1,
                        "ROC AUC": 0.48537386542092104
                    }
                }
            },
            "8": {
                "Member size": 9971.0,
                "Nonmember size": 2990.0,
                "ROC AUC Individual": 0.4798529115280022,
                "MIA": {
                    "1": 0.47563710680706495,
                    "3": 0.4758232892657907,
                    "5": 0.46528548545982595,
                    "8": 0.42843325459751347,
                    "best": {
                        "s": 3,
                        "ROC AUC": 0.4758232892657907
                    }
                }
            },
            "10": {
                "Member size": 7670.0,
                "Nonmember size": 2300.0,
                "ROC AUC Individual": 0.4798529115280022,
                "MIA": {
                    "1": 0.47091126330171723,
                    "3": 0.47239425317991846,
                    "5": 0.4688003063047732,
                    "8": 0.4441323641233416,
                    "10": 0.4176307858438085,
                    "best": {
                        "s": 3,
                        "ROC AUC": 0.47239425317991846
                    }
                }
            },
            "30": {
                "Member size": 3068.0,
                "Nonmember size": 920.0,
                "ROC AUC Individual": 0.4798529115280022,
                "MIA": {
                    "1": 0.4477165761755575,
                    "3": 0.44938065458464505,
                    "5": 0.4561432896565416,
                    "8": 0.4597921838428257,
                    "10": 0.4609408468685723,
                    "30": 0.39238117408697926,
                    "best": {
                        "s": 10,
                        "ROC AUC": 0.4609408468685723
                    }
                }
            },
            "50": {
                "Member size": 1534.0,
                "Nonmember size": 460.0,
                "ROC AUC Individual": 0.4798529115280022,
                "MIA": {
                    "1": 0.4126700583867128,
                    "3": 0.40857094269032374,
                    "5": 0.41267501842299187,
                    "8": 0.41892041267501834,
                    "10": 0.42181565670880333,
                    "30": 0.4191789963933775,
                    "50": 0.35494387439078645,
                    "best": {
                        "s": 10,
                        "ROC AUC": 0.42181565670880333
                    }
                }
            },
            "80": {
                "Member size": 1534.0,
                "Nonmember size": 460.0,
                "ROC AUC Individual": 0.4798529115280022,
                "MIA": {
                    "1": 0.43261507284167566,
                    "3": 0.4352644407913384,
                    "5": 0.44021951703418166,
                    "8": 0.44811660336715603,
                    "10": 0.4516070517544357,
                    "30": 0.44713270815572603,
                    "50": 0.4377044276027124,
                    "80": 0.36657811880862357,
                    "best": {
                        "s": 10,
                        "ROC AUC": 0.4516070517544357
                    }
                }
            },
            "100": {
                "Member size": 767.0,
                "Nonmember size": 230.0,
                "ROC AUC Individual": 0.4798529115280022,
                "MIA": {
                    "1": 0.4032594524119948,
                    "3": 0.37667365795589824,
                    "5": 0.3734992347372598,
                    "8": 0.37789240972733973,
                    "10": 0.3815826767190069,
                    "30": 0.4031429383347542,
                    "50": 0.40350263099002115,
                    "80": 0.3655136750172374,
                    "100": 0.33120768928629185,
                    "best": {
                        "s": 50,
                        "ROC AUC": 0.40350263099002115
                    }
                }
            }
        },
        "min": {
            "1": {
                "Member size": 76700.0,
                "Nonmember size": 23000.0,
                "ROC AUC Individual": 0.4798529115280022,
                "MIA": {
                    "1": 0.4798529115280022,
                    "best": {
                        "s": 1,
                        "ROC AUC": 0.4798529115280022
                    }
                }
            },
            "3": {
                "Member size": 26078.0,
                "Nonmember size": 7820.0,
                "ROC AUC Individual": 0.4798529115280022,
                "MIA": {
                    "1": 0.44580152424645036,
                    "3": 0.4560448999484947,
                    "best": {
                        "s": 3,
                        "ROC AUC": 0.4560448999484947
                    }
                }
            },
            "5": {
                "Member size": 15340.0,
                "Nonmember size": 4600.0,
                "ROC AUC Individual": 0.4798529115280022,
                "MIA": {
                    "1": 0.4238680554571101,
                    "3": 0.4311293471879936,
                    "5": 0.4406886891983186,
                    "best": {
                        "s": 5,
                        "ROC AUC": 0.4406886891983186
                    }
                }
            },
            "8": {
                "Member size": 9971.0,
                "Nonmember size": 2990.0,
                "ROC AUC Individual": 0.4798529115280022,
                "MIA": {
                    "1": 0.41851255808209453,
                    "3": 0.41505352446319427,
                    "5": 0.4216813691358265,
                    "8": 0.42843325459751347,
                    "best": {
                        "s": 8,
                        "ROC AUC": 0.42843325459751347
                    }
                }
            },
            "10": {
                "Member size": 7670.0,
                "Nonmember size": 2300.0,
                "ROC AUC Individual": 0.4798529115280022,
                "MIA": {
                    "1": 0.40932777937879816,
                    "3": 0.4001579469788772,
                    "5": 0.403879710411851,
                    "8": 0.4134354582659139,
                    "10": 0.4176307858438085,
                    "best": {
                        "s": 10,
                        "ROC AUC": 0.4176307858438085
                    }
                }
            },
            "30": {
                "Member size": 3068.0,
                "Nonmember size": 920.0,
                "ROC AUC Individual": 0.4798529115280022,