{
    "1": {
        "1": {
            "ROC AUC": 0.5341407591073813,
            "Member size": 196,
            "Nonmember size": 107,
            "ROC AUC Individual": 0.5341407591073813,
            "ROC AUC Individual with set label": 0.5341407591073813
        },
        "best": {
            "s": 1,
            "ROC AUC": 0.5341407591073813
        }
    },
    "3": {
        "1": {
            "ROC AUC": 0.5461090978447454,
            "Member size": 196,
            "Nonmember size": 107,
            "ROC AUC Individual": 0.5268055820459026,
            "ROC AUC Individual with set label": 0.5461090978447454
        },
        "3": {
            "ROC AUC": 0.5509250429143621,
            "Member size": 196,
            "Nonmember size": 107,
            "ROC AUC Individual": 0.5268055820459026,
            "ROC AUC Individual with set label": 0.5509250429143621
        },
        "best": {
            "s": 3,
            "ROC AUC": 0.5509250429143621
        }
    },
    "5": {
        "1": {
            "ROC AUC": 0.5186915887850467,
            "Member size": 196,
            "Nonmember size": 107,
            "ROC AUC Individual": 0.5167995422468052,
            "ROC AUC Individual with set label": 0.5186915887850467
        },
        "3": {
            "ROC AUC": 0.5321380888804119,
            "Member size": 196,
            "Nonmember size": 107,
            "ROC AUC Individual": 0.5167995422468052,
            "ROC AUC Individual with set label": 0.5321380888804119
        },
        "5": {
            "ROC AUC": 0.5357142857142857,
            "Member size": 196,
            "Nonmember size": 107,
            "ROC AUC Individual": 0.5167995422468052,
            "ROC AUC Individual with set label": 0.5357142857142857
        },
        "best": {
            "s": 5,
            "ROC AUC": 0.5357142857142857
        }
    },
    "8": {
        "1": {
            "ROC AUC": 0.5316135800114439,
            "Member size": 196,
            "Nonmember size": 107,
            "ROC AUC Individual": 0.543374052307839,
            "ROC AUC Individual with set label": 0.5316135800114439
        },
        "3": {
            "ROC AUC": 0.5456322716002289,
            "Member size": 196,
            "Nonmember size": 107,
            "ROC AUC Individual": 0.543374052307839,
            "ROC AUC Individual with set label": 0.5456322716002289
        },
        "5": {
            "ROC AUC": 0.5504482166698456,
            "Member size": 196,
            "Nonmember size": 107,
            "ROC AUC Individual": 0.543374052307839,
            "ROC AUC Individual with set label": 0.5504482166698456
        },
        "8": {
            "ROC AUC": 0.5540244135037192,
            "Member size": 196,
            "Nonmember size": 107,
            "ROC AUC Individual": 0.543374052307839,
            "ROC AUC Individual with set label": 0.5540244135037192
        },
        "best": {
            "s": 8,
            "ROC AUC": 0.5540244135037192
        }
    },
    "10": {
        "1": {
            "ROC AUC": 0.5122067518596223,
            "Member size": 196,
            "Nonmember size": 107,
            "ROC AUC Individual": 0.5207688823192829,
            "ROC AUC Individual with set label": 0.5122067518596223
        },
        "3": {
            "ROC AUC": 0.5125882128552355,
            "Member size": 196,
            "Nonmember size": 107,
            "ROC AUC Individual": 0.5207688823192829,
            "ROC AUC Individual with set label": 0.5125882128552355
        },
        "5": {
            "ROC AUC": 0.5180717146671753,
            "Member size": 196,
            "Nonmember size": 107,
            "ROC AUC Individual": 0.5207688823192829,
            "ROC AUC Individual with set label": 0.5180717146671753
        },
        "8": {
            "ROC AUC": 0.5292294487888614,
            "Member size": 196,
            "Nonmember size": 107,
            "ROC AUC Individual": 0.5207688823192829,
            "ROC AUC Individual with set label": 0.5292294487888614
        },
        "10": {
            "ROC AUC": 0.5299446881556361,
            "Member size": 196,
            "Nonmember size": 107,
            "ROC AUC Individual": 0.5207688823192829,
            "ROC AUC Individual with set label": 0.5299446881556361
        },
        "best": {
            "s": 10,
            "ROC AUC": 0.5299446881556361
        }
    },
    "30": {
        "1": {
            "ROC AUC": 0.508439824527942,
            "Member size": 196,
            "Nonmember size": 107,
            "ROC AUC Individual": 0.5230899930065485,
            "ROC AUC Individual with set label": 0.508439824527942
        },
        "3": {
            "ROC AUC": 0.5128266259774938,
            "Member size": 196,
            "Nonmember size": 107,
            "ROC AUC Individual": 0.5230899930065485,
            "ROC AUC Individual with set label": 0.5128266259774938
        },
        "5": {
            "ROC AUC": 0.5180240320427236,
            "Member size": 196,
            "Nonmember size": 107,
            "ROC AUC Individual": 0.5230899930065485,
            "ROC AUC Individual with set label": 0.5180240320427236
        },
        "8": {
            "ROC AUC": 0.5263684913217623,
            "Member size": 196,
            "Nonmember size": 107,
            "ROC AUC Individual": 0.5230899930065485,
            "ROC AUC Individual with set label": 0.5263684913217623
        },
        "10": {
            "ROC AUC": 0.5303261491512493,
            "Member size": 196,
            "Nonmember size": 107,
            "ROC AUC Individual": 0.5230899930065485,
            "ROC AUC Individual with set label": 0.5303261491512493
        },
        "30": {
            "ROC AUC": 0.5421514400152584,
            "Member size": 196,
            "Nonmember size": 107,
            "ROC AUC Individual": 0.5230899930065485,
            "ROC AUC Individual with set label": 0.5421514400152584
        },
        "best": {
            "s": 30,
            "ROC AUC": 0.5421514400152584
        }
    },
    "50": {
        "1": {
            "ROC AUC": 0.519740606522983,
            "Member size": 196,
            "Nonmember size": 107,
            "ROC AUC Individual": 0.5258707610146863,
            "ROC AUC Individual with set label": 0.519740606522983
        },
        "3": {
            "ROC AUC": 0.5226969292389854,
            "Member size": 196,
            "Nonmember size": 107,
            "ROC AUC Individual": 0.5258707610146863,
            "ROC AUC Individual with set label": 0.5226969292389854
        },
        "5": {
            "ROC AUC": 0.5275605569330536,
            "Member size": 196,
            "Nonmember size": 107,
            "ROC AUC Individual": 0.5258707610146863,
            "ROC AUC Individual with set label": 0.5275605569330536
        },
        "8": {
            "ROC AUC": 0.5354758725920274,
            "Member size": 196,
            "Nonmember size": 107,
            "ROC AUC Individual": 0.5258707610146863,
            "ROC AUC Individual with set label": 0.5354758725920274
        },
        "10": {
            "ROC AUC": 0.5390520694259012,
            "Member size": 196,
            "Nonmember size": 107,
            "ROC AUC Individual": 0.5258707610146863,
            "ROC AUC Individual with set label": 0.5390520694259012
        },
        "30": {
            "ROC AUC": 0.5459183673469388,
            "Member size": 196,
            "Nonmember size": 107,
            "ROC AUC Individual": 0.5258707610146863,
            "ROC AUC Individual with set label": 0.5459183673469388
        },
        "50": {
            "ROC AUC": 0.5488746900629411,
            "Member size": 196,
            "Nonmember size": 107,
            "ROC AUC Individual": 0.5258707610146863,
            "ROC AUC Individual with set label": 0.5488746900629411
        },
        "best": {
            "s": 50,
            "ROC AUC": 0.5488746900629411
        }
    },