{
    "average": {
        "max": {
            "1": {
                "Member size": 92200.0,
                "Nonmember size": 7400.0,
                "ROC AUC Individual": 0.40614994725285375,
                "MIA": {
                    "1": 0.40614994725285375,
                    "best": {
                        "s": 1,
                        "ROC AUC": 0.40614994725285375
                    }
                }
            },
            "3": {
                "Member size": 31348.0,
                "Nonmember size": 2516.0,
                "ROC AUC Individual": 0.40614994725285375,
                "MIA": {
                    "1": 0.4286611027410705,
                    "3": 0.3584878990200414,
                    "best": {
                        "s": 1,
                        "ROC AUC": 0.4286611027410705
                    }
                }
            },
            "5": {
                "Member size": 18440.0,
                "Nonmember size": 1480.0,
                "ROC AUC Individual": 0.40614994725285375,
                "MIA": {
                    "1": 0.43459888620718656,
                    "3": 0.36913111450675606,
                    "5": 0.32148509324806385,
                    "best": {
                        "s": 1,
                        "ROC AUC": 0.43459888620718656
                    }
                }
            },
            "8": {
                "Member size": 11986.0,
                "Nonmember size": 962.0,
                "ROC AUC Individual": 0.40614994725285375,
                "MIA": {
                    "1": 0.4417121602090287,
                    "3": 0.3910646367967901,
                    "5": 0.34277921998595123,
                    "8": 0.287636060512873,
                    "best": {
                        "s": 1,
                        "ROC AUC": 0.4417121602090287
                    }
                }
            },
            "10": {
                "Member size": 9220.0,
                "Nonmember size": 740.0,
                "ROC AUC Individual": 0.40614994725285375,
                "MIA": {
                    "1": 0.447266498102183,
                    "3": 0.3909964783142943,
                    "5": 0.3408141465243143,
                    "8": 0.2865645315251438,
                    "10": 0.25832095118749254,
                    "best": {
                        "s": 1,
                        "ROC AUC": 0.447266498102183
                    }
                }
            },
            "30": {
                "Member size": 3688.0,
                "Nonmember size": 296.0,
                "ROC AUC Individual": 0.40614994725285375,
                "MIA": {
                    "1": 0.44975991871350174,
                    "3": 0.4305745541459828,
                    "5": 0.4169731789492268,
                    "8": 0.39415181530304144,
                    "10": 0.37820779977575825,
                    "30": 0.18010606991683112,
                    "best": {
                        "s": 1,
                        "ROC AUC": 0.44975991871350174
                    }
                }
            },
            "50": {
                "Member size": 1844.0,
                "Nonmember size": 148.0,
                "ROC AUC Individual": 0.40614994725285375,
                "MIA": {
                    "1": 0.4264565705151706,
                    "3": 0.4026176013146697,
                    "5": 0.38860343232966804,
                    "8": 0.35918037602820213,
                    "10": 0.34014394829612216,
                    "30": 0.14749974063699556,
                    "50": 0.08515697239223284,
                    "best": {
                        "s": 1,
                        "ROC AUC": 0.4264565705151706
                    }
                }
            },
            "80": {
                "Member size": 1844.0,
                "Nonmember size": 148.0,
                "ROC AUC Individual": 0.40614994725285375,
                "MIA": {
                    "1": 0.45497572993503543,
                    "3": 0.45215951965001394,
                    "5": 0.43897987661574617,
                    "8": 0.42705640423031727,
                    "10": 0.41664585781433605,
                    "30": 0.3447877509174925,
                    "50": 0.2867750251700888,
                    "80": 0.13162264810577168,
                    "best": {
                        "s": 1,
                        "ROC AUC": 0.45497572993503543
                    }
                }
            },
            "100": {
                "Member size": 922.0,
                "Nonmember size": 74.0,
                "ROC AUC Individual": 0.40614994725285375,
                "MIA": {
                    "1": 0.4158670070722188,
                    "3": 0.41740599294947117,
                    "5": 0.4061112254801047,
                    "8": 0.4004646648825103,
                    "10": 0.39158309560921095,
                    "30": 0.24221804399080793,
                    "50": 0.10200390084308544,
                    "80": 0.04365983295368261,
                    "100": 0.03413751507840772,
                    "best": {
                        "s": 3,
                        "ROC AUC": 0.41740599294947117
                    }
                }
            }
        },
        "min": {
            "1": {
                "Member size": 92200.0,
                "Nonmember size": 7400.0,
                "ROC AUC Individual": 0.40614994725285375,
                "MIA": {
                    "1": 0.40614994725285375,
                    "best": {
                        "s": 1,
                        "ROC AUC": 0.40614994725285375
                    }
                }
            },
            "3": {
                "Member size": 31348.0,
                "Nonmember size": 2516.0,
                "ROC AUC Individual": 0.40614994725285375,
                "MIA": {
                    "1": 0.3406355582179423,
                    "3": 0.3584878990200414,
                    "best": {
                        "s": 3,
                        "ROC AUC": 0.3584878990200414
                    }
                }
            },
            "5": {
                "Member size": 18440.0,
                "Nonmember size": 1480.0,
                "ROC AUC Individual": 0.40614994725285375,
                "MIA": {
                    "1": 0.31694073918922894,
                    "3": 0.2882596141515741,
                    "5": 0.32148509324806385,
                    "best": {
                        "s": 5,
                        "ROC AUC": 0.32148509324806385
                    }
                }
            },
            "8": {
                "Member size": 11986.0,
                "Nonmember size": 962.0,
                "ROC AUC Individual": 0.40614994725285375,
                "MIA": {
                    "1": 0.30886536972715095,
                    "3": 0.2588979465226937,
                    "5": 0.2505541520501436,
                    "8": 0.287636060512873,
                    "best": {
                        "s": 1,
                        "ROC AUC": 0.30886536972715095
                    }
                }
            },
            "10": {
                "Member size": 9220.0,
                "Nonmember size": 740.0,
                "ROC AUC Individual": 0.40614994725285375,
                "MIA": {
                    "1": 0.2908737814769736,
                    "3": 0.23412184333242758,
                    "5": 0.21382168352312694,
                    "8": 0.22480177699138615,
                    "10": 0.25832095118749254,
                    "best": {
                        "s": 1,
                        "ROC AUC": 0.2908737814769736
                    }
                }
            },
            "30": {
                "Member size": 3688.0,
                "Nonmember size": 296.0,
                "ROC AUC Individual": 0.40614994725285375,