{
    "average": {
        "max": {
            "1": {
                "Member size": 500.0,
                "Nonmember size": 1500.0,
                "ROC AUC Individual": 0.8487426666666666,
                "MIA": {
                    "1": 0.8487426666666666,
                    "best": {
                        "s": 1,
                        "ROC AUC": 0.8487426666666666
                    }
                }
            },
            "3": {
                "Member size": 170.0,
                "Nonmember size": 510.0,
                "ROC AUC Individual": 0.8487426666666666,
                "MIA": {
                    "1": 0.877670126874279,
                    "3": 0.8999999999999999,
                    "best": {
                        "s": 3,
                        "ROC AUC": 0.8999999999999999
                    }
                }
            },
            "5": {
                "Member size": 100.0,
                "Nonmember size": 300.0,
                "ROC AUC Individual": 0.8487426666666666,
                "MIA": {
                    "1": 0.8775666666666666,
                    "3": 0.9107333333333334,
                    "5": 0.9229,
                    "best": {
                        "s": 5,
                        "ROC AUC": 0.9229
                    }
                }
            },
            "8": {
                "Member size": 65.0,
                "Nonmember size": 195.0,
                "ROC AUC Individual": 0.8487426666666666,
                "MIA": {
                    "1": 0.8663510848126232,
                    "3": 0.9039842209072979,
                    "5": 0.9185798816568048,
                    "8": 0.9330177514792899,
                    "best": {
                        "s": 8,
                        "ROC AUC": 0.9330177514792899
                    }
                }
            },
            "10": {
                "Member size": 50.0,
                "Nonmember size": 150.0,
                "ROC AUC Individual": 0.8487426666666666,
                "MIA": {
                    "1": 0.8618666666666667,
                    "3": 0.8981333333333333,
                    "5": 0.9169333333333334,
                    "8": 0.9290666666666667,
                    "10": 0.9346666666666668,
                    "best": {
                        "s": 10,
                        "ROC AUC": 0.9346666666666668
                    }
                }
            },
            "30": {
                "Member size": 20.0,
                "Nonmember size": 60.0,
                "ROC AUC Individual": 0.8487426666666666,
                "MIA": {
                    "1": 0.8666666666666667,
                    "3": 0.8908333333333334,
                    "5": 0.8966666666666666,
                    "8": 0.9033333333333333,
                    "10": 0.9066666666666666,
                    "30": 0.9441666666666667,
                    "best": {
                        "s": 30,
                        "ROC AUC": 0.9441666666666667
                    }
                }
            },
            "50": {
                "Member size": 10.0,
                "Nonmember size": 30.0,
                "ROC AUC Individual": 0.8487426666666666,
                "MIA": {
                    "1": 0.8566666666666667,
                    "3": 0.8766666666666667,
                    "5": 0.8833333333333334,
                    "8": 0.9,
                    "10": 0.9099999999999999,
                    "30": 0.9333333333333333,
                    "50": 0.9466666666666667,
                    "best": {
                        "s": 50,
                        "ROC AUC": 0.9466666666666667
                    }
                }
            },
            "80": {
                "Member size": 10.0,
                "Nonmember size": 30.0,
                "ROC AUC Individual": 0.8487426666666666,
                "MIA": {
                    "1": 0.8266666666666667,
                    "3": 0.8700000000000001,
                    "5": 0.9033333333333333,
                    "8": 0.9133333333333333,
                    "10": 0.9166666666666666,
                    "30": 0.9266666666666667,
                    "50": 0.9400000000000001,
                    "80": 0.9466666666666667,
                    "best": {
                        "s": 80,
                        "ROC AUC": 0.9466666666666667
                    }
                }
            },
            "100": {
                "Member size": 5.0,
                "Nonmember size": 15.0,
                "ROC AUC Individual": 0.8487426666666666,
                "MIA": {
                    "1": 0.8400000000000001,
                    "3": 0.8666666666666667,
                    "5": 0.8666666666666667,
                    "8": 0.8666666666666667,
                    "10": 0.9066666666666667,
                    "30": 0.9333333333333333,
                    "50": 0.9466666666666667,
                    "80": 0.9466666666666667,
                    "100": 0.9466666666666667,
                    "best": {
                        "s": 50,
                        "ROC AUC": 0.9466666666666667
                    }
                }
            }
        },
        "min": {
            "1": {
                "Member size": 500.0,
                "Nonmember size": 1500.0,
                "ROC AUC Individual": 0.8487426666666666,
                "MIA": {
                    "1": 0.8487426666666666,
                    "best": {
                        "s": 1,
                        "ROC AUC": 0.8487426666666666
                    }
                }
            },
            "3": {
                "Member size": 170.0,
                "Nonmember size": 510.0,
                "ROC AUC Individual": 0.8487426666666666,
                "MIA": {
                    "1": 0.8507266435986159,
                    "3": 0.8999999999999999,
                    "best": {
                        "s": 3,
                        "ROC AUC": 0.8999999999999999
                    }
                }
            },
            "5": {
                "Member size": 100.0,
                "Nonmember size": 300.0,
                "ROC AUC Individual": 0.8487426666666666,
                "MIA": {
                    "1": 0.8649333333333334,
                    "3": 0.9163,
                    "5": 0.9229,
                    "best": {
                        "s": 5,
                        "ROC AUC": 0.9229
                    }
                }
            },
            "8": {
                "Member size": 65.0,
                "Nonmember size": 195.0,
                "ROC AUC Individual": 0.8487426666666666,
                "MIA": {
                    "1": 0.8500197238658778,
                    "3": 0.9119526627218935,
                    "5": 0.9335700197238659,
                    "8": 0.9330177514792899,
                    "best": {
                        "s": 5,
                        "ROC AUC": 0.9335700197238659
                    }
                }
            },
            "10": {
                "Member size": 50.0,
                "Nonmember size": 150.0,
                "ROC AUC Individual": 0.8487426666666666,
                "MIA": {
                    "1": 0.8364,
                    "3": 0.9086666666666666,
                    "5": 0.9365333333333332,
                    "8": 0.9431999999999999,
                    "10": 0.9346666666666668,
                    "best": {
                        "s": 8,
                        "ROC AUC": 0.9431999999999999
                    }
                }
            },
            "30": {
                "Member size": 20.0,
                "Nonmember size": 60.0,
                "ROC AUC Individual": 0.8487426666666666,
                "MIA": {
                    "1": 0.8241666666666666,
                    "3": 0.8699999999999999,
                    "5": 0.8991666666666667,
                    "8": 0.9166666666666666,