{
    "average": {
        "max": {
            "1": {
                "Member size": 92200.0,
                "Nonmember size": 7400.0,
                "ROC AUC Individual": 0.5569059293838307,
                "MIA": {
                    "1": 0.5569059293838307,
                    "best": {
                        "s": 1,
                        "ROC AUC": 0.5569059293838307
                    }
                }
            },
            "3": {
                "Member size": 31348.0,
                "Nonmember size": 2516.0,
                "ROC AUC Individual": 0.5569059293838307,
                "MIA": {
                    "1": 0.614822618969614,
                    "3": 0.5790784709643404,
                    "best": {
                        "s": 1,
                        "ROC AUC": 0.614822618969614
                    }
                }
            },
            "5": {
                "Member size": 18440.0,
                "Nonmember size": 1480.0,
                "ROC AUC Individual": 0.5569059293838307,
                "MIA": {
                    "1": 0.6392002000644896,
                    "3": 0.6470631375681538,
                    "5": 0.6005588614645014,
                    "best": {
                        "s": 3,
                        "ROC AUC": 0.6470631375681538
                    }
                }
            },
            "8": {
                "Member size": 11986.0,
                "Nonmember size": 962.0,
                "ROC AUC Individual": 0.5569059293838307,
                "MIA": {
                    "1": 0.6531614499660553,
                    "3": 0.6773165366524285,
                    "5": 0.6704058841344007,
                    "8": 0.6187321625749792,
                    "best": {
                        "s": 3,
                        "ROC AUC": 0.6773165366524285
                    }
                }
            },
            "10": {
                "Member size": 9220.0,
                "Nonmember size": 740.0,
                "ROC AUC Individual": 0.5569059293838307,
                "MIA": {
                    "1": 0.6646703699360966,
                    "3": 0.6991099695139824,
                    "5": 0.7049407867737586,
                    "8": 0.6760961775224248,
                    "10": 0.6376424635047195,
                    "best": {
                        "s": 5,
                        "ROC AUC": 0.7049407867737586
                    }
                }
            },
            "30": {
                "Member size": 3688.0,
                "Nonmember size": 296.0,
                "ROC AUC Individual": 0.5569059293838307,
                "MIA": {
                    "1": 0.6567423748314476,
                    "3": 0.6962693102538546,
                    "5": 0.6981481210060385,
                    "8": 0.6818525751890719,
                    "10": 0.6738261784018291,
                    "30": 0.7004309081315588,
                    "best": {
                        "s": 30,
                        "ROC AUC": 0.7004309081315588
                    }
                }
            },
            "50": {
                "Member size": 1844.0,
                "Nonmember size": 148.0,
                "ROC AUC Individual": 0.5569059293838307,
                "MIA": {
                    "1": 0.657169710382834,
                    "3": 0.7258896640675383,
                    "5": 0.7645211643313595,
                    "8": 0.7971690508295715,
                    "10": 0.8111772292900276,
                    "30": 0.8625417717066309,
                    "50": 0.7882430966758516,
                    "best": {
                        "s": 30,
                        "ROC AUC": 0.8625417717066309
                    }
                }
            },
            "80": {
                "Member size": 1844.0,
                "Nonmember size": 148.0,
                "ROC AUC Individual": 0.5569059293838307,
                "MIA": {
                    "1": 0.6404115612358563,
                    "3": 0.6721287447968576,
                    "5": 0.6782919036172832,
                    "8": 0.6704688690860057,
                    "10": 0.6640748666236735,
                    "30": 0.6423499149909128,
                    "50": 0.6579923198686757,
                    "80": 0.7478454593422055,
                    "best": {
                        "s": 80,
                        "ROC AUC": 0.7478454593422055
                    }
                }
            },
            "100": {
                "Member size": 922.0,
                "Nonmember size": 74.0,
                "ROC AUC Individual": 0.5569059293838307,
                "MIA": {
                    "1": 0.6035938324441579,
                    "3": 0.685598288092865,
                    "5": 0.7224746438412383,
                    "8": 0.7666060854781029,
                    "10": 0.7928856188075277,
                    "30": 0.8915841003693499,
                    "50": 0.9148443454300288,
                    "80": 0.9010083836548044,
                    "100": 0.8532127572257725,
                    "best": {
                        "s": 50,
                        "ROC AUC": 0.9148443454300288
                    }
                }
            }
        },
        "min": {
            "1": {
                "Member size": 92200.0,
                "Nonmember size": 7400.0,
                "ROC AUC Individual": 0.5569059293838307,
                "MIA": {
                    "1": 0.5569059293838307,
                    "best": {
                        "s": 1,
                        "ROC AUC": 0.5569059293838307
                    }
                }
            },
            "3": {
                "Member size": 31348.0,
                "Nonmember size": 2516.0,
                "ROC AUC Individual": 0.5569059293838307,
                "MIA": {
                    "1": 0.5276424198895096,
                    "3": 0.5790784709643404,
                    "best": {
                        "s": 3,
                        "ROC AUC": 0.5790784709643404
                    }
                }
            },
            "5": {
                "Member size": 18440.0,
                "Nonmember size": 1480.0,
                "ROC AUC Individual": 0.5569059293838307,
                "MIA": {
                    "1": 0.5068951713372809,
                    "3": 0.5591276308846808,
                    "5": 0.6005588614645014,
                    "best": {
                        "s": 5,
                        "ROC AUC": 0.6005588614645014
                    }
                }
            },
            "8": {
                "Member size": 11986.0,
                "Nonmember size": 962.0,
                "ROC AUC Individual": 0.5569059293838307,
                "MIA": {
                    "1": 0.4980026940647665,
                    "3": 0.5375362125528986,
                    "5": 0.5739656244828947,
                    "8": 0.6187321625749792,
                    "best": {
                        "s": 8,
                        "ROC AUC": 0.6187321625749792
                    }
                }
            },
            "10": {
                "Member size": 9220.0,
                "Nonmember size": 740.0,
                "ROC AUC Individual": 0.5569059293838307,
                "MIA": {
                    "1": 0.49052060737527114,
                    "3": 0.5260257518907194,
                    "5": 0.5646804830861231,
                    "8": 0.6132539426628364,
                    "10": 0.6376424635047195,
                    "best": {
                        "s": 10,
                        "ROC AUC": 0.6376424635047195
                    }
                }
            },
            "30": {
                "Member size": 3688.0,
                "Nonmember size": 296.0,
                "ROC AUC Individual": 0.5569059293838307,
                "MIA": {
                    "1": 0.47627073928592367,