{
    "average": {
        "max": {
            "1": {
                "Member size": 76700.0,
                "Nonmember size": 23000.0,
                "ROC AUC Individual": 0.4937410413186165,
                "MIA": {
                    "1": 0.4937410413186165,
                    "best": {
                        "s": 1,
                        "ROC AUC": 0.4937410413186165
                    }
                }
            },
            "3": {
                "Member size": 26078.0,
                "Nonmember size": 7820.0,
                "ROC AUC Individual": 0.4937410413186165,
                "MIA": {
                    "1": 0.49388162203192576,
                    "3": 0.49156569551680085,
                    "best": {
                        "s": 1,
                        "ROC AUC": 0.49388162203192576
                    }
                }
            },
            "5": {
                "Member size": 15340.0,
                "Nonmember size": 4600.0,
                "ROC AUC Individual": 0.4937410413186165,
                "MIA": {
                    "1": 0.4915543237313408,
                    "3": 0.4897914563459205,
                    "5": 0.4925663072398109,
                    "best": {
                        "s": 5,
                        "ROC AUC": 0.4925663072398109
                    }
                }
            },
            "8": {
                "Member size": 9971.0,
                "Nonmember size": 2990.0,
                "ROC AUC Individual": 0.4937410413186165,
                "MIA": {
                    "1": 0.49341650988535646,
                    "3": 0.49163018985167256,
                    "5": 0.48928962150240585,
                    "8": 0.49253066128683354,
                    "best": {
                        "s": 1,
                        "ROC AUC": 0.49341650988535646
                    }
                }
            },
            "10": {
                "Member size": 7670.0,
                "Nonmember size": 2300.0,
                "ROC AUC Individual": 0.4937410413186165,
                "MIA": {
                    "1": 0.49076584442164106,
                    "3": 0.49012643580362464,
                    "5": 0.48786435168376147,
                    "8": 0.4843757411389568,
                    "10": 0.4905505104173712,
                    "best": {
                        "s": 1,
                        "ROC AUC": 0.49076584442164106
                    }
                }
            },
            "30": {
                "Member size": 3068.0,
                "Nonmember size": 920.0,
                "ROC AUC Individual": 0.4937410413186165,
                "MIA": {
                    "1": 0.48980610566904353,
                    "3": 0.4884151358252358,
                    "5": 0.4876675650755372,
                    "8": 0.48823072558337466,
                    "10": 0.4888651677423931,
                    "30": 0.48682183952846586,
                    "best": {
                        "s": 1,
                        "ROC AUC": 0.48980610566904353
                    }
                }
            },
            "50": {
                "Member size": 1534.0,
                "Nonmember size": 460.0,
                "ROC AUC Individual": 0.4937410413186165,
                "MIA": {
                    "1": 0.48591207981406953,
                    "3": 0.48394168864687037,
                    "5": 0.48302419240477606,
                    "8": 0.4805198672679316,
                    "10": 0.4795966987152216,
                    "30": 0.47084457444693717,
                    "50": 0.48097365450885976,
                    "best": {
                        "s": 1,
                        "ROC AUC": 0.48591207981406953
                    }
                }
            },
            "80": {
                "Member size": 1534.0,
                "Nonmember size": 460.0,
                "ROC AUC Individual": 0.4937410413186165,
                "MIA": {
                    "1": 0.49457088600419474,
                    "3": 0.49540542840125923,
                    "5": 0.49371381541605175,
                    "8": 0.49268787603587244,
                    "10": 0.49229197411738,
                    "30": 0.49483944302358623,
                    "50": 0.49260129267389874,
                    "80": 0.49390536107928246,
                    "best": {
                        "s": 3,
                        "ROC AUC": 0.49540542840125923
                    }
                }
            },
            "100": {
                "Member size": 767.0,
                "Nonmember size": 230.0,
                "ROC AUC Individual": 0.4937410413186165,
                "MIA": {
                    "1": 0.4884133552519698,
                    "3": 0.4818150898475143,
                    "5": 0.4813956124936228,
                    "8": 0.4797120344651664,
                    "10": 0.4789297658862876,
                    "30": 0.4756635407786303,
                    "50": 0.46704325002852903,
                    "80": 0.45956521739130435,
                    "100": 0.481152237702456,
                    "best": {
                        "s": 1,
                        "ROC AUC": 0.4884133552519698
                    }
                }
            }
        },
        "min": {
            "1": {
                "Member size": 76700.0,
                "Nonmember size": 23000.0,
                "ROC AUC Individual": 0.4937410413186165,
                "MIA": {
                    "1": 0.4937410413186165,
                    "best": {
                        "s": 1,
                        "ROC AUC": 0.4937410413186165
                    }
                }
            },
            "3": {
                "Member size": 26078.0,
                "Nonmember size": 7820.0,
                "ROC AUC Individual": 0.4937410413186165,
                "MIA": {
                    "1": 0.490395669988048,
                    "3": 0.49156569551680085,
                    "best": {
                        "s": 3,
                        "ROC AUC": 0.49156569551680085
                    }
                }
            },
            "5": {
                "Member size": 15340.0,
                "Nonmember size": 4600.0,
                "ROC AUC Individual": 0.4937410413186165,
                "MIA": {
                    "1": 0.4916377912465167,
                    "3": 0.4907791757535882,
                    "5": 0.4925663072398109,
                    "best": {
                        "s": 5,
                        "ROC AUC": 0.4925663072398109
                    }
                }
            },
            "8": {
                "Member size": 9971.0,
                "Nonmember size": 2990.0,
                "ROC AUC Individual": 0.4937410413186165,
                "MIA": {
                    "1": 0.4949617852626041,
                    "3": 0.49330143797605996,
                    "5": 0.4918563618674039,
                    "8": 0.49253066128683354,
                    "best": {
                        "s": 1,
                        "ROC AUC": 0.4949617852626041
                    }
                }
            },
            "10": {
                "Member size": 7670.0,
                "Nonmember size": 2300.0,
                "ROC AUC Individual": 0.4937410413186165,
                "MIA": {
                    "1": 0.4962249354774667,
                    "3": 0.4934486570432436,
                    "5": 0.49272671297508963,
                    "8": 0.4910950627613827,
                    "10": 0.4905505104173712,
                    "best": {
                        "s": 1,
                        "ROC AUC": 0.4962249354774667
                    }
                }
            },
            "30": {
                "Member size": 3068.0,
                "Nonmember size": 920.0,
                "ROC AUC Individual": 0.4937410413186165,