{
    "average": {
        "max": {
            "1": {
                "Member size": 400.0,
                "Nonmember size": 900.0,
                "ROC AUC Individual": 0.5347583333333333,
                "MIA": {
                    "1": 0.5347583333333333,
                    "best": {
                        "s": 1,
                        "ROC AUC": 0.5347583333333333
                    }
                }
            },
            "3": {
                "Member size": 136.0,
                "Nonmember size": 306.0,
                "ROC AUC Individual": 0.5347583333333333,
                "MIA": {
                    "1": 0.6382400999615534,
                    "3": 0.5379901960784313,
                    "best": {
                        "s": 1,
                        "ROC AUC": 0.6382400999615534
                    }
                }
            },
            "5": {
                "Member size": 80.0,
                "Nonmember size": 180.0,
                "ROC AUC Individual": 0.5347583333333333,
                "MIA": {
                    "1": 0.7159027777777778,
                    "3": 0.6721527777777778,
                    "5": 0.5393055555555556,
                    "best": {
                        "s": 1,
                        "ROC AUC": 0.7159027777777778
                    }
                }
            },
            "8": {
                "Member size": 52.0,
                "Nonmember size": 117.0,
                "ROC AUC Individual": 0.5347583333333333,
                "MIA": {
                    "1": 0.6873767258382643,
                    "3": 0.7006903353057199,
                    "5": 0.6748849441157134,
                    "8": 0.5128205128205128,
                    "best": {
                        "s": 3,
                        "ROC AUC": 0.7006903353057199
                    }
                }
            },
            "10": {
                "Member size": 40.0,
                "Nonmember size": 90.0,
                "ROC AUC Individual": 0.5347583333333333,
                "MIA": {
                    "1": 0.7286111111111112,
                    "3": 0.7336111111111111,
                    "5": 0.725,
                    "8": 0.6608333333333333,
                    "10": 0.5283333333333333,
                    "best": {
                        "s": 3,
                        "ROC AUC": 0.7336111111111111
                    }
                }
            },
            "30": {
                "Member size": 16.0,
                "Nonmember size": 36.0,
                "ROC AUC Individual": 0.5347583333333333,
                "MIA": {
                    "1": 0.7135416666666666,
                    "3": 0.736111111111111,
                    "5": 0.7395833333333333,
                    "8": 0.7291666666666666,
                    "10": 0.6631944444444445,
                    "30": 0.5277777777777778,
                    "best": {
                        "s": 5,
                        "ROC AUC": 0.7395833333333333
                    }
                }
            },
            "50": {
                "Member size": 8.0,
                "Nonmember size": 18.0,
                "ROC AUC Individual": 0.5347583333333333,
                "MIA": {
                    "1": 0.6180555555555556,
                    "3": 0.6736111111111112,
                    "5": 0.7013888888888888,
                    "8": 0.7152777777777777,
                    "10": 0.7222222222222222,
                    "30": 0.763888888888889,
                    "50": 0.4444444444444444,
                    "best": {
                        "s": 30,
                        "ROC AUC": 0.763888888888889
                    }
                }
            },
            "80": {
                "Member size": 8.0,
                "Nonmember size": 18.0,
                "ROC AUC Individual": 0.5347583333333333,
                "MIA": {
                    "1": 0.6805555555555556,
                    "3": 0.7222222222222222,
                    "5": 0.75,
                    "8": 0.7222222222222222,
                    "10": 0.7222222222222222,
                    "30": 0.5902777777777778,
                    "50": 0.5902777777777778,
                    "80": 0.4791666666666667,
                    "best": {
                        "s": 5,
                        "ROC AUC": 0.75
                    }
                }
            },
            "100": {
                "Member size": 4.0,
                "Nonmember size": 9.0,
                "ROC AUC Individual": 0.5347583333333333,
                "MIA": {
                    "1": 0.5555555555555556,
                    "3": 0.6666666666666666,
                    "5": 0.6944444444444444,
                    "8": 0.6666666666666666,
                    "10": 0.6666666666666666,
                    "30": 0.6944444444444444,
                    "50": 0.6666666666666667,
                    "80": 0.8333333333333334,
                    "100": 0.5277777777777778,
                    "best": {
                        "s": 80,
                        "ROC AUC": 0.8333333333333334
                    }
                }
            }
        },
        "min": {
            "1": {
                "Member size": 400.0,
                "Nonmember size": 900.0,
                "ROC AUC Individual": 0.5347583333333333,
                "MIA": {
                    "1": 0.5347583333333333,
                    "best": {
                        "s": 1,
                        "ROC AUC": 0.5347583333333333
                    }
                }
            },
            "3": {
                "Member size": 136.0,
                "Nonmember size": 306.0,
                "ROC AUC Individual": 0.5347583333333333,
                "MIA": {
                    "1": 0.43415993848519807,
                    "3": 0.5379901960784313,
                    "best": {
                        "s": 3,
                        "ROC AUC": 0.5379901960784313
                    }
                }
            },
            "5": {
                "Member size": 80.0,
                "Nonmember size": 180.0,
                "ROC AUC Individual": 0.5347583333333333,
                "MIA": {
                    "1": 0.39708333333333334,
                    "3": 0.4144444444444444,
                    "5": 0.5393055555555556,
                    "best": {
                        "s": 5,
                        "ROC AUC": 0.5393055555555556
                    }
                }
            },
            "8": {
                "Member size": 52.0,
                "Nonmember size": 117.0,
                "ROC AUC Individual": 0.5347583333333333,
                "MIA": {
                    "1": 0.35880999342537806,
                    "3": 0.3869165023011177,
                    "5": 0.41255752794214334,
                    "8": 0.5128205128205128,
                    "best": {
                        "s": 8,
                        "ROC AUC": 0.5128205128205128
                    }
                }
            },
            "10": {
                "Member size": 40.0,
                "Nonmember size": 90.0,
                "ROC AUC Individual": 0.5347583333333333,
                "MIA": {
                    "1": 0.32638888888888884,
                    "3": 0.3597222222222222,
                    "5": 0.37027777777777776,
                    "8": 0.4094444444444445,
                    "10": 0.5283333333333333,
                    "best": {
                        "s": 10,
                        "ROC AUC": 0.5283333333333333
                    }
                }
            },
            "30": {
                "Member size": 16.0,
                "Nonmember size": 36.0,
                "ROC AUC Individual": 0.5347583333333333,
                "MIA": {
                    "1": 0.23784722222222227,
                    "3": 0.2795138888888889,
                    "5": 0.3107638888888889,