{
    "average": {
        "max": {
            "1": {
                "Member size": 500.0,
                "Nonmember size": 1500.0,
                "ROC AUC Individual": 0.66272,
                "MIA": {
                    "1": 0.66272,
                    "best": {
                        "s": 1,
                        "ROC AUC": 0.66272
                    }
                }
            },
            "3": {
                "Member size": 170.0,
                "Nonmember size": 510.0,
                "ROC AUC Individual": 0.66272,
                "MIA": {
                    "1": 0.6873241061130334,
                    "3": 0.7194002306805075,
                    "best": {
                        "s": 3,
                        "ROC AUC": 0.7194002306805075
                    }
                }
            },
            "5": {
                "Member size": 100.0,
                "Nonmember size": 300.0,
                "ROC AUC Individual": 0.66272,
                "MIA": {
                    "1": 0.6927666666666668,
                    "3": 0.7278333333333333,
                    "5": 0.7349333333333333,
                    "best": {
                        "s": 5,
                        "ROC AUC": 0.7349333333333333
                    }
                }
            },
            "8": {
                "Member size": 65.0,
                "Nonmember size": 195.0,
                "ROC AUC Individual": 0.66272,
                "MIA": {
                    "1": 0.7328599605522683,
                    "3": 0.7430374753451676,
                    "5": 0.7419329388560157,
                    "8": 0.7457199211045364,
                    "best": {
                        "s": 8,
                        "ROC AUC": 0.7457199211045364
                    }
                }
            },
            "10": {
                "Member size": 50.0,
                "Nonmember size": 150.0,
                "ROC AUC Individual": 0.66272,
                "MIA": {
                    "1": 0.7223999999999999,
                    "3": 0.7508,
                    "5": 0.7509333333333333,
                    "8": 0.7501333333333332,
                    "10": 0.7527999999999999,
                    "best": {
                        "s": 10,
                        "ROC AUC": 0.7527999999999999
                    }
                }
            },
            "30": {
                "Member size": 20.0,
                "Nonmember size": 60.0,
                "ROC AUC Individual": 0.66272,
                "MIA": {
                    "1": 0.8008333333333333,
                    "3": 0.7833333333333333,
                    "5": 0.7625000000000001,
                    "8": 0.745,
                    "10": 0.7208333333333334,
                    "30": 0.7466666666666667,
                    "best": {
                        "s": 1,
                        "ROC AUC": 0.8008333333333333
                    }
                }
            },
            "50": {
                "Member size": 10.0,
                "Nonmember size": 30.0,
                "ROC AUC Individual": 0.66272,
                "MIA": {
                    "1": 0.8900000000000001,
                    "3": 0.8700000000000001,
                    "5": 0.8466666666666667,
                    "8": 0.7999999999999999,
                    "10": 0.7866666666666666,
                    "30": 0.7366666666666667,
                    "50": 0.7333333333333333,
                    "best": {
                        "s": 1,
                        "ROC AUC": 0.8900000000000001
                    }
                }
            },
            "80": {
                "Member size": 10.0,
                "Nonmember size": 30.0,
                "ROC AUC Individual": 0.66272,
                "MIA": {
                    "1": 0.8666666666666667,
                    "3": 0.8366666666666667,
                    "5": 0.8133333333333334,
                    "8": 0.77,
                    "10": 0.7566666666666666,
                    "30": 0.74,
                    "50": 0.7433333333333333,
                    "80": 0.7566666666666667,
                    "best": {
                        "s": 1,
                        "ROC AUC": 0.8666666666666667
                    }
                }
            },
            "100": {
                "Member size": 5.0,
                "Nonmember size": 15.0,
                "ROC AUC Individual": 0.66272,
                "MIA": {
                    "1": 0.9733333333333334,
                    "3": 0.9466666666666668,
                    "5": 0.8800000000000001,
                    "8": 0.8400000000000001,
                    "10": 0.8133333333333335,
                    "30": 0.7466666666666667,
                    "50": 0.7200000000000001,
                    "80": 0.7200000000000001,
                    "100": 0.7333333333333334,
                    "best": {
                        "s": 1,
                        "ROC AUC": 0.9733333333333334
                    }
                }
            }
        },
        "min": {
            "1": {
                "Member size": 500.0,
                "Nonmember size": 1500.0,
                "ROC AUC Individual": 0.66272,
                "MIA": {
                    "1": 0.66272,
                    "best": {
                        "s": 1,
                        "ROC AUC": 0.66272
                    }
                }
            },
            "3": {
                "Member size": 170.0,
                "Nonmember size": 510.0,
                "ROC AUC Individual": 0.66272,
                "MIA": {
                    "1": 0.7022722029988466,
                    "3": 0.7194002306805075,
                    "best": {
                        "s": 3,
                        "ROC AUC": 0.7194002306805075
                    }
                }
            },
            "5": {
                "Member size": 100.0,
                "Nonmember size": 300.0,
                "ROC AUC Individual": 0.66272,
                "MIA": {
                    "1": 0.6963666666666667,
                    "3": 0.7238666666666667,
                    "5": 0.7349333333333333,
                    "best": {
                        "s": 5,
                        "ROC AUC": 0.7349333333333333
                    }
                }
            },
            "8": {
                "Member size": 65.0,
                "Nonmember size": 195.0,
                "ROC AUC Individual": 0.66272,
                "MIA": {
                    "1": 0.674319526627219,
                    "3": 0.7136883629191322,
                    "5": 0.7261538461538461,
                    "8": 0.7457199211045364,
                    "best": {
                        "s": 8,
                        "ROC AUC": 0.7457199211045364
                    }
                }
            },
            "10": {
                "Member size": 50.0,
                "Nonmember size": 150.0,
                "ROC AUC Individual": 0.66272,
                "MIA": {
                    "1": 0.6782666666666667,
                    "3": 0.7189333333333333,
                    "5": 0.7452,
                    "8": 0.7410666666666665,
                    "10": 0.7527999999999999,
                    "best": {
                        "s": 10,
                        "ROC AUC": 0.7527999999999999
                    }
                }
            },
            "30": {
                "Member size": 20.0,
                "Nonmember size": 60.0,
                "ROC AUC Individual": 0.66272,
                "MIA": {
                    "1": 0.6241666666666666,
                    "3": 0.675,
                    "5": 0.7208333333333333,
                    "8": 0.7333333333333334,
                    "10": 0.7275,
                    "30": 0.7466666666666667,
                    "best": {
                        "s": 30,