{
    "average": {
        "max": {
            "1": {
                "Member size": 76700.0,
                "Nonmember size": 23000.0,
                "ROC AUC Individual": 0.5997550295538453,
                "MIA": {
                    "1": 0.5997550295538453,
                    "best": {
                        "s": 1,
                        "ROC AUC": 0.5997550295538453
                    }
                }
            },
            "3": {
                "Member size": 26078.0,
                "Nonmember size": 7820.0,
                "ROC AUC Individual": 0.5997550295538453,
                "MIA": {
                    "1": 0.6401833266717833,
                    "3": 0.6482596940848264,
                    "best": {
                        "s": 3,
                        "ROC AUC": 0.6482596940848264
                    }
                }
            },
            "5": {
                "Member size": 15340.0,
                "Nonmember size": 4600.0,
                "ROC AUC Individual": 0.5997550295538453,
                "MIA": {
                    "1": 0.6574924870840113,
                    "3": 0.6994061523560253,
                    "5": 0.682861506948183,
                    "best": {
                        "s": 3,
                        "ROC AUC": 0.6994061523560253
                    }
                }
            },
            "8": {
                "Member size": 9971.0,
                "Nonmember size": 2990.0,
                "ROC AUC Individual": 0.5997550295538453,
                "MIA": {
                    "1": 0.6610503403012549,
                    "3": 0.7038058281676542,
                    "5": 0.7228529733404515,
                    "8": 0.7103316746410198,
                    "best": {
                        "s": 5,
                        "ROC AUC": 0.7228529733404515
                    }
                }
            },
            "10": {
                "Member size": 7670.0,
                "Nonmember size": 2300.0,
                "ROC AUC Individual": 0.5997550295538453,
                "MIA": {
                    "1": 0.6632970868237937,
                    "3": 0.7178664424105432,
                    "5": 0.7496777708796782,
                    "8": 0.7610493175086477,
                    "10": 0.7360030567852494,
                    "best": {
                        "s": 8,
                        "ROC AUC": 0.7610493175086477
                    }
                }
            },
            "30": {
                "Member size": 3068.0,
                "Nonmember size": 920.0,
                "ROC AUC Individual": 0.5997550295538453,
                "MIA": {
                    "1": 0.646682780227102,
                    "3": 0.6929051898895678,
                    "5": 0.7110326441475935,
                    "8": 0.7149887262826512,
                    "10": 0.7063532874671963,
                    "30": 0.8047927249506386,
                    "best": {
                        "s": 30,
                        "ROC AUC": 0.8047927249506386
                    }
                }
            },
            "50": {
                "Member size": 1534.0,
                "Nonmember size": 460.0,
                "ROC AUC Individual": 0.5997550295538453,
                "MIA": {
                    "1": 0.6378656255314324,
                    "3": 0.7036222436369821,
                    "5": 0.7484127883906808,
                    "8": 0.7937361827560796,
                    "10": 0.8157261493112635,
                    "30": 0.9085751941499915,
                    "50": 0.8718344855998867,
                    "best": {
                        "s": 30,
                        "ROC AUC": 0.9085751941499915
                    }
                }
            },
            "80": {
                "Member size": 1534.0,
                "Nonmember size": 460.0,
                "ROC AUC Individual": 0.5997550295538453,
                "MIA": {
                    "1": 0.6117588288645769,
                    "3": 0.6532197721217619,
                    "5": 0.6731775409557281,
                    "8": 0.6845076809704664,
                    "10": 0.6865257071594582,
                    "30": 0.6811499417067137,
                    "50": 0.7259481832462302,
                    "80": 0.8415665675331196,
                    "best": {
                        "s": 80,
                        "ROC AUC": 0.8415665675331196
                    }
                }
            },
            "100": {
                "Member size": 767.0,
                "Nonmember size": 230.0,
                "ROC AUC Individual": 0.5997550295538453,
                "MIA": {
                    "1": 0.6046029136670257,
                    "3": 0.6696955954877841,
                    "5": 0.7183209568618558,
                    "8": 0.7686469021030553,
                    "10": 0.7934130718213255,
                    "30": 0.9042061107646959,
                    "50": 0.9432485658018666,
                    "80": 0.9517538602049262,
                    "100": 0.9160255077285644,
                    "best": {
                        "s": 80,
                        "ROC AUC": 0.9517538602049262
                    }
                }
            }
        },
        "min": {
            "1": {
                "Member size": 76700.0,
                "Nonmember size": 23000.0,
                "ROC AUC Individual": 0.5997550295538453,
                "MIA": {
                    "1": 0.5997550295538453,
                    "best": {
                        "s": 1,
                        "ROC AUC": 0.5997550295538453
                    }
                }
            },
            "3": {
                "Member size": 26078.0,
                "Nonmember size": 7820.0,
                "ROC AUC Individual": 0.5997550295538453,
                "MIA": {
                    "1": 0.6086520145262657,
                    "3": 0.6482596940848264,
                    "best": {
                        "s": 3,
                        "ROC AUC": 0.6482596940848264
                    }
                }
            },
            "5": {
                "Member size": 15340.0,
                "Nonmember size": 4600.0,
                "ROC AUC Individual": 0.5997550295538453,
                "MIA": {
                    "1": 0.6092182102912711,
                    "3": 0.6538925475119732,
                    "5": 0.682861506948183,
                    "best": {
                        "s": 5,
                        "ROC AUC": 0.682861506948183
                    }
                }
            },
            "8": {
                "Member size": 9971.0,
                "Nonmember size": 2990.0,
                "ROC AUC Individual": 0.5997550295538453,
                "MIA": {
                    "1": 0.6088450757378445,
                    "3": 0.64903723755795,
                    "5": 0.6763769442861481,
                    "8": 0.7103316746410198,
                    "best": {
                        "s": 8,
                        "ROC AUC": 0.7103316746410198
                    }
                }
            },
            "10": {
                "Member size": 7670.0,
                "Nonmember size": 2300.0,
                "ROC AUC Individual": 0.5997550295538453,
                "MIA": {
                    "1": 0.6093802396191496,
                    "3": 0.6529513035984602,
                    "5": 0.6820929486098674,
                    "8": 0.7193109559497431,
                    "10": 0.7360030567852494,
                    "best": {
                        "s": 10,
                        "ROC AUC": 0.7360030567852494
                    }
                }
            },
            "30": {
                "Member size": 3068.0,
                "Nonmember size": 920.0,
                "ROC AUC Individual": 0.5997550295538453,
                "MIA": {
                    "1": 0.6042162135316154,