{
    "average": {
        "max": {
            "1": {
                "Member size": 922.0,
                "Nonmember size": 74.0,
                "ROC AUC Individual": 0.47527408102245416,
                "MIA": {
                    "1": 0.47527408102245416,
                    "best": {
                        "s": 1,
                        "ROC AUC": 0.47527408102245416
                    }
                }
            },
            "3": {
                "Member size": 922.0,
                "Nonmember size": 74.0,
                "ROC AUC Individual": 0.5033189371584166,
                "MIA": {
                    "1": 0.5247112622383772,
                    "3": 0.49214398780559293,
                    "best": {
                        "s": 1,
                        "ROC AUC": 0.5247112622383772
                    }
                }
            },
            "5": {
                "Member size": 922.0,
                "Nonmember size": 74.0,
                "ROC AUC Individual": 0.4828627542944246,
                "MIA": {
                    "1": 0.5106847628539603,
                    "3": 0.4761241718942369,
                    "5": 0.46266928533739815,
                    "best": {
                        "s": 1,
                        "ROC AUC": 0.5106847628539603
                    }
                }
            },
            "8": {
                "Member size": 922.0,
                "Nonmember size": 74.0,
                "ROC AUC Individual": 0.48464924133053877,
                "MIA": {
                    "1": 0.527246878114557,
                    "3": 0.47679838189599577,
                    "5": 0.46322624142580754,
                    "8": 0.4544028844462684,
                    "best": {
                        "s": 1,
                        "ROC AUC": 0.527246878114557
                    }
                }
            },
            "10": {
                "Member size": 922.0,
                "Nonmember size": 74.0,
                "ROC AUC Individual": 0.4941362783607903,
                "MIA": {
                    "1": 0.5442193820718767,
                    "3": 0.5180277891774637,
                    "5": 0.5026235563111919,
                    "8": 0.4869115319223779,
                    "10": 0.4923931523714604,
                    "best": {
                        "s": 1,
                        "ROC AUC": 0.5442193820718767
                    }
                }
            },
            "30": {
                "Member size": 922.0,
                "Nonmember size": 74.0,
                "ROC AUC Individual": 0.4980079048679916,
                "MIA": {
                    "1": 0.5294014187723516,
                    "3": 0.5573225068886674,
                    "5": 0.5590373453714017,
                    "8": 0.546154071642141,
                    "10": 0.5371694905317465,
                    "30": 0.507548220671865,
                    "best": {
                        "s": 5,
                        "ROC AUC": 0.5590373453714017
                    }
                }
            },
            "50": {
                "Member size": 922.0,
                "Nonmember size": 74.0,
                "ROC AUC Individual": 0.4982474878349065,
                "MIA": {
                    "1": 0.5430541713079673,
                    "3": 0.5557688925367884,
                    "5": 0.5640352934279181,
                    "8": 0.5719939027965057,
                    "10": 0.5617634988567743,
                    "30": 0.5114175998123938,
                    "50": 0.507416310019347,
                    "best": {
                        "s": 8,
                        "ROC AUC": 0.5719939027965057
                    }
                }
            },
            "80": {
                "Member size": 922.0,
                "Nonmember size": 74.0,
                "ROC AUC Individual": 0.5008829036465967,
                "MIA": {
                    "1": 0.5153602626487659,
                    "3": 0.543721052940142,
                    "5": 0.5554464442750777,
                    "8": 0.5719206191006625,
                    "10": 0.5782083602040218,
                    "30": 0.5512106466553321,
                    "50": 0.5257225772410155,
                    "80": 0.5183942076566805,
                    "best": {
                        "s": 10,
                        "ROC AUC": 0.5782083602040218
                    }
                }
            },
            "100": {
                "Member size": 922.0,
                "Nonmember size": 74.0,
                "ROC AUC Individual": 0.5005162572550859,
                "MIA": {
                    "1": 0.5166500556956088,
                    "3": 0.536744445095855,
                    "5": 0.5470041625139239,
                    "8": 0.5584364190654862,
                    "10": 0.5684030017001818,
                    "30": 0.5706894530104942,
                    "50": 0.5337837837837838,
                    "80": 0.5215600633171131,
                    "100": 0.5184968048308614,
                    "best": {
                        "s": 30,
                        "ROC AUC": 0.5706894530104942
                    }
                }
            }
        },
        "min": {
            "1": {
                "Member size": 922.0,
                "Nonmember size": 74.0,
                "ROC AUC Individual": 0.47527408102245416,
                "MIA": {
                    "1": 0.47527408102245416,
                    "best": {
                        "s": 1,
                        "ROC AUC": 0.47527408102245416
                    }
                }
            },
            "3": {
                "Member size": 922.0,
                "Nonmember size": 74.0,
                "ROC AUC Individual": 0.5033189371584166,
                "MIA": {
                    "1": 0.4876003986633054,
                    "3": 0.49214398780559293,
                    "best": {
                        "s": 3,
                        "ROC AUC": 0.49214398780559293
                    }
                }
            },
            "5": {
                "Member size": 922.0,
                "Nonmember size": 74.0,
                "ROC AUC Individual": 0.4828627542944246,
                "MIA": {
                    "1": 0.4564255144515448,
                    "3": 0.4624347775106994,
                    "5": 0.46266928533739815,
                    "best": {
                        "s": 5,
                        "ROC AUC": 0.46266928533739815
                    }
                }
            },
            "8": {
                "Member size": 922.0,
                "Nonmember size": 74.0,
                "ROC AUC Individual": 0.48464924133053877,
                "MIA": {
                    "1": 0.4838629301752946,
                    "3": 0.4638125109925544,
                    "5": 0.45485724336049715,
                    "8": 0.4544028844462684,
                    "best": {
                        "s": 1,
                        "ROC AUC": 0.4838629301752946
                    }
                }
            },
            "10": {
                "Member size": 922.0,
                "Nonmember size": 74.0,
                "ROC AUC Individual": 0.4941362783607903,
                "MIA": {
                    "1": 0.5077973852377323,
                    "3": 0.4963944421645072,
                    "5": 0.48644251626898044,
                    "8": 0.4812100603857654,
                    "10": 0.4923931523714604,
                    "best": {
                        "s": 1,
                        "ROC AUC": 0.5077973852377323
                    }
                }
            },
            "30": {
                "Member size": 922.0,
                "Nonmember size": 74.0,
                "ROC AUC Individual": 0.4980079048679916,
                "MIA": {
                    "1": 0.47319282406050306,
                    "3": 0.4794365949463563,