{
    "average": {
        "max": {
            "1": {
                "Member size": 76700.0,
                "Nonmember size": 23000.0,
                "ROC AUC Individual": 0.446609194001792,
                "MIA": {
                    "1": 0.446609194001792,
                    "best": {
                        "s": 1,
                        "ROC AUC": 0.446609194001792
                    }
                }
            },
            "3": {
                "Member size": 26078.0,
                "Nonmember size": 7820.0,
                "ROC AUC Individual": 0.446609194001792,
                "MIA": {
                    "1": 0.44835548116214086,
                    "3": 0.42264854515482064,
                    "best": {
                        "s": 1,
                        "ROC AUC": 0.44835548116214086
                    }
                }
            },
            "5": {
                "Member size": 15340.0,
                "Nonmember size": 4600.0,
                "ROC AUC Individual": 0.446609194001792,
                "MIA": {
                    "1": 0.442579994557422,
                    "3": 0.4180755701683496,
                    "5": 0.40389978188197523,
                    "best": {
                        "s": 1,
                        "ROC AUC": 0.442579994557422
                    }
                }
            },
            "8": {
                "Member size": 9971.0,
                "Nonmember size": 2990.0,
                "ROC AUC Individual": 0.446609194001792,
                "MIA": {
                    "1": 0.43989324895038423,
                    "3": 0.42274126715896204,
                    "5": 0.4082160886037687,
                    "8": 0.39016008832922855,
                    "best": {
                        "s": 1,
                        "ROC AUC": 0.43989324895038423
                    }
                }
            },
            "10": {
                "Member size": 7670.0,
                "Nonmember size": 2300.0,
                "ROC AUC Individual": 0.446609194001792,
                "MIA": {
                    "1": 0.4360260109872043,
                    "3": 0.4193177951201806,
                    "5": 0.4053936920790844,
                    "8": 0.38296419951126975,
                    "10": 0.37803521129920126,
                    "best": {
                        "s": 1,
                        "ROC AUC": 0.4360260109872043
                    }
                }
            },
            "30": {
                "Member size": 3068.0,
                "Nonmember size": 920.0,
                "ROC AUC Individual": 0.446609194001792,
                "MIA": {
                    "1": 0.42907706156703185,
                    "3": 0.422620753244911,
                    "5": 0.42378395630895804,
                    "8": 0.42233562664018726,
                    "10": 0.4238892829278672,
                    "30": 0.3431013144167242,
                    "best": {
                        "s": 1,
                        "ROC AUC": 0.42907706156703185
                    }
                }
            },
            "50": {
                "Member size": 1534.0,
                "Nonmember size": 460.0,
                "ROC AUC Individual": 0.446609194001792,
                "MIA": {
                    "1": 0.4127770534550196,
                    "3": 0.3976630080263196,
                    "5": 0.39623783998411755,
                    "8": 0.39669162483337583,
                    "10": 0.39554298193369064,
                    "30": 0.3595436626109646,
                    "50": 0.320767834382604,
                    "best": {
                        "s": 1,
                        "ROC AUC": 0.4127770534550196
                    }
                }
            },
            "80": {
                "Member size": 1534.0,
                "Nonmember size": 460.0,
                "ROC AUC Individual": 0.446609194001792,
                "MIA": {
                    "1": 0.42224505413525315,
                    "3": 0.4252394988946205,
                    "5": 0.4317450863609291,
                    "8": 0.4358178053830228,
                    "10": 0.4357866076746363,
                    "30": 0.42291199272995766,
                    "50": 0.3934472276403289,
                    "80": 0.3329327937492937,
                    "best": {
                        "s": 8,
                        "ROC AUC": 0.4358178053830228
                    }
                }
            },
            "100": {
                "Member size": 767.0,
                "Nonmember size": 230.0,
                "ROC AUC Individual": 0.446609194001792,
                "MIA": {
                    "1": 0.39627572133099026,
                    "3": 0.37949662717533017,
                    "5": 0.377603310469928,
                    "8": 0.38294881242559947,
                    "10": 0.3876310866730911,
                    "30": 0.386378323224307,
                    "50": 0.3654809518617769,
                    "80": 0.32038974229495776,
                    "100": 0.3059945472609228,
                    "best": {
                        "s": 1,
                        "ROC AUC": 0.39627572133099026
                    }
                }
            }
        },
        "min": {
            "1": {
                "Member size": 76700.0,
                "Nonmember size": 23000.0,
                "ROC AUC Individual": 0.446609194001792,
                "MIA": {
                    "1": 0.446609194001792,
                    "best": {
                        "s": 1,
                        "ROC AUC": 0.446609194001792
                    }
                }
            },
            "3": {
                "Member size": 26078.0,
                "Nonmember size": 7820.0,
                "ROC AUC Individual": 0.446609194001792,
                "MIA": {
                    "1": 0.4211044773513285,
                    "3": 0.42264854515482064,
                    "best": {
                        "s": 3,
                        "ROC AUC": 0.42264854515482064
                    }
                }
            },
            "5": {
                "Member size": 15340.0,
                "Nonmember size": 4600.0,
                "ROC AUC Individual": 0.446609194001792,
                "MIA": {
                    "1": 0.4177059022816448,
                    "3": 0.3971463828616642,
                    "5": 0.40389978188197523,
                    "best": {
                        "s": 1,
                        "ROC AUC": 0.4177059022816448
                    }
                }
            },
            "8": {
                "Member size": 9971.0,
                "Nonmember size": 2990.0,
                "ROC AUC Individual": 0.446609194001792,
                "MIA": {
                    "1": 0.41882118849369504,
                    "3": 0.3900542798419949,
                    "5": 0.3849330297941542,
                    "8": 0.39016008832922855,
                    "best": {
                        "s": 1,
                        "ROC AUC": 0.41882118849369504
                    }
                }
            },
            "10": {
                "Member size": 7670.0,
                "Nonmember size": 2300.0,
                "ROC AUC Individual": 0.446609194001792,
                "MIA": {
                    "1": 0.42519102011793886,
                    "3": 0.3857656708912276,
                    "5": 0.3670360708538279,
                    "8": 0.36737002713703354,
                    "10": 0.37803521129920126,
                    "best": {
                        "s": 1,
                        "ROC AUC": 0.42519102011793886
                    }
                }
            },
            "30": {
                "Member size": 3068.0,
                "Nonmember size": 920.0,
                "ROC AUC Individual": 0.446609194001792,
                "MIA": {
                    "1": 0.46170923211504405,