{
    "average": {
        "max": {
            "1": {
                "Member size": 769.0,
                "Nonmember size": 229.0,
                "ROC AUC Individual": 0.6125802806344087,
                "MIA": {
                    "1": 0.6125802806344087,
                    "best": {
                        "s": 1,
                        "ROC AUC": 0.6125802806344087
                    }
                }
            },
            "3": {
                "Member size": 769.0,
                "Nonmember size": 229.0,
                "ROC AUC Individual": 0.5881984391532888,
                "MIA": {
                    "1": 0.662971817309385,
                    "3": 0.6127336017399106,
                    "best": {
                        "s": 1,
                        "ROC AUC": 0.662971817309385
                    }
                }
            },
            "5": {
                "Member size": 769.0,
                "Nonmember size": 229.0,
                "ROC AUC Individual": 0.6005586566799733,
                "MIA": {
                    "1": 0.709973253984929,
                    "3": 0.7217960147869688,
                    "5": 0.6593432178125053,
                    "best": {
                        "s": 3,
                        "ROC AUC": 0.7217960147869688
                    }
                }
            },
            "8": {
                "Member size": 769.0,
                "Nonmember size": 229.0,
                "ROC AUC Individual": 0.5991030182963186,
                "MIA": {
                    "1": 0.7137097461116063,
                    "3": 0.755986621313905,
                    "5": 0.7607509327033918,
                    "8": 0.6771341446101954,
                    "best": {
                        "s": 5,
                        "ROC AUC": 0.7607509327033918
                    }
                }
            },
            "10": {
                "Member size": 769.0,
                "Nonmember size": 229.0,
                "ROC AUC Individual": 0.598073752499601,
                "MIA": {
                    "1": 0.7035678389106251,
                    "3": 0.7518753442626674,
                    "5": 0.7762534000374784,
                    "8": 0.750665811097041,
                    "10": 0.6889271743085881,
                    "best": {
                        "s": 5,
                        "ROC AUC": 0.7762534000374784
                    }
                }
            },
            "30": {
                "Member size": 769.0,
                "Nonmember size": 229.0,
                "ROC AUC Individual": 0.6000926474199815,
                "MIA": {
                    "1": 0.6637668156342099,
                    "3": 0.7326307062424404,
                    "5": 0.7772641836218988,
                    "8": 0.8131413223093567,
                    "10": 0.8293308953384706,
                    "30": 0.7858041595736807,
                    "best": {
                        "s": 10,
                        "ROC AUC": 0.8293308953384706
                    }
                }
            }
        },
        "min": {
            "1": {
                "Member size": 769.0,
                "Nonmember size": 229.0,
                "ROC AUC Individual": 0.6125802806344087,
                "MIA": {
                    "1": 0.6125802806344087,
                    "best": {
                        "s": 1,
                        "ROC AUC": 0.6125802806344087
                    }
                }
            },
            "3": {
                "Member size": 769.0,
                "Nonmember size": 229.0,
                "ROC AUC Individual": 0.5881984391532888,
                "MIA": {
                    "1": 0.5457209215166297,
                    "3": 0.6127336017399106,
                    "best": {
                        "s": 3,
                        "ROC AUC": 0.6127336017399106
                    }
                }
            },
            "5": {
                "Member size": 769.0,
                "Nonmember size": 229.0,
                "ROC AUC Individual": 0.6005586566799733,
                "MIA": {
                    "1": 0.564357953674312,
                    "3": 0.6148403473006967,
                    "5": 0.6593432178125053,
                    "best": {
                        "s": 5,
                        "ROC AUC": 0.6593432178125053
                    }
                }
            },
            "8": {
                "Member size": 769.0,
                "Nonmember size": 229.0,
                "ROC AUC Individual": 0.5991030182963186,
                "MIA": {
                    "1": 0.5578900744459147,
                    "3": 0.5886678667355665,
                    "5": 0.6288947819717094,
                    "8": 0.6771341446101954,
                    "best": {
                        "s": 8,
                        "ROC AUC": 0.6771341446101954
                    }
                }
            },
            "10": {
                "Member size": 769.0,
                "Nonmember size": 229.0,
                "ROC AUC Individual": 0.598073752499601,
                "MIA": {
                    "1": 0.5600024985661638,
                    "3": 0.5885940454625471,
                    "5": 0.6214785833129852,
                    "8": 0.6709104434387083,
                    "10": 0.6889271743085881,
                    "best": {
                        "s": 10,
                        "ROC AUC": 0.6889271743085881
                    }
                }
            },
            "30": {
                "Member size": 769.0,
                "Nonmember size": 229.0,
                "ROC AUC Individual": 0.6000926474199815,
                "MIA": {
                    "1": 0.5492018784674704,
                    "3": 0.5699713427947599,
                    "5": 0.5937669021822675,
                    "8": 0.6278929419333534,
                    "10": 0.6490153322364113,
                    "30": 0.7858041595736807,
                    "best": {
                        "s": 30,
                        "ROC AUC": 0.7858041595736807
                    }
                }
            }
        },
        "Total individual ROC AUC": 0.5997828422414812
    },
    "std": {
        "max": {
            "1": {
                "Member size": 0.0,
                "Nonmember size": 0.0,
                "ROC AUC Individual": 0.0,
                "MIA": {
                    "1": 0.0
                }
            },
            "3": {
                "Member size": 0.0,
                "Nonmember size": 0.0,
                "ROC AUC Individual": 0.0,
                "MIA": {
                    "1": 0.0,
                    "3": 0.0
                }
            },
            "5": {
                "Member size": 0.0,
                "Nonmember size": 0.0,
                "ROC AUC Individual": 0.0,
                "MIA": {
                    "1": 0.0,
                    "3": 0.0,
                    "5": 0.0
                }
            },
            "8": {
                "Member size": 0.0,
                "Nonmember size": 0.0,
                "ROC AUC Individual": 0.0,
                "MIA": {
                    "1": 0.0,
                    "3": 0.0,
                    "5": 0.0,
                    "8": 0.0
                }
            },
            "10": {
                "Member size": 0.0,
                "Nonmember size": 0.0,
                "ROC AUC Individual": 0.0,
                "MIA": {
                    "1": 0.0,
                    "3": 0.0,
                    "5": 0.0,
                    "8": 0.0,
                    "10": 0.0
                }
            },
            "30": {
                "Member size": 0.0,
                "Nonmember size": 0.0,
                "ROC AUC Individual": 0.0,
                "MIA": {
                    "1": 0.0,
                    "3": 0.0,
                    "5": 0.0,
                    "8": 0.0,