{
    "average": {
        "max": {
            "1": {
                "Member size": 76700.0,
                "Nonmember size": 23000.0,
                "ROC AUC Individual": 0.5375629953553516,
                "MIA": {
                    "1": 0.5375629953553516,
                    "best": {
                        "s": 1,
                        "ROC AUC": 0.5375629953553516
                    }
                }
            },
            "3": {
                "Member size": 26078.0,
                "Nonmember size": 7820.0,
                "ROC AUC Individual": 0.5375629953553516,
                "MIA": {
                    "1": 0.5583199833590866,
                    "3": 0.5532657653629818,
                    "best": {
                        "s": 1,
                        "ROC AUC": 0.5583199833590866
                    }
                }
            },
            "5": {
                "Member size": 15340.0,
                "Nonmember size": 4600.0,
                "ROC AUC Individual": 0.5375629953553516,
                "MIA": {
                    "1": 0.5604615490370606,
                    "3": 0.5753102490953845,
                    "5": 0.5662095775641862,
                    "best": {
                        "s": 3,
                        "ROC AUC": 0.5753102490953845
                    }
                }
            },
            "8": {
                "Member size": 9971.0,
                "Nonmember size": 2990.0,
                "ROC AUC Individual": 0.5375629953553516,
                "MIA": {
                    "1": 0.5618217077014982,
                    "3": 0.5826393791235633,
                    "5": 0.5844194705404088,
                    "8": 0.5744859834117333,
                    "best": {
                        "s": 5,
                        "ROC AUC": 0.5844194705404088
                    }
                }
            },
            "10": {
                "Member size": 7670.0,
                "Nonmember size": 2300.0,
                "ROC AUC Individual": 0.5375629953553516,
                "MIA": {
                    "1": 0.5562491850306429,
                    "3": 0.585003261578604,
                    "5": 0.598305743396569,
                    "8": 0.5939646600795674,
                    "10": 0.5828481998650503,
                    "best": {
                        "s": 5,
                        "ROC AUC": 0.598305743396569
                    }
                }
            },
            "30": {
                "Member size": 3068.0,
                "Nonmember size": 920.0,
                "ROC AUC Individual": 0.5375629953553516,
                "MIA": {
                    "1": 0.5324320253469614,
                    "3": 0.5574858145967799,
                    "5": 0.5708412561017141,
                    "8": 0.5789703712112613,
                    "10": 0.5799250056760131,
                    "30": 0.6081531069277489,
                    "best": {
                        "s": 30,
                        "ROC AUC": 0.6081531069277489
                    }
                }
            },
            "50": {
                "Member size": 1534.0,
                "Nonmember size": 460.0,
                "ROC AUC Individual": 0.5375629953553516,
                "MIA": {
                    "1": 0.49636996202029365,
                    "3": 0.5310956067954282,
                    "5": 0.5574137099747583,
                    "8": 0.5876092632534907,
                    "10": 0.6050175956408219,
                    "30": 0.6686266435691364,
                    "50": 0.6186619975195156,
                    "best": {
                        "s": 30,
                        "ROC AUC": 0.6686266435691364
                    }
                }
            },
            "80": {
                "Member size": 1534.0,
                "Nonmember size": 460.0,
                "ROC AUC Individual": 0.5375629953553516,
                "MIA": {
                    "1": 0.5131313417606711,
                    "3": 0.535501813956125,
                    "5": 0.5502423332010657,
                    "8": 0.5617898976147935,
                    "10": 0.5647065501191963,
                    "30": 0.5708596192100028,
                    "50": 0.5889054981350189,
                    "80": 0.6139012984635015,
                    "best": {
                        "s": 80,
                        "ROC AUC": 0.6139012984635015
                    }
                }
            },
            "100": {
                "Member size": 767.0,
                "Nonmember size": 230.0,
                "ROC AUC Individual": 0.5375629953553516,
                "MIA": {
                    "1": 0.46052944844396576,
                    "3": 0.48778980783402304,
                    "5": 0.5151068533529846,
                    "8": 0.5467320446686695,
                    "10": 0.563372687024634,
                    "30": 0.6716596662504257,
                    "50": 0.7054333542821232,
                    "80": 0.6655263157894737,
                    "100": 0.6268050645779903,
                    "best": {
                        "s": 50,
                        "ROC AUC": 0.7054333542821232
                    }
                }
            }
        },
        "min": {
            "1": {
                "Member size": 76700.0,
                "Nonmember size": 23000.0,
                "ROC AUC Individual": 0.5375629953553516,
                "MIA": {
                    "1": 0.5375629953553516,
                    "best": {
                        "s": 1,
                        "ROC AUC": 0.5375629953553516
                    }
                }
            },
            "3": {
                "Member size": 26078.0,
                "Nonmember size": 7820.0,
                "ROC AUC Individual": 0.5375629953553516,
                "MIA": {
                    "1": 0.5321368148130419,
                    "3": 0.5532657653629818,
                    "best": {
                        "s": 3,
                        "ROC AUC": 0.5532657653629818
                    }
                }
            },
            "5": {
                "Member size": 15340.0,
                "Nonmember size": 4600.0,
                "ROC AUC Individual": 0.5375629953553516,
                "MIA": {
                    "1": 0.5345199671113254,
                    "3": 0.553886874562197,
                    "5": 0.5662095775641862,
                    "best": {
                        "s": 5,
                        "ROC AUC": 0.5662095775641862
                    }
                }
            },
            "8": {
                "Member size": 9971.0,
                "Nonmember size": 2990.0,
                "ROC AUC Individual": 0.5375629953553516,
                "MIA": {
                    "1": 0.535043242053501,
                    "3": 0.5473123790134954,
                    "5": 0.5592820779161483,
                    "8": 0.5744859834117333,
                    "best": {
                        "s": 8,
                        "ROC AUC": 0.5744859834117333
                    }
                }
            },
            "10": {
                "Member size": 7670.0,
                "Nonmember size": 2300.0,
                "ROC AUC Individual": 0.5375629953553516,
                "MIA": {
                    "1": 0.535228963542921,
                    "3": 0.5482471661535211,
                    "5": 0.5593174164008364,
                    "8": 0.5777340875114955,
                    "10": 0.5828481998650503,
                    "best": {
                        "s": 10,
                        "ROC AUC": 0.5828481998650503
                    }
                }
            },
            "30": {
                "Member size": 3068.0,
                "Nonmember size": 920.0,
                "ROC AUC Individual": 0.5375629953553516,
                "MIA": {
                    "1": 0.5440422775160288,