{
    "average": {
        "max": {
            "1": {
                "Member size": 769.0,
                "Nonmember size": 229.0,
                "ROC AUC Individual": 0.5167773039335382,
                "MIA": {
                    "1": 0.5167773039335382,
                    "best": {
                        "s": 1,
                        "ROC AUC": 0.5167773039335382
                    }
                }
            },
            "3": {
                "Member size": 769.0,
                "Nonmember size": 229.0,
                "ROC AUC Individual": 0.5143147019797352,
                "MIA": {
                    "1": 0.5194575840000909,
                    "3": 0.5384353297255552,
                    "best": {
                        "s": 3,
                        "ROC AUC": 0.5384353297255552
                    }
                }
            },
            "5": {
                "Member size": 769.0,
                "Nonmember size": 229.0,
                "ROC AUC Individual": 0.5116361633380844,
                "MIA": {
                    "1": 0.5131657401150477,
                    "3": 0.5154996280543551,
                    "5": 0.534074196057944,
                    "best": {
                        "s": 5,
                        "ROC AUC": 0.534074196057944
                    }
                }
            },
            "8": {
                "Member size": 769.0,
                "Nonmember size": 229.0,
                "ROC AUC Individual": 0.5201786723244047,
                "MIA": {
                    "1": 0.5144377374347675,
                    "3": 0.52157000812034,
                    "5": 0.5334211617196949,
                    "8": 0.5574357896888718,
                    "best": {
                        "s": 8,
                        "ROC AUC": 0.5574357896888718
                    }
                }
            },
            "10": {
                "Member size": 769.0,
                "Nonmember size": 229.0,
                "ROC AUC Individual": 0.5255284467436301,
                "MIA": {
                    "1": 0.5174644096285654,
                    "3": 0.5226035059426125,
                    "5": 0.533909517833516,
                    "8": 0.5535800478134707,
                    "10": 0.5740910045939547,
                    "best": {
                        "s": 10,
                        "ROC AUC": 0.5740910045939547
                    }
                }
            },
            "30": {
                "Member size": 769.0,
                "Nonmember size": 229.0,
                "ROC AUC Individual": 0.529884219249094,
                "MIA": {
                    "1": 0.4961982044394978,
                    "3": 0.49176892805833017,
                    "5": 0.5007467305693891,
                    "8": 0.5158573773005264,
                    "10": 0.5232054332456942,
                    "30": 0.6001125818777293,
                    "best": {
                        "s": 30,
                        "ROC AUC": 0.6001125818777293
                    }
                }
            }
        },
        "min": {
            "1": {
                "Member size": 769.0,
                "Nonmember size": 229.0,
                "ROC AUC Individual": 0.5167773039335382,
                "MIA": {
                    "1": 0.5167773039335382,
                    "best": {
                        "s": 1,
                        "ROC AUC": 0.5167773039335382
                    }
                }
            },
            "3": {
                "Member size": 769.0,
                "Nonmember size": 229.0,
                "ROC AUC Individual": 0.5143147019797352,
                "MIA": {
                    "1": 0.5417970369276721,
                    "3": 0.5384353297255552,
                    "best": {
                        "s": 1,
                        "ROC AUC": 0.5417970369276721
                    }
                }
            },
            "5": {
                "Member size": 769.0,
                "Nonmember size": 229.0,
                "ROC AUC Individual": 0.5116361633380844,
                "MIA": {
                    "1": 0.5525692642290504,
                    "3": 0.5385034724391117,
                    "5": 0.534074196057944,
                    "best": {
                        "s": 1,
                        "ROC AUC": 0.5525692642290504
                    }
                }
            },
            "8": {
                "Member size": 769.0,
                "Nonmember size": 229.0,
                "ROC AUC Individual": 0.5201786723244047,
                "MIA": {
                    "1": 0.5624726719325841,
                    "3": 0.56966740677225,
                    "5": 0.5665839489838218,
                    "8": 0.5574357896888718,
                    "best": {
                        "s": 3,
                        "ROC AUC": 0.56966740677225
                    }
                }
            },
            "10": {
                "Member size": 769.0,
                "Nonmember size": 229.0,
                "ROC AUC Individual": 0.5255284467436301,
                "MIA": {
                    "1": 0.5978387402683687,
                    "3": 0.6029664794634897,
                    "5": 0.5952833885100028,
                    "8": 0.5883612245245626,
                    "10": 0.5740910045939547,
                    "best": {
                        "s": 3,
                        "ROC AUC": 0.6029664794634897
                    }
                }
            },
            "30": {
                "Member size": 769.0,
                "Nonmember size": 229.0,
                "ROC AUC Individual": 0.529884219249094,
                "MIA": {
                    "1": 0.6315125978841687,
                    "3": 0.6438691432757337,
                    "5": 0.6446471059221697,
                    "8": 0.6425403603613835,
                    "10": 0.6428583596913136,
                    "30": 0.6001125818777293,
                    "best": {
                        "s": 5,
                        "ROC AUC": 0.6446471059221697
                    }
                }
            }
        },
        "Total individual ROC AUC": 0.529427139444064
    },
    "std": {
        "max": {
            "1": {
                "Member size": 0.0,
                "Nonmember size": 0.0,
                "ROC AUC Individual": 0.0,
                "MIA": {
                    "1": 0.0
                }
            },
            "3": {
                "Member size": 0.0,
                "Nonmember size": 0.0,
                "ROC AUC Individual": 0.0,
                "MIA": {
                    "1": 0.0,
                    "3": 0.0
                }
            },
            "5": {
                "Member size": 0.0,
                "Nonmember size": 0.0,
                "ROC AUC Individual": 0.0,
                "MIA": {
                    "1": 0.0,
                    "3": 0.0,
                    "5": 0.0
                }
            },
            "8": {
                "Member size": 0.0,
                "Nonmember size": 0.0,
                "ROC AUC Individual": 0.0,
                "MIA": {
                    "1": 0.0,
                    "3": 0.0,
                    "5": 0.0,
                    "8": 0.0
                }
            },
            "10": {
                "Member size": 0.0,
                "Nonmember size": 0.0,
                "ROC AUC Individual": 0.0,
                "MIA": {
                    "1": 0.0,
                    "3": 0.0,
                    "5": 0.0,
                    "8": 0.0,
                    "10": 0.0
                }
            },
            "30": {
                "Member size": 0.0,
                "Nonmember size": 0.0,
                "ROC AUC Individual": 0.0,
                "MIA": {
                    "1": 0.0,
                    "3": 0.0,
                    "5": 0.0,
                    "8": 0.0,