{
    "average": {
        "max": {
            "1": {
                "Member size": 700.0,
                "Nonmember size": 600.0,
                "ROC AUC Individual": 0.560902380952381,
                "MIA": {
                    "1": 0.560902380952381,
                    "best": {
                        "s": 1,
                        "ROC AUC": 0.560902380952381
                    }
                }
            },
            "3": {
                "Member size": 238.0,
                "Nonmember size": 204.0,
                "ROC AUC Individual": 0.560902380952381,
                "MIA": {
                    "1": 0.4683226231669138,
                    "3": 0.5748887790410282,
                    "best": {
                        "s": 3,
                        "ROC AUC": 0.5748887790410282
                    }
                }
            },
            "5": {
                "Member size": 140.0,
                "Nonmember size": 120.0,
                "ROC AUC Individual": 0.560902380952381,
                "MIA": {
                    "1": 0.4375,
                    "3": 0.5093452380952381,
                    "5": 0.5907142857142856,
                    "best": {
                        "s": 5,
                        "ROC AUC": 0.5907142857142856
                    }
                }
            },
            "8": {
                "Member size": 91.0,
                "Nonmember size": 78.0,
                "ROC AUC Individual": 0.560902380952381,
                "MIA": {
                    "1": 0.41138348830656524,
                    "3": 0.4520991828684136,
                    "5": 0.5005635390250776,
                    "8": 0.5883347421808961,
                    "best": {
                        "s": 8,
                        "ROC AUC": 0.5883347421808961
                    }
                }
            },
            "10": {
                "Member size": 70.0,
                "Nonmember size": 60.0,
                "ROC AUC Individual": 0.560902380952381,
                "MIA": {
                    "1": 0.3945238095238095,
                    "3": 0.4326190476190476,
                    "5": 0.4769047619047619,
                    "8": 0.5423809523809524,
                    "10": 0.599047619047619,
                    "best": {
                        "s": 10,
                        "ROC AUC": 0.599047619047619
                    }
                }
            },
            "30": {
                "Member size": 28.0,
                "Nonmember size": 24.0,
                "ROC AUC Individual": 0.560902380952381,
                "MIA": {
                    "1": 0.3556547619047619,
                    "3": 0.3958333333333333,
                    "5": 0.41517857142857145,
                    "8": 0.4375,
                    "10": 0.45833333333333337,
                    "30": 0.5788690476190477,
                    "best": {
                        "s": 30,
                        "ROC AUC": 0.5788690476190477
                    }
                }
            },
            "50": {
                "Member size": 14.0,
                "Nonmember size": 12.0,
                "ROC AUC Individual": 0.560902380952381,
                "MIA": {
                    "1": 0.34523809523809523,
                    "3": 0.36309523809523814,
                    "5": 0.3869047619047619,
                    "8": 0.4107142857142857,
                    "10": 0.44047619047619047,
                    "30": 0.5178571428571428,
                    "50": 0.6011904761904762,
                    "best": {
                        "s": 50,
                        "ROC AUC": 0.6011904761904762
                    }
                }
            },
            "80": {
                "Member size": 14.0,
                "Nonmember size": 12.0,
                "ROC AUC Individual": 0.560902380952381,
                "MIA": {
                    "1": 0.3392857142857143,
                    "3": 0.375,
                    "5": 0.37499999999999994,
                    "8": 0.4226190476190476,
                    "10": 0.41666666666666663,
                    "30": 0.48214285714285715,
                    "50": 0.5,
                    "80": 0.5595238095238095,
                    "best": {
                        "s": 80,
                        "ROC AUC": 0.5595238095238095
                    }
                }
            },
            "100": {
                "Member size": 7.0,
                "Nonmember size": 6.0,
                "ROC AUC Individual": 0.560902380952381,
                "MIA": {
                    "1": 0.2857142857142857,
                    "3": 0.35714285714285715,
                    "5": 0.33333333333333337,
                    "8": 0.3571428571428571,
                    "10": 0.38095238095238093,
                    "30": 0.4523809523809524,
                    "50": 0.5238095238095238,
                    "80": 0.5476190476190477,
                    "100": 0.5952380952380952,
                    "best": {
                        "s": 100,
                        "ROC AUC": 0.5952380952380952
                    }
                }
            }
        },
        "min": {
            "1": {
                "Member size": 700.0,
                "Nonmember size": 600.0,
                "ROC AUC Individual": 0.560902380952381,
                "MIA": {
                    "1": 0.560902380952381,
                    "best": {
                        "s": 1,
                        "ROC AUC": 0.560902380952381
                    }
                }
            },
            "3": {
                "Member size": 238.0,
                "Nonmember size": 204.0,
                "ROC AUC Individual": 0.560902380952381,
                "MIA": {
                    "1": 0.6522903278958643,
                    "3": 0.5748887790410282,
                    "best": {
                        "s": 1,
                        "ROC AUC": 0.6522903278958643
                    }
                }
            },
            "5": {
                "Member size": 140.0,
                "Nonmember size": 120.0,
                "ROC AUC Individual": 0.560902380952381,
                "MIA": {
                    "1": 0.7013095238095238,
                    "3": 0.6608928571428572,
                    "5": 0.5907142857142856,
                    "best": {
                        "s": 1,
                        "ROC AUC": 0.7013095238095238
                    }
                }
            },
            "8": {
                "Member size": 91.0,
                "Nonmember size": 78.0,
                "ROC AUC Individual": 0.560902380952381,
                "MIA": {
                    "1": 0.7351366582135813,
                    "3": 0.7125950972104818,
                    "5": 0.6641307410538181,
                    "8": 0.5883347421808961,
                    "best": {
                        "s": 1,
                        "ROC AUC": 0.7351366582135813
                    }
                }
            },
            "10": {
                "Member size": 70.0,
                "Nonmember size": 60.0,
                "ROC AUC Individual": 0.560902380952381,
                "MIA": {
                    "1": 0.7535714285714286,
                    "3": 0.7476190476190476,
                    "5": 0.7309523809523809,
                    "8": 0.6554761904761903,
                    "10": 0.599047619047619,
                    "best": {
                        "s": 1,
                        "ROC AUC": 0.7535714285714286
                    }
                }
            },
            "30": {
                "Member size": 28.0,
                "Nonmember size": 24.0,
                "ROC AUC Individual": 0.560902380952381,
                "MIA": {
                    "1": 0.7559523809523809,
                    "3": 0.7633928571428572,
                    "5": 0.7514880952380951,
                    "8": 0.7321428571428571,