{
    "average": {
        "max": {
            "1": {
                "Member size": 76700.0,
                "Nonmember size": 23000.0,
                "ROC AUC Individual": 0.45868466146326914,
                "MIA": {
                    "1": 0.45868466146326914,
                    "best": {
                        "s": 1,
                        "ROC AUC": 0.45868466146326914
                    }
                }
            },
            "3": {
                "Member size": 26078.0,
                "Nonmember size": 7820.0,
                "ROC AUC Individual": 0.45868466146326914,
                "MIA": {
                    "1": 0.45993091431244104,
                    "3": 0.44126155952966895,
                    "best": {
                        "s": 1,
                        "ROC AUC": 0.45993091431244104
                    }
                }
            },
            "5": {
                "Member size": 15340.0,
                "Nonmember size": 4600.0,
                "ROC AUC Individual": 0.45868466146326914,
                "MIA": {
                    "1": 0.45800605345065115,
                    "3": 0.44040573897164115,
                    "5": 0.4289054873572356,
                    "best": {
                        "s": 1,
                        "ROC AUC": 0.45800605345065115
                    }
                }
            },
            "8": {
                "Member size": 9971.0,
                "Nonmember size": 2990.0,
                "ROC AUC Individual": 0.45868466146326914,
                "MIA": {
                    "1": 0.46088046639602676,
                    "3": 0.4465713276374151,
                    "5": 0.43454676050941865,
                    "8": 0.4175384878423027,
                    "best": {
                        "s": 1,
                        "ROC AUC": 0.46088046639602676
                    }
                }
            },
            "10": {
                "Member size": 7670.0,
                "Nonmember size": 2300.0,
                "ROC AUC Individual": 0.45868466146326914,
                "MIA": {
                    "1": 0.4583064511556974,
                    "3": 0.4442974625392756,
                    "5": 0.4325411100711875,
                    "8": 0.41443415809922235,
                    "10": 0.4090635352337037,
                    "best": {
                        "s": 1,
                        "ROC AUC": 0.4583064511556974
                    }
                }
            },
            "30": {
                "Member size": 3068.0,
                "Nonmember size": 920.0,
                "ROC AUC Individual": 0.45868466146326914,
                "MIA": {
                    "1": 0.4580384102862165,
                    "3": 0.4526064267279276,
                    "5": 0.44823307524320033,
                    "8": 0.44426767855876304,
                    "10": 0.44362720760337615,
                    "30": 0.379120255230419,
                    "best": {
                        "s": 1,
                        "ROC AUC": 0.4580384102862165
                    }
                }
            },
            "50": {
                "Member size": 1534.0,
                "Nonmember size": 460.0,
                "ROC AUC Individual": 0.45868466146326914,
                "MIA": {
                    "1": 0.44279590159288024,
                    "3": 0.433108950739754,
                    "5": 0.432449974491242,
                    "8": 0.42922736806303496,
                    "10": 0.42645683351283936,
                    "30": 0.38983805553192086,
                    "50": 0.35733280690988,
                    "best": {
                        "s": 1,
                        "ROC AUC": 0.44279590159288024
                    }
                }
            },
            "80": {
                "Member size": 1534.0,
                "Nonmember size": 460.0,
                "ROC AUC Individual": 0.45868466146326914,
                "MIA": {
                    "1": 0.4523914460631484,
                    "3": 0.44553455019556715,
                    "5": 0.4497619182586021,
                    "8": 0.4507199138370841,
                    "10": 0.45012329233036674,
                    "30": 0.4368415824724713,
                    "50": 0.4163776657840038,
                    "80": 0.3624053546420392,
                    "best": {
                        "s": 1,
                        "ROC AUC": 0.4523914460631484
                    }
                }
            },
            "100": {
                "Member size": 767.0,
                "Nonmember size": 230.0,
                "ROC AUC Individual": 0.45868466146326914,
                "MIA": {
                    "1": 0.4446318235927668,
                    "3": 0.4177314211212516,
                    "5": 0.4152769117396973,
                    "8": 0.4186894166997336,
                    "10": 0.420304971373505,
                    "30": 0.40962651833352254,
                    "50": 0.3877952755905512,
                    "80": 0.3499457235902417,
                    "100": 0.33504309050160574,
                    "best": {
                        "s": 1,
                        "ROC AUC": 0.4446318235927668
                    }
                }
            }
        },
        "min": {
            "1": {
                "Member size": 76700.0,
                "Nonmember size": 23000.0,
                "ROC AUC Individual": 0.45868466146326914,
                "MIA": {
                    "1": 0.45868466146326914,
                    "best": {
                        "s": 1,
                        "ROC AUC": 0.45868466146326914
                    }
                }
            },
            "3": {
                "Member size": 26078.0,
                "Nonmember size": 7820.0,
                "ROC AUC Individual": 0.45868466146326914,
                "MIA": {
                    "1": 0.438018069085099,
                    "3": 0.44126155952966895,
                    "best": {
                        "s": 3,
                        "ROC AUC": 0.44126155952966895
                    }
                }
            },
            "5": {
                "Member size": 15340.0,
                "Nonmember size": 4600.0,
                "ROC AUC Individual": 0.45868466146326914,
                "MIA": {
                    "1": 0.4306652310012986,
                    "3": 0.41604228998930837,
                    "5": 0.4289054873572356,
                    "best": {
                        "s": 1,
                        "ROC AUC": 0.4306652310012986
                    }
                }
            },
            "8": {
                "Member size": 9971.0,
                "Nonmember size": 2990.0,
                "ROC AUC Individual": 0.45868466146326914,
                "MIA": {
                    "1": 0.4290816047471707,
                    "3": 0.4101389920100321,
                    "5": 0.4059991701737902,
                    "8": 0.4175384878423027,
                    "best": {
                        "s": 1,
                        "ROC AUC": 0.4290816047471707
                    }
                }
            },
            "10": {
                "Member size": 7670.0,
                "Nonmember size": 2300.0,
                "ROC AUC Individual": 0.45868466146326914,
                "MIA": {
                    "1": 0.43511649033337496,
                    "3": 0.40747492666240404,
                    "5": 0.3942094246902672,
                    "8": 0.3933137706801114,
                    "10": 0.4090635352337037,
                    "best": {
                        "s": 1,
                        "ROC AUC": 0.43511649033337496
                    }
                }
            },
            "30": {
                "Member size": 3068.0,
                "Nonmember size": 920.0,
                "ROC AUC Individual": 0.45868466146326914,