{
    "average": {
        "max": {
            "1": {
                "Member size": 786.0,
                "Nonmember size": 10.0,
                "ROC AUC Individual": 0.6520356234096691,
                "MIA": {
                    "1": 0.6520356234096691,
                    "best": {
                        "s": 1,
                        "ROC AUC": 0.6520356234096691
                    }
                }
            },
            "3": {
                "Member size": 786.0,
                "Nonmember size": 10.0,
                "ROC AUC Individual": 0.6932994062765055,
                "MIA": {
                    "1": 0.6695928753180661,
                    "3": 0.7262086513994911,
                    "best": {
                        "s": 3,
                        "ROC AUC": 0.7262086513994911
                    }
                }
            },
            "5": {
                "Member size": 786.0,
                "Nonmember size": 10.0,
                "ROC AUC Individual": 0.6897353689567429,
                "MIA": {
                    "1": 0.6455470737913486,
                    "3": 0.7020356234096692,
                    "5": 0.726972010178117,
                    "best": {
                        "s": 5,
                        "ROC AUC": 0.726972010178117
                    }
                }
            },
            "8": {
                "Member size": 786.0,
                "Nonmember size": 10.0,
                "ROC AUC Individual": 0.6701693702290076,
                "MIA": {
                    "1": 0.6017811704834606,
                    "3": 0.6633587786259543,
                    "5": 0.6762086513994912,
                    "8": 0.6996183206106871,
                    "best": {
                        "s": 8,
                        "ROC AUC": 0.6996183206106871
                    }
                }
            },
            "10": {
                "Member size": 786.0,
                "Nonmember size": 10.0,
                "ROC AUC Individual": 0.6589961832061069,
                "MIA": {
                    "1": 0.6255725190839695,
                    "3": 0.656234096692112,
                    "5": 0.6615776081424936,
                    "8": 0.6729007633587787,
                    "10": 0.6894402035623409,
                    "best": {
                        "s": 10,
                        "ROC AUC": 0.6894402035623409
                    }
                }
            },
            "30": {
                "Member size": 786.0,
                "Nonmember size": 10.0,
                "ROC AUC Individual": 0.6502290076335877,
                "MIA": {
                    "1": 0.5910941475826972,
                    "3": 0.6069974554707378,
                    "5": 0.6254452926208651,
                    "8": 0.6380407124681934,
                    "10": 0.6451653944020357,
                    "30": 0.683206106870229,
                    "best": {
                        "s": 30,
                        "ROC AUC": 0.683206106870229
                    }
                }
            },
            "50": {
                "Member size": 786.0,
                "Nonmember size": 10.0,
                "ROC AUC Individual": 0.6469065394402036,
                "MIA": {
                    "1": 0.5410941475826971,
                    "3": 0.5769720101781171,
                    "5": 0.5938931297709923,
                    "8": 0.6122137404580152,
                    "10": 0.6193384223918575,
                    "30": 0.65470737913486,
                    "50": 0.6823155216284987,
                    "best": {
                        "s": 50,
                        "ROC AUC": 0.6823155216284987
                    }
                }
            },
            "80": {
                "Member size": 786.0,
                "Nonmember size": 10.0,
                "ROC AUC Individual": 0.6554045304548346,
                "MIA": {
                    "1": 0.5639949109414758,
                    "3": 0.582824427480916,
                    "5": 0.600763358778626,
                    "8": 0.6176844783715012,
                    "10": 0.6240458015267175,
                    "30": 0.6530534351145039,
                    "50": 0.6708651399491095,
                    "80": 0.6954198473282442,
                    "best": {
                        "s": 80,
                        "ROC AUC": 0.6954198473282442
                    }
                }
            },
            "100": {
                "Member size": 786.0,
                "Nonmember size": 10.0,
                "ROC AUC Individual": 0.6562969020356234,
                "MIA": {
                    "1": 0.6246819338422392,
                    "3": 0.5951653944020356,
                    "5": 0.5980916030534351,
                    "8": 0.6054707379134859,
                    "10": 0.6125954198473282,
                    "30": 0.6452926208651399,
                    "50": 0.6592875318066157,
                    "80": 0.6793893129770991,
                    "100": 0.6940203562340966,
                    "best": {
                        "s": 100,
                        "ROC AUC": 0.6940203562340966
                    }
                }
            }
        },
        "min": {
            "1": {
                "Member size": 786.0,
                "Nonmember size": 10.0,
                "ROC AUC Individual": 0.6520356234096691,
                "MIA": {
                    "1": 0.6520356234096691,
                    "best": {
                        "s": 1,
                        "ROC AUC": 0.6520356234096691
                    }
                }
            },
            "3": {
                "Member size": 786.0,
                "Nonmember size": 10.0,
                "ROC AUC Individual": 0.6932994062765055,
                "MIA": {
                    "1": 0.7606870229007634,
                    "3": 0.7262086513994911,
                    "best": {
                        "s": 1,
                        "ROC AUC": 0.7606870229007634
                    }
                }
            },
            "5": {
                "Member size": 786.0,
                "Nonmember size": 10.0,
                "ROC AUC Individual": 0.6897353689567429,
                "MIA": {
                    "1": 0.7797709923664122,
                    "3": 0.7470737913486004,
                    "5": 0.726972010178117,
                    "best": {
                        "s": 1,
                        "ROC AUC": 0.7797709923664122
                    }
                }
            },
            "8": {
                "Member size": 786.0,
                "Nonmember size": 10.0,
                "ROC AUC Individual": 0.6701693702290076,
                "MIA": {
                    "1": 0.7442748091603053,
                    "3": 0.7259541984732824,
                    "5": 0.7146310432569973,
                    "8": 0.6996183206106871,
                    "best": {
                        "s": 1,
                        "ROC AUC": 0.7442748091603053
                    }
                }
            },
            "10": {
                "Member size": 786.0,
                "Nonmember size": 10.0,
                "ROC AUC Individual": 0.6589961832061069,
                "MIA": {
                    "1": 0.7474554707379135,
                    "3": 0.7344783715012723,
                    "5": 0.7145038167938931,
                    "8": 0.7019083969465649,
                    "10": 0.6894402035623409,
                    "best": {
                        "s": 1,
                        "ROC AUC": 0.7474554707379135
                    }
                }
            },
            "30": {
                "Member size": 786.0,
                "Nonmember size": 10.0,
                "ROC AUC Individual": 0.6502290076335877,
                "MIA": {
                    "1": 0.7648854961832061,
                    "3": 0.7416030534351146,