{
    "average": {
        "max": {
            "1": {
                "Member size": 92200.0,
                "Nonmember size": 7400.0,
                "ROC AUC Individual": 0.42939347672076694,
                "MIA": {
                    "1": 0.42939347672076694,
                    "best": {
                        "s": 1,
                        "ROC AUC": 0.42939347672076694
                    }
                }
            },
            "3": {
                "Member size": 31348.0,
                "Nonmember size": 2516.0,
                "ROC AUC Individual": 0.42939347672076694,
                "MIA": {
                    "1": 0.44660860944450376,
                    "3": 0.39650085511269895,
                    "best": {
                        "s": 1,
                        "ROC AUC": 0.44660860944450376
                    }
                }
            },
            "5": {
                "Member size": 18440.0,
                "Nonmember size": 1480.0,
                "ROC AUC Individual": 0.42939347672076694,
                "MIA": {
                    "1": 0.4628953612596619,
                    "3": 0.4081005336621323,
                    "5": 0.3707155340689796,
                    "best": {
                        "s": 1,
                        "ROC AUC": 0.4628953612596619
                    }
                }
            },
            "8": {
                "Member size": 11986.0,
                "Nonmember size": 962.0,
                "ROC AUC Individual": 0.42939347672076694,
                "MIA": {
                    "1": 0.4714303617679004,
                    "3": 0.42499102236911823,
                    "5": 0.38905250531534885,
                    "8": 0.3468708214049769,
                    "best": {
                        "s": 1,
                        "ROC AUC": 0.4714303617679004
                    }
                }
            },
            "10": {
                "Member size": 9220.0,
                "Nonmember size": 740.0,
                "ROC AUC Individual": 0.42939347672076694,
                "MIA": {
                    "1": 0.48631564955652956,
                    "3": 0.4337579522151327,
                    "5": 0.3927109805604145,
                    "8": 0.34775834784078324,
                    "10": 0.3237875257599368,
                    "best": {
                        "s": 1,
                        "ROC AUC": 0.48631564955652956
                    }
                }
            },
            "30": {
                "Member size": 3688.0,
                "Nonmember size": 296.0,
                "ROC AUC Individual": 0.42939347672076694,
                "MIA": {
                    "1": 0.5050037812873999,
                    "3": 0.47517558374701235,
                    "5": 0.456543482257768,
                    "8": 0.4321666139322007,
                    "10": 0.41822537504789414,
                    "30": 0.26161445945555567,
                    "best": {
                        "s": 1,
                        "ROC AUC": 0.5050037812873999
                    }
                }
            },
            "50": {
                "Member size": 1844.0,
                "Nonmember size": 148.0,
                "ROC AUC Individual": 0.42939347672076694,
                "MIA": {
                    "1": 0.5019278789659224,
                    "3": 0.5042592946784564,
                    "5": 0.47868881401815544,
                    "8": 0.44534608137549314,
                    "10": 0.4223120179002532,
                    "30": 0.2549532338014871,
                    "50": 0.1740691274081269,
                    "best": {
                        "s": 3,
                        "ROC AUC": 0.5042592946784564
                    }
                }
            },
            "80": {
                "Member size": 1844.0,
                "Nonmember size": 148.0,
                "ROC AUC Individual": 0.42939347672076694,
                "MIA": {
                    "1": 0.5129843241644484,
                    "3": 0.49746053940880325,
                    "5": 0.48739887472117727,
                    "8": 0.4694284899588578,
                    "10": 0.45952621658353054,
                    "30": 0.3947109030220211,
                    "50": 0.3461812341863249,
                    "80": 0.214097613064318,
                    "best": {
                        "s": 1,
                        "ROC AUC": 0.5129843241644484
                    }
                }
            },
            "100": {
                "Member size": 922.0,
                "Nonmember size": 74.0,
                "ROC AUC Individual": 0.42939347672076694,
                "MIA": {
                    "1": 0.5130141010575793,
                    "3": 0.5199911868390129,
                    "5": 0.5225763807285546,
                    "8": 0.5099001175088131,
                    "10": 0.4988689776733255,
                    "30": 0.3437767101889239,
                    "50": 0.21879023875641884,
                    "80": 0.12770254403131118,
                    "100": 0.10104376035826369,
                    "best": {
                        "s": 5,
                        "ROC AUC": 0.5225763807285546
                    }
                }
            }
        },
        "min": {
            "1": {
                "Member size": 92200.0,
                "Nonmember size": 7400.0,
                "ROC AUC Individual": 0.42939347672076694,
                "MIA": {
                    "1": 0.42939347672076694,
                    "best": {
                        "s": 1,
                        "ROC AUC": 0.42939347672076694
                    }
                }
            },
            "3": {
                "Member size": 31348.0,
                "Nonmember size": 2516.0,
                "ROC AUC Individual": 0.42939347672076694,
                "MIA": {
                    "1": 0.3766561581651202,
                    "3": 0.39650085511269895,
                    "best": {
                        "s": 3,
                        "ROC AUC": 0.39650085511269895
                    }
                }
            },
            "5": {
                "Member size": 18440.0,
                "Nonmember size": 1480.0,
                "ROC AUC Individual": 0.42939347672076694,
                "MIA": {
                    "1": 0.3425281861003495,
                    "3": 0.33319309257629764,
                    "5": 0.3707155340689796,
                    "best": {
                        "s": 5,
                        "ROC AUC": 0.3707155340689796
                    }
                }
            },
            "8": {
                "Member size": 11986.0,
                "Nonmember size": 962.0,
                "ROC AUC Individual": 0.42939347672076694,
                "MIA": {
                    "1": 0.33552213813215115,
                    "3": 0.30834613583335496,
                    "5": 0.3114910944659245,
                    "8": 0.3468708214049769,
                    "best": {
                        "s": 8,
                        "ROC AUC": 0.3468708214049769
                    }
                }
            },
            "10": {
                "Member size": 9220.0,
                "Nonmember size": 740.0,
                "ROC AUC Individual": 0.42939347672076694,
                "MIA": {
                    "1": 0.32095171898742597,
                    "3": 0.27707981067910437,
                    "5": 0.26601692286851,
                    "8": 0.2824171928460458,
                    "10": 0.3237875257599368,
                    "best": {
                        "s": 10,
                        "ROC AUC": 0.3237875257599368
                    }
                }
            },
            "30": {
                "Member size": 3688.0,
                "Nonmember size": 296.0,
                "ROC AUC Individual": 0.42939347672076694,