{
    "average": {
        "max": {
            "1": {
                "Member size": 76700.0,
                "Nonmember size": 23000.0,
                "ROC AUC Individual": 0.5074926607039368,
                "MIA": {
                    "1": 0.5074926607039368,
                    "best": {
                        "s": 1,
                        "ROC AUC": 0.5074926607039368
                    }
                }
            },
            "3": {
                "Member size": 26078.0,
                "Nonmember size": 7820.0,
                "ROC AUC Individual": 0.5074926607039368,
                "MIA": {
                    "1": 0.5014871590103817,
                    "3": 0.5122000807063667,
                    "best": {
                        "s": 3,
                        "ROC AUC": 0.5122000807063667
                    }
                }
            },
            "5": {
                "Member size": 15340.0,
                "Nonmember size": 4600.0,
                "ROC AUC Individual": 0.5074926607039368,
                "MIA": {
                    "1": 0.49437391927976554,
                    "3": 0.49955502340788127,
                    "5": 0.5137493407443731,
                    "best": {
                        "s": 5,
                        "ROC AUC": 0.5137493407443731
                    }
                }
            },
            "8": {
                "Member size": 9971.0,
                "Nonmember size": 2990.0,
                "ROC AUC Individual": 0.5074926607039368,
                "MIA": {
                    "1": 0.4906393256161933,
                    "3": 0.49902757075361714,
                    "5": 0.5017333728801731,
                    "8": 0.5156174883542198,
                    "best": {
                        "s": 8,
                        "ROC AUC": 0.5156174883542198
                    }
                }
            },
            "10": {
                "Member size": 7670.0,
                "Nonmember size": 2300.0,
                "ROC AUC Individual": 0.5074926607039368,
                "MIA": {
                    "1": 0.48357835328000365,
                    "3": 0.49109101169477876,
                    "5": 0.4949334354349244,
                    "8": 0.5006925943995644,
                    "10": 0.5132483505689247,
                    "best": {
                        "s": 10,
                        "ROC AUC": 0.5132483505689247
                    }
                }
            },
            "30": {
                "Member size": 3068.0,
                "Nonmember size": 920.0,
                "ROC AUC Individual": 0.5074926607039368,
                "MIA": {
                    "1": 0.45845961922853373,
                    "3": 0.468365132278885,
                    "5": 0.4796901606311726,
                    "8": 0.48684424310364405,
                    "10": 0.4893120672039959,
                    "30": 0.5173335212749561,
                    "best": {
                        "s": 30,
                        "ROC AUC": 0.5173335212749561
                    }
                }
            },
            "50": {
                "Member size": 1534.0,
                "Nonmember size": 460.0,
                "ROC AUC Individual": 0.5074926607039368,
                "MIA": {
                    "1": 0.43922963550819116,
                    "3": 0.43059066946318236,
                    "5": 0.43623850607333403,
                    "8": 0.44854694062890227,
                    "10": 0.4538100238392553,
                    "30": 0.48040214553297766,
                    "50": 0.5069600905219459,
                    "best": {
                        "s": 50,
                        "ROC AUC": 0.5069600905219459
                    }
                }
            },
            "80": {
                "Member size": 1534.0,
                "Nonmember size": 460.0,
                "ROC AUC Individual": 0.5074926607039368,
                "MIA": {
                    "1": 0.4577525367042685,
                    "3": 0.4544526954254294,
                    "5": 0.4622229465449804,
                    "8": 0.4742644974774673,
                    "10": 0.4792407612240846,
                    "30": 0.4947107602305967,
                    "50": 0.4960707269155206,
                    "80": 0.515480139673875,
                    "best": {
                        "s": 80,
                        "ROC AUC": 0.515480139673875
                    }
                }
            },
            "100": {
                "Member size": 767.0,
                "Nonmember size": 230.0,
                "ROC AUC Individual": 0.5074926607039368,
                "MIA": {
                    "1": 0.44315798424125613,
                    "3": 0.41464769570886006,
                    "5": 0.40455756476390226,
                    "8": 0.41012414262230035,
                    "10": 0.417323280993141,
                    "30": 0.45748098535588605,
                    "50": 0.4666438434326144,
                    "80": 0.47014874141876434,
                    "100": 0.4984519766179154,
                    "best": {
                        "s": 100,
                        "ROC AUC": 0.4984519766179154
                    }
                }
            }
        },
        "min": {
            "1": {
                "Member size": 76700.0,
                "Nonmember size": 23000.0,
                "ROC AUC Individual": 0.5074926607039368,
                "MIA": {
                    "1": 0.5074926607039368,
                    "best": {
                        "s": 1,
                        "ROC AUC": 0.5074926607039368
                    }
                }
            },
            "3": {
                "Member size": 26078.0,
                "Nonmember size": 7820.0,
                "ROC AUC Individual": 0.5074926607039368,
                "MIA": {
                    "1": 0.5195512535029888,
                    "3": 0.5122000807063667,
                    "best": {
                        "s": 1,
                        "ROC AUC": 0.5195512535029888
                    }
                }
            },
            "5": {
                "Member size": 15340.0,
                "Nonmember size": 4600.0,
                "ROC AUC Individual": 0.5074926607039368,
                "MIA": {
                    "1": 0.5317563261082208,
                    "3": 0.5264207076880318,
                    "5": 0.5137493407443731,
                    "best": {
                        "s": 1,
                        "ROC AUC": 0.5317563261082208
                    }
                }
            },
            "8": {
                "Member size": 9971.0,
                "Nonmember size": 2990.0,
                "ROC AUC Individual": 0.5074926607039368,
                "MIA": {
                    "1": 0.5463604269448188,
                    "3": 0.5333956088070901,
                    "5": 0.5264163693290593,
                    "8": 0.5156174883542198,
                    "best": {
                        "s": 1,
                        "ROC AUC": 0.5463604269448188
                    }
                }
            },
            "10": {
                "Member size": 7670.0,
                "Nonmember size": 2300.0,
                "ROC AUC Individual": 0.5074926607039368,
                "MIA": {
                    "1": 0.5586992829263865,
                    "3": 0.5398283230137966,
                    "5": 0.5311141636106969,
                    "8": 0.5271844267059578,
                    "10": 0.5132483505689247,
                    "best": {
                        "s": 1,
                        "ROC AUC": 0.5586992829263865
                    }
                }
            },
            "30": {
                "Member size": 3068.0,
                "Nonmember size": 920.0,
                "ROC AUC Individual": 0.5074926607039368,
                "MIA": {
                    "1": 0.5850974298526731,