{
    "average": {
        "max": {
            "1": {
                "Member size": 767.0,
                "Nonmember size": 230.0,
                "ROC AUC Individual": 0.48015985488351004,
                "MIA": {
                    "1": 0.48015985488351004,
                    "best": {
                        "s": 1,
                        "ROC AUC": 0.48015985488351004
                    }
                }
            },
            "3": {
                "Member size": 767.0,
                "Nonmember size": 230.0,
                "ROC AUC Individual": 0.50846429764674,
                "MIA": {
                    "1": 0.49670653591066266,
                    "3": 0.5128559249786871,
                    "best": {
                        "s": 3,
                        "ROC AUC": 0.5128559249786871
                    }
                }
            },
            "5": {
                "Member size": 767.0,
                "Nonmember size": 230.0,
                "ROC AUC Individual": 0.5082310293183262,
                "MIA": {
                    "1": 0.518655405022391,
                    "3": 0.5161125319693095,
                    "5": 0.519189619849761,
                    "best": {
                        "s": 5,
                        "ROC AUC": 0.519189619849761
                    }
                }
            },
            "8": {
                "Member size": 767.0,
                "Nonmember size": 230.0,
                "ROC AUC Individual": 0.5115238570385442,
                "MIA": {
                    "1": 0.5210759027266028,
                    "3": 0.5177943012827789,
                    "5": 0.5172946859903382,
                    "8": 0.5250341452310494,
                    "best": {
                        "s": 8,
                        "ROC AUC": 0.5250341452310494
                    }
                }
            },
            "10": {
                "Member size": 767.0,
                "Nonmember size": 230.0,
                "ROC AUC Individual": 0.509642085504789,
                "MIA": {
                    "1": 0.5266084689076582,
                    "3": 0.5191735724826881,
                    "5": 0.520977550440466,
                    "8": 0.5186148417937628,
                    "10": 0.5257170498520374,
                    "best": {
                        "s": 1,
                        "ROC AUC": 0.5266084689076582
                    }
                }
            },
            "30": {
                "Member size": 767.0,
                "Nonmember size": 230.0,
                "ROC AUC Individual": 0.505801227424214,
                "MIA": {
                    "1": 0.4474179468284111,
                    "3": 0.4618401634691792,
                    "5": 0.4759931798806479,
                    "8": 0.48400682011935214,
                    "10": 0.48737709576584254,
                    "30": 0.5102760306077481,
                    "best": {
                        "s": 30,
                        "ROC AUC": 0.5102760306077481
                    }
                }
            },
            "50": {
                "Member size": 767.0,
                "Nonmember size": 230.0,
                "ROC AUC Individual": 0.5044769889661577,
                "MIA": {
                    "1": 0.43510571963040645,
                    "3": 0.4296185023524744,
                    "5": 0.4330548451264564,
                    "8": 0.4440011366865587,
                    "10": 0.4477749360613811,
                    "30": 0.4654447286160841,
                    "50": 0.49223167088025743,
                    "best": {
                        "s": 50,
                        "ROC AUC": 0.49223167088025743
                    }
                }
            },
            "80": {
                "Member size": 767.0,
                "Nonmember size": 230.0,
                "ROC AUC Individual": 0.5066588604417703,
                "MIA": {
                    "1": 0.42243070120741455,
                    "3": 0.40594637492205654,
                    "5": 0.4035202086049543,
                    "8": 0.415220225610793,
                    "10": 0.4227891928709275,
                    "30": 0.4554703040636544,
                    "50": 0.4599725761298063,
                    "80": 0.49622446683933946,
                    "best": {
                        "s": 80,
                        "ROC AUC": 0.49622446683933946
                    }
                }
            },
            "100": {
                "Member size": 767.0,
                "Nonmember size": 230.0,
                "ROC AUC Individual": 0.5074926607039368,
                "MIA": {
                    "1": 0.44315798424125613,
                    "3": 0.41464769570886006,
                    "5": 0.40455756476390226,
                    "8": 0.41012414262230035,
                    "10": 0.417323280993141,
                    "30": 0.45748098535588605,
                    "50": 0.4666438434326144,
                    "80": 0.47014874141876434,
                    "100": 0.4984519766179154,
                    "best": {
                        "s": 100,
                        "ROC AUC": 0.4984519766179154
                    }
                }
            }
        },
        "min": {
            "1": {
                "Member size": 767.0,
                "Nonmember size": 230.0,
                "ROC AUC Individual": 0.48015985488351004,
                "MIA": {
                    "1": 0.48015985488351004,
                    "best": {
                        "s": 1,
                        "ROC AUC": 0.48015985488351004
                    }
                }
            },
            "3": {
                "Member size": 767.0,
                "Nonmember size": 230.0,
                "ROC AUC Individual": 0.50846429764674,
                "MIA": {
                    "1": 0.5217844793379061,
                    "3": 0.5128559249786871,
                    "best": {
                        "s": 1,
                        "ROC AUC": 0.5217844793379061
                    }
                }
            },
            "5": {
                "Member size": 767.0,
                "Nonmember size": 230.0,
                "ROC AUC Individual": 0.5082310293183262,
                "MIA": {
                    "1": 0.5074582813032127,
                    "3": 0.5085024154589373,
                    "5": 0.519189619849761,
                    "best": {
                        "s": 5,
                        "ROC AUC": 0.519189619849761
                    }
                }
            },
            "8": {
                "Member size": 767.0,
                "Nonmember size": 230.0,
                "ROC AUC Individual": 0.5115238570385442,
                "MIA": {
                    "1": 0.5341468952207968,
                    "3": 0.5337497154564079,
                    "5": 0.5309697245618029,
                    "8": 0.5250341452310494,
                    "best": {
                        "s": 1,
                        "ROC AUC": 0.5341468952207968
                    }
                }
            },
            "10": {
                "Member size": 767.0,
                "Nonmember size": 230.0,
                "ROC AUC Individual": 0.509642085504789,
                "MIA": {
                    "1": 0.5439954532537652,
                    "3": 0.5375597541543364,
                    "5": 0.5274470748918735,
                    "8": 0.5278340541770999,
                    "10": 0.5257170498520374,
                    "best": {
                        "s": 1,
                        "ROC AUC": 0.5439954532537652
                    }
                }
            },
            "30": {
                "Member size": 767.0,
                "Nonmember size": 230.0,
                "ROC AUC Individual": 0.505801227424214,
                "MIA": {
                    "1": 0.585603790278848,
                    "3": 0.5792942225473834,