{
    "average": {
        "max": {
            "1": {
                "Member size": 92200.0,
                "Nonmember size": 7400.0,
                "ROC AUC Individual": 0.42443331089372316,
                "MIA": {
                    "1": 0.42443331089372316,
                    "best": {
                        "s": 1,
                        "ROC AUC": 0.42443331089372316
                    }
                }
            },
            "3": {
                "Member size": 31348.0,
                "Nonmember size": 2516.0,
                "ROC AUC Individual": 0.42443331089372316,
                "MIA": {
                    "1": 0.44427560470195604,
                    "3": 0.3894667639905532,
                    "best": {
                        "s": 1,
                        "ROC AUC": 0.44427560470195604
                    }
                }
            },
            "5": {
                "Member size": 18440.0,
                "Nonmember size": 1480.0,
                "ROC AUC Individual": 0.42443331089372316,
                "MIA": {
                    "1": 0.4615891784405132,
                    "3": 0.4010811328165841,
                    "5": 0.36003763358479146,
                    "best": {
                        "s": 1,
                        "ROC AUC": 0.4615891784405132
                    }
                }
            },
            "8": {
                "Member size": 11986.0,
                "Nonmember size": 962.0,
                "ROC AUC Individual": 0.42443331089372316,
                "MIA": {
                    "1": 0.4674170426379257,
                    "3": 0.42083036959553694,
                    "5": 0.3822385951526809,
                    "8": 0.33484245760845627,
                    "best": {
                        "s": 1,
                        "ROC AUC": 0.4674170426379257
                    }
                }
            },
            "10": {
                "Member size": 9220.0,
                "Nonmember size": 740.0,
                "ROC AUC Individual": 0.42443331089372316,
                "MIA": {
                    "1": 0.4806556137118904,
                    "3": 0.4295627702898939,
                    "5": 0.38527497371436115,
                    "8": 0.33774270817738605,
                    "10": 0.3110408061327343,
                    "best": {
                        "s": 1,
                        "ROC AUC": 0.4806556137118904
                    }
                }
            },
            "30": {
                "Member size": 3688.0,
                "Nonmember size": 296.0,
                "ROC AUC Individual": 0.42443331089372316,
                "MIA": {
                    "1": 0.5033122976277011,
                    "3": 0.47114818900533184,
                    "5": 0.45126861555432984,
                    "8": 0.4282667162125371,
                    "10": 0.41314399186536593,
                    "30": 0.24290652774701732,
                    "best": {
                        "s": 1,
                        "ROC AUC": 0.5033122976277011
                    }
                }
            },
            "50": {
                "Member size": 1844.0,
                "Nonmember size": 148.0,
                "ROC AUC Individual": 0.42443331089372316,
                "MIA": {
                    "1": 0.49962544065804937,
                    "3": 0.4980726507672616,
                    "5": 0.472138033515279,
                    "8": 0.43709518341871284,
                    "10": 0.4154042264729288,
                    "30": 0.23888011920217161,
                    "50": 0.15537477740003233,
                    "best": {
                        "s": 1,
                        "ROC AUC": 0.49962544065804937
                    }
                }
            },
            "80": {
                "Member size": 1844.0,
                "Nonmember size": 148.0,
                "ROC AUC Individual": 0.42443331089372316,
                "MIA": {
                    "1": 0.5086845607808341,
                    "3": 0.4906763140275142,
                    "5": 0.48059985277417117,
                    "8": 0.46463400174884767,
                    "10": 0.4542261348984038,
                    "30": 0.3896928694639217,
                    "50": 0.33726438295006544,
                    "80": 0.19944923044808233,
                    "best": {
                        "s": 1,
                        "ROC AUC": 0.5086845607808341
                    }
                }
            },
            "100": {
                "Member size": 922.0,
                "Nonmember size": 74.0,
                "ROC AUC Individual": 0.42443331089372316,
                "MIA": {
                    "1": 0.5072267920094007,
                    "3": 0.5127782842690352,
                    "5": 0.5110284386671764,
                    "8": 0.5037790783166191,
                    "10": 0.4882951504279034,
                    "30": 0.34022257551669316,
                    "50": 0.21099824429395533,
                    "80": 0.11640060813378944,
                    "100": 0.08804964914136605,
                    "best": {
                        "s": 3,
                        "ROC AUC": 0.5127782842690352
                    }
                }
            }
        },
        "min": {
            "1": {
                "Member size": 92200.0,
                "Nonmember size": 7400.0,
                "ROC AUC Individual": 0.42443331089372316,
                "MIA": {
                    "1": 0.42443331089372316,
                    "best": {
                        "s": 1,
                        "ROC AUC": 0.42443331089372316
                    }
                }
            },
            "3": {
                "Member size": 31348.0,
                "Nonmember size": 2516.0,
                "ROC AUC Individual": 0.42443331089372316,
                "MIA": {
                    "1": 0.36843476893532034,
                    "3": 0.3894667639905532,
                    "best": {
                        "s": 3,
                        "ROC AUC": 0.3894667639905532
                    }
                }
            },
            "5": {
                "Member size": 18440.0,
                "Nonmember size": 1480.0,
                "ROC AUC Individual": 0.42443331089372316,
                "MIA": {
                    "1": 0.3335433583715403,
                    "3": 0.3189862148766569,
                    "5": 0.36003763358479146,
                    "best": {
                        "s": 5,
                        "ROC AUC": 0.36003763358479146
                    }
                }
            },
            "8": {
                "Member size": 11986.0,
                "Nonmember size": 962.0,
                "ROC AUC Individual": 0.42443331089372316,
                "MIA": {
                    "1": 0.32232871751723013,
                    "3": 0.2939011917506126,
                    "5": 0.2960566426064201,
                    "8": 0.33484245760845627,
                    "best": {
                        "s": 8,
                        "ROC AUC": 0.33484245760845627
                    }
                }
            },
            "10": {
                "Member size": 9220.0,
                "Nonmember size": 740.0,
                "ROC AUC Individual": 0.42443331089372316,
                "MIA": {
                    "1": 0.30562402105997766,
                    "3": 0.2591033054120956,
                    "5": 0.2514889510180415,
                    "8": 0.26859457599549563,
                    "10": 0.3110408061327343,
                    "best": {
                        "s": 10,
                        "ROC AUC": 0.3110408061327343
                    }
                }
            },
            "30": {
                "Member size": 3688.0,
                "Nonmember size": 296.0,
                "ROC AUC Individual": 0.42443331089372316,