{
    "average": {
        "max": {
            "1": {
                "Member size": 76700.0,
                "Nonmember size": 23000.0,
                "ROC AUC Individual": 0.5767205807105799,
                "MIA": {
                    "1": 0.5767205807105799,
                    "best": {
                        "s": 1,
                        "ROC AUC": 0.5767205807105799
                    }
                }
            },
            "3": {
                "Member size": 26078.0,
                "Nonmember size": 7820.0,
                "ROC AUC Individual": 0.5767205807105799,
                "MIA": {
                    "1": 0.610459003848481,
                    "3": 0.61201686664643,
                    "best": {
                        "s": 3,
                        "ROC AUC": 0.61201686664643
                    }
                }
            },
            "5": {
                "Member size": 15340.0,
                "Nonmember size": 4600.0,
                "ROC AUC Individual": 0.5767205807105799,
                "MIA": {
                    "1": 0.6219087432747311,
                    "3": 0.6514586074592498,
                    "5": 0.639004945255878,
                    "best": {
                        "s": 3,
                        "ROC AUC": 0.6514586074592498
                    }
                }
            },
            "8": {
                "Member size": 9971.0,
                "Nonmember size": 2990.0,
                "ROC AUC Individual": 0.5767205807105799,
                "MIA": {
                    "1": 0.6196195555740409,
                    "3": 0.6520558093591802,
                    "5": 0.6692956386161109,
                    "8": 0.6604383744412242,
                    "best": {
                        "s": 5,
                        "ROC AUC": 0.6692956386161109
                    }
                }
            },
            "10": {
                "Member size": 7670.0,
                "Nonmember size": 2300.0,
                "ROC AUC Individual": 0.5767205807105799,
                "MIA": {
                    "1": 0.622502622075323,
                    "3": 0.6614560821350578,
                    "5": 0.6855468116131156,
                    "8": 0.7020576530297362,
                    "10": 0.6820857584327523,
                    "best": {
                        "s": 8,
                        "ROC AUC": 0.7020576530297362
                    }
                }
            },
            "30": {
                "Member size": 3068.0,
                "Nonmember size": 920.0,
                "ROC AUC Individual": 0.5767205807105799,
                "MIA": {
                    "1": 0.60557618973363,
                    "3": 0.6344802822895241,
                    "5": 0.6503462368032694,
                    "8": 0.6577313020766796,
                    "10": 0.6521480077786768,
                    "30": 0.7482176691465707,
                    "best": {
                        "s": 30,
                        "ROC AUC": 0.7482176691465707
                    }
                }
            },
            "50": {
                "Member size": 1534.0,
                "Nonmember size": 460.0,
                "ROC AUC Individual": 0.5767205807105799,
                "MIA": {
                    "1": 0.5844694178334562,
                    "3": 0.6420757820698262,
                    "5": 0.6778155931818826,
                    "8": 0.7121495061868544,
                    "10": 0.7291085678584612,
                    "30": 0.8250475676596711,
                    "50": 0.8200361343924745,
                    "best": {
                        "s": 30,
                        "ROC AUC": 0.8250475676596711
                    }
                }
            },
            "80": {
                "Member size": 1534.0,
                "Nonmember size": 460.0,
                "ROC AUC Individual": 0.5767205807105799,
                "MIA": {
                    "1": 0.5903619409330537,
                    "3": 0.6180098917294938,
                    "5": 0.6308244997449125,
                    "8": 0.6415906127770534,
                    "10": 0.6441769174083102,
                    "30": 0.6472126771362848,
                    "50": 0.692365311110255,
                    "80": 0.8011850249693515,
                    "best": {
                        "s": 80,
                        "ROC AUC": 0.8011850249693515
                    }
                }
            },
            "100": {
                "Member size": 767.0,
                "Nonmember size": 230.0,
                "ROC AUC Individual": 0.5767205807105799,
                "MIA": {
                    "1": 0.5642707329516468,
                    "3": 0.6137974037752962,
                    "5": 0.6547304574570603,
                    "8": 0.6990136613570659,
                    "10": 0.719227934924324,
                    "30": 0.8096946304915427,
                    "50": 0.8615777982073087,
                    "80": 0.9034072626982304,
                    "100": 0.8743675053718722,
                    "best": {
                        "s": 80,
                        "ROC AUC": 0.9034072626982304
                    }
                }
            }
        },
        "min": {
            "1": {
                "Member size": 76700.0,
                "Nonmember size": 23000.0,
                "ROC AUC Individual": 0.5767205807105799,
                "MIA": {
                    "1": 0.5767205807105799,
                    "best": {
                        "s": 1,
                        "ROC AUC": 0.5767205807105799
                    }
                }
            },
            "3": {
                "Member size": 26078.0,
                "Nonmember size": 7820.0,
                "ROC AUC Individual": 0.5767205807105799,
                "MIA": {
                    "1": 0.5748641525062604,
                    "3": 0.61201686664643,
                    "best": {
                        "s": 3,
                        "ROC AUC": 0.61201686664643
                    }
                }
            },
            "5": {
                "Member size": 15340.0,
                "Nonmember size": 4600.0,
                "ROC AUC Individual": 0.5767205807105799,
                "MIA": {
                    "1": 0.5718444379864193,
                    "3": 0.6125448083309464,
                    "5": 0.639004945255878,
                    "best": {
                        "s": 5,
                        "ROC AUC": 0.639004945255878
                    }
                }
            },
            "8": {
                "Member size": 9971.0,
                "Nonmember size": 2990.0,
                "ROC AUC Individual": 0.5767205807105799,
                "MIA": {
                    "1": 0.567354926482482,
                    "3": 0.6009665659271116,
                    "5": 0.6292966617628594,
                    "8": 0.6604383744412242,
                    "best": {
                        "s": 8,
                        "ROC AUC": 0.6604383744412242
                    }
                }
            },
            "10": {
                "Member size": 7670.0,
                "Nonmember size": 2300.0,
                "ROC AUC Individual": 0.5767205807105799,
                "MIA": {
                    "1": 0.5667771732038196,
                    "3": 0.5997775959290417,
                    "5": 0.6293877893628257,
                    "8": 0.6700887679668625,
                    "10": 0.6820857584327523,
                    "best": {
                        "s": 10,
                        "ROC AUC": 0.6820857584327523
                    }
                }
            },
            "30": {
                "Member size": 3068.0,
                "Nonmember size": 920.0,
                "ROC AUC Individual": 0.5767205807105799,
                "MIA": {
                    "1": 0.5733846569038251,