{
    "average": {
        "max": {
            "1": {
                "Member size": 767.0,
                "Nonmember size": 230.0,
                "ROC AUC Individual": 0.5982143869395159,
                "MIA": {
                    "1": 0.5982143869395159,
                    "best": {
                        "s": 1,
                        "ROC AUC": 0.5982143869395159
                    }
                }
            },
            "3": {
                "Member size": 767.0,
                "Nonmember size": 230.0,
                "ROC AUC Individual": 0.5940774501831294,
                "MIA": {
                    "1": 0.6277535287115243,
                    "3": 0.6409036658141518,
                    "best": {
                        "s": 3,
                        "ROC AUC": 0.6409036658141518
                    }
                }
            },
            "5": {
                "Member size": 767.0,
                "Nonmember size": 230.0,
                "ROC AUC Individual": 0.5914844104565672,
                "MIA": {
                    "1": 0.6213763392097953,
                    "3": 0.6673429951690821,
                    "5": 0.6621386296380606,
                    "best": {
                        "s": 3,
                        "ROC AUC": 0.6673429951690821
                    }
                }
            },
            "8": {
                "Member size": 767.0,
                "Nonmember size": 230.0,
                "ROC AUC Individual": 0.5798105757165442,
                "MIA": {
                    "1": 0.6208038093078624,
                    "3": 0.6543932935493038,
                    "5": 0.6756544502617801,
                    "8": 0.6508479399043934,
                    "best": {
                        "s": 5,
                        "ROC AUC": 0.6756544502617801
                    }
                }
            },
            "10": {
                "Member size": 767.0,
                "Nonmember size": 230.0,
                "ROC AUC Individual": 0.5779928377405141,
                "MIA": {
                    "1": 0.6231392778187177,
                    "3": 0.6568968456947997,
                    "5": 0.6816014113362168,
                    "8": 0.697285454131573,
                    "10": 0.6686091509219212,
                    "best": {
                        "s": 8,
                        "ROC AUC": 0.697285454131573
                    }
                }
            },
            "30": {
                "Member size": 767.0,
                "Nonmember size": 230.0,
                "ROC AUC Individual": 0.5809567887890801,
                "MIA": {
                    "1": 0.603355818831132,
                    "3": 0.6474798501532524,
                    "5": 0.6804092071611252,
                    "8": 0.7139938538584111,
                    "10": 0.7329046209879353,
                    "30": 0.7845896741774311,
                    "best": {
                        "s": 30,
                        "ROC AUC": 0.7845896741774311
                    }
                }
            },
            "50": {
                "Member size": 767.0,
                "Nonmember size": 230.0,
                "ROC AUC Individual": 0.5813971894704115,
                "MIA": {
                    "1": 0.5798990986905505,
                    "3": 0.6430809399477808,
                    "5": 0.6804574866613691,
                    "8": 0.7168002273373117,
                    "10": 0.7339346687912589,
                    "30": 0.8371898474846347,
                    "50": 0.8366065272351184,
                    "best": {
                        "s": 30,
                        "ROC AUC": 0.8371898474846347
                    }
                }
            },
            "80": {
                "Member size": 767.0,
                "Nonmember size": 230.0,
                "ROC AUC Individual": 0.5756315000288142,
                "MIA": {
                    "1": 0.5764072331500482,
                    "3": 0.6240207471231789,
                    "5": 0.6609432571849669,
                    "8": 0.700918315288249,
                    "10": 0.7197551159231336,
                    "30": 0.8105996021597044,
                    "50": 0.867761908314158,
                    "80": 0.8603427688012322,
                    "best": {
                        "s": 50,
                        "ROC AUC": 0.867761908314158
                    }
                }
            },
            "100": {
                "Member size": 767.0,
                "Nonmember size": 230.0,
                "ROC AUC Individual": 0.5767205807105799,
                "MIA": {
                    "1": 0.5642707329516468,
                    "3": 0.6137974037752962,
                    "5": 0.6547304574570603,
                    "8": 0.6990136613570659,
                    "10": 0.719227934924324,
                    "30": 0.8096946304915427,
                    "50": 0.8615777982073087,
                    "80": 0.9034072626982304,
                    "100": 0.8743675053718722,
                    "best": {
                        "s": 80,
                        "ROC AUC": 0.9034072626982304
                    }
                }
            }
        },
        "min": {
            "1": {
                "Member size": 767.0,
                "Nonmember size": 230.0,
                "ROC AUC Individual": 0.5982143869395159,
                "MIA": {
                    "1": 0.5982143869395159,
                    "best": {
                        "s": 1,
                        "ROC AUC": 0.5982143869395159
                    }
                }
            },
            "3": {
                "Member size": 767.0,
                "Nonmember size": 230.0,
                "ROC AUC Individual": 0.5940774501831294,
                "MIA": {
                    "1": 0.5903973697636188,
                    "3": 0.6409036658141518,
                    "best": {
                        "s": 3,
                        "ROC AUC": 0.6409036658141518
                    }
                }
            },
            "5": {
                "Member size": 767.0,
                "Nonmember size": 230.0,
                "ROC AUC Individual": 0.5914844104565672,
                "MIA": {
                    "1": 0.5835610226177654,
                    "3": 0.6396078431372549,
                    "5": 0.6621386296380606,
                    "best": {
                        "s": 5,
                        "ROC AUC": 0.6621386296380606
                    }
                }
            },
            "8": {
                "Member size": 767.0,
                "Nonmember size": 230.0,
                "ROC AUC Individual": 0.5798105757165442,
                "MIA": {
                    "1": 0.5468712702472294,
                    "3": 0.5915376735715911,
                    "5": 0.6283177782836331,
                    "8": 0.6508479399043934,
                    "best": {
                        "s": 8,
                        "ROC AUC": 0.6508479399043934
                    }
                }
            },
            "10": {
                "Member size": 767.0,
                "Nonmember size": 230.0,
                "ROC AUC Individual": 0.5779928377405141,
                "MIA": {
                    "1": 0.5559583428181197,
                    "3": 0.5888117459594809,
                    "5": 0.6199237423173231,
                    "8": 0.6621044844070111,
                    "10": 0.6686091509219212,
                    "best": {
                        "s": 10,
                        "ROC AUC": 0.6686091509219212
                    }
                }
            },
            "30": {
                "Member size": 767.0,
                "Nonmember size": 230.0,
                "ROC AUC Individual": 0.5809567887890801,
                "MIA": {
                    "1": 0.5840427953562486,
                    "3": 0.6011740094652369,