{
    "average": {
        "max": {
            "1": {
                "Member size": 769.0,
                "Nonmember size": 229.0,
                "ROC AUC Individual": 0.49623227579627605,
                "MIA": {
                    "1": 0.49623227579627605,
                    "best": {
                        "s": 1,
                        "ROC AUC": 0.49623227579627605
                    }
                }
            },
            "3": {
                "Member size": 769.0,
                "Nonmember size": 229.0,
                "ROC AUC Individual": 0.5187017046404557,
                "MIA": {
                    "1": 0.4762778178431696,
                    "3": 0.5217971504988614,
                    "best": {
                        "s": 3,
                        "ROC AUC": 0.5217971504988614
                    }
                }
            },
            "5": {
                "Member size": 769.0,
                "Nonmember size": 229.0,
                "ROC AUC Individual": 0.5275640683471416,
                "MIA": {
                    "1": 0.4691057972413558,
                    "3": 0.5047728292286813,
                    "5": 0.5469474903606453,
                    "best": {
                        "s": 5,
                        "ROC AUC": 0.5469474903606453
                    }
                }
            },
            "8": {
                "Member size": 769.0,
                "Nonmember size": 229.0,
                "ROC AUC Individual": 0.5343305297812051,
                "MIA": {
                    "1": 0.47488657077472585,
                    "3": 0.5025070840029301,
                    "5": 0.5268113185047216,
                    "8": 0.5744373967211998,
                    "best": {
                        "s": 8,
                        "ROC AUC": 0.5744373967211998
                    }
                }
            },
            "10": {
                "Member size": 769.0,
                "Nonmember size": 229.0,
                "ROC AUC Individual": 0.5343996215315818,
                "MIA": {
                    "1": 0.48427322956712343,
                    "3": 0.5081629292281135,
                    "5": 0.5313541660751501,
                    "8": 0.5631257062708332,
                    "10": 0.5871031204512371,
                    "best": {
                        "s": 10,
                        "ROC AUC": 0.5871031204512371
                    }
                }
            },
            "30": {
                "Member size": 769.0,
                "Nonmember size": 229.0,
                "ROC AUC Individual": 0.5299063884032248,
                "MIA": {
                    "1": 0.4920755702693341,
                    "3": 0.49584045519332653,
                    "5": 0.5070669672517476,
                    "8": 0.5207125456414217,
                    "10": 0.5286341360923561,
                    "30": 0.6133748569541626,
                    "best": {
                        "s": 30,
                        "ROC AUC": 0.6133748569541626
                    }
                }
            }
        },
        "min": {
            "1": {
                "Member size": 769.0,
                "Nonmember size": 229.0,
                "ROC AUC Individual": 0.49623227579627605,
                "MIA": {
                    "1": 0.49623227579627605,
                    "best": {
                        "s": 1,
                        "ROC AUC": 0.49623227579627605
                    }
                }
            },
            "3": {
                "Member size": 769.0,
                "Nonmember size": 229.0,
                "ROC AUC Individual": 0.5187017046404557,
                "MIA": {
                    "1": 0.5751017881783749,
                    "3": 0.5217971504988614,
                    "best": {
                        "s": 1,
                        "ROC AUC": 0.5751017881783749
                    }
                }
            },
            "5": {
                "Member size": 769.0,
                "Nonmember size": 229.0,
                "ROC AUC Individual": 0.5275640683471416,
                "MIA": {
                    "1": 0.6033526215069761,
                    "3": 0.5895594005712631,
                    "5": 0.5469474903606453,
                    "best": {
                        "s": 1,
                        "ROC AUC": 0.6033526215069761
                    }
                }
            },
            "8": {
                "Member size": 769.0,
                "Nonmember size": 229.0,
                "ROC AUC Individual": 0.5343305297812051,
                "MIA": {
                    "1": 0.6298771727588146,
                    "3": 0.6338521643829393,
                    "5": 0.6187699104491173,
                    "8": 0.5744373967211998,
                    "best": {
                        "s": 3,
                        "ROC AUC": 0.6338521643829393
                    }
                }
            },
            "10": {
                "Member size": 769.0,
                "Nonmember size": 229.0,
                "ROC AUC Individual": 0.5343996215315818,
                "MIA": {
                    "1": 0.6297408873317017,
                    "3": 0.6365551586873441,
                    "5": 0.6252434682369776,
                    "8": 0.6131765293780274,
                    "10": 0.5871031204512371,
                    "best": {
                        "s": 3,
                        "ROC AUC": 0.6365551586873441
                    }
                }
            },
            "30": {
                "Member size": 769.0,
                "Nonmember size": 229.0,
                "ROC AUC Individual": 0.5299063884032248,
                "MIA": {
                    "1": 0.6485028477975707,
                    "3": 0.6584630410957348,
                    "5": 0.6595592248908296,
                    "8": 0.6585858815893603,
                    "10": 0.6580279316568266,
                    "30": 0.6133748569541626,
                    "best": {
                        "s": 5,
                        "ROC AUC": 0.6595592248908296
                    }
                }
            }
        },
        "Total individual ROC AUC": 0.5308668435546426
    },
    "std": {
        "max": {
            "1": {
                "Member size": 0.0,
                "Nonmember size": 0.0,
                "ROC AUC Individual": 0.0,
                "MIA": {
                    "1": 0.0
                }
            },
            "3": {
                "Member size": 0.0,
                "Nonmember size": 0.0,
                "ROC AUC Individual": 0.0,
                "MIA": {
                    "1": 0.0,
                    "3": 0.0
                }
            },
            "5": {
                "Member size": 0.0,
                "Nonmember size": 0.0,
                "ROC AUC Individual": 0.0,
                "MIA": {
                    "1": 0.0,
                    "3": 0.0,
                    "5": 0.0
                }
            },
            "8": {
                "Member size": 0.0,
                "Nonmember size": 0.0,
                "ROC AUC Individual": 0.0,
                "MIA": {
                    "1": 0.0,
                    "3": 0.0,
                    "5": 0.0,
                    "8": 0.0
                }
            },
            "10": {
                "Member size": 0.0,
                "Nonmember size": 0.0,
                "ROC AUC Individual": 0.0,
                "MIA": {
                    "1": 0.0,
                    "3": 0.0,
                    "5": 0.0,
                    "8": 0.0,
                    "10": 0.0
                }
            },
            "30": {
                "Member size": 0.0,
                "Nonmember size": 0.0,
                "ROC AUC Individual": 0.0,
                "MIA": {
                    "1": 0.0,
                    "3": 0.0,
                    "5": 0.0,