{
    "average": {
        "max": {
            "1": {
                "Member size": 76700.0,
                "Nonmember size": 23000.0,
                "ROC AUC Individual": 0.5412157405341426,
                "MIA": {
                    "1": 0.5412157405341426,
                    "best": {
                        "s": 1,
                        "ROC AUC": 0.5412157405341426
                    }
                }
            },
            "3": {
                "Member size": 26078.0,
                "Nonmember size": 7820.0,
                "ROC AUC Individual": 0.5412157405341426,
                "MIA": {
                    "1": 0.5519154122109888,
                    "3": 0.5643588528666472,
                    "best": {
                        "s": 3,
                        "ROC AUC": 0.5643588528666472
                    }
                }
            },
            "5": {
                "Member size": 15340.0,
                "Nonmember size": 4600.0,
                "ROC AUC Individual": 0.5412157405341426,
                "MIA": {
                    "1": 0.5585070463665607,
                    "3": 0.5754159827929998,
                    "5": 0.5806631219739332,
                    "best": {
                        "s": 5,
                        "ROC AUC": 0.5806631219739332
                    }
                }
            },
            "8": {
                "Member size": 9971.0,
                "Nonmember size": 2990.0,
                "ROC AUC Individual": 0.5412157405341426,
                "MIA": {
                    "1": 0.5581241117635793,
                    "3": 0.5818685751917902,
                    "5": 0.585789476509941,
                    "8": 0.5913847259227609,
                    "best": {
                        "s": 8,
                        "ROC AUC": 0.5913847259227609
                    }
                }
            },
            "10": {
                "Member size": 7670.0,
                "Nonmember size": 2300.0,
                "ROC AUC Individual": 0.5412157405341426,
                "MIA": {
                    "1": 0.5646935508195748,
                    "3": 0.5876773740571383,
                    "5": 0.5979713401962206,
                    "8": 0.592837558228599,
                    "10": 0.5998029536619093,
                    "best": {
                        "s": 10,
                        "ROC AUC": 0.5998029536619093
                    }
                }
            },
            "30": {
                "Member size": 3068.0,
                "Nonmember size": 920.0,
                "ROC AUC Individual": 0.5412157405341426,
                "MIA": {
                    "1": 0.5481450503962235,
                    "3": 0.5700029061113395,
                    "5": 0.5803355495385663,
                    "8": 0.5851398477481181,
                    "10": 0.5838250939782963,
                    "30": 0.6125234615572174,
                    "best": {
                        "s": 30,
                        "ROC AUC": 0.6125234615572174
                    }
                }
            },
            "50": {
                "Member size": 1534.0,
                "Nonmember size": 460.0,
                "ROC AUC Individual": 0.5412157405341426,
                "MIA": {
                    "1": 0.5215995408423559,
                    "3": 0.5583484496343745,
                    "5": 0.5846323904540559,
                    "8": 0.6151309449577689,
                    "10": 0.6314891446063149,
                    "30": 0.6451675075109121,
                    "50": 0.6207176238847476,
                    "best": {
                        "s": 30,
                        "ROC AUC": 0.6451675075109121
                    }
                }
            },
            "80": {
                "Member size": 1534.0,
                "Nonmember size": 460.0,
                "ROC AUC Individual": 0.5412157405341426,
                "MIA": {
                    "1": 0.5259601213083158,
                    "3": 0.5479933110367893,
                    "5": 0.5579034635224761,
                    "8": 0.5646391927895243,
                    "10": 0.566757836857321,
                    "30": 0.5731424346688657,
                    "50": 0.587057600865579,
                    "80": 0.6172200550169729,
                    "best": {
                        "s": 80,
                        "ROC AUC": 0.6172200550169729
                    }
                }
            },
            "100": {
                "Member size": 767.0,
                "Nonmember size": 230.0,
                "ROC AUC Individual": 0.5412157405341426,
                "MIA": {
                    "1": 0.4954622753812143,
                    "3": 0.5209625304687943,
                    "5": 0.545178844736693,
                    "8": 0.5759367382801429,
                    "10": 0.5944731024318349,
                    "30": 0.672609262513463,
                    "50": 0.6718995919348469,
                    "80": 0.6196981576974365,
                    "100": 0.6235010743744368,
                    "best": {
                        "s": 30,
                        "ROC AUC": 0.672609262513463
                    }
                }
            }
        },
        "min": {
            "1": {
                "Member size": 76700.0,
                "Nonmember size": 23000.0,
                "ROC AUC Individual": 0.5412157405341426,
                "MIA": {
                    "1": 0.5412157405341426,
                    "best": {
                        "s": 1,
                        "ROC AUC": 0.5412157405341426
                    }
                }
            },
            "3": {
                "Member size": 26078.0,
                "Nonmember size": 7820.0,
                "ROC AUC Individual": 0.5412157405341426,
                "MIA": {
                    "1": 0.5554576166036884,
                    "3": 0.5643588528666472,
                    "best": {
                        "s": 3,
                        "ROC AUC": 0.5643588528666472
                    }
                }
            },
            "5": {
                "Member size": 15340.0,
                "Nonmember size": 4600.0,
                "ROC AUC Individual": 0.5412157405341426,
                "MIA": {
                    "1": 0.5686694198487884,
                    "3": 0.574470244111171,
                    "5": 0.5806631219739332,
                    "best": {
                        "s": 5,
                        "ROC AUC": 0.5806631219739332
                    }
                }
            },
            "8": {
                "Member size": 9971.0,
                "Nonmember size": 2990.0,
                "ROC AUC Individual": 0.5412157405341426,
                "MIA": {
                    "1": 0.5799768526598599,
                    "3": 0.5806387092193034,
                    "5": 0.5836502879083335,
                    "8": 0.5913847259227609,
                    "best": {
                        "s": 8,
                        "ROC AUC": 0.5913847259227609
                    }
                }
            },
            "10": {
                "Member size": 7670.0,
                "Nonmember size": 2300.0,
                "ROC AUC Individual": 0.5412157405341426,
                "MIA": {
                    "1": 0.5896508547911917,
                    "3": 0.5901950459087313,
                    "5": 0.5902757673055128,
                    "8": 0.5962275004344039,
                    "10": 0.5998029536619093,
                    "best": {
                        "s": 10,
                        "ROC AUC": 0.5998029536619093
                    }
                }
            },
            "30": {
                "Member size": 3068.0,
                "Nonmember size": 920.0,
                "ROC AUC Individual": 0.5412157405341426,
                "MIA": {
                    "1": 0.6171911781389149,