{
    "average": {
        "max": {
            "1": {
                "Member size": 1500.0,
                "Nonmember size": 300.0,
                "ROC AUC Individual": 0.6225377777777779,
                "MIA": {
                    "1": 0.6225377777777779,
                    "best": {
                        "s": 1,
                        "ROC AUC": 0.6225377777777779
                    }
                }
            },
            "3": {
                "Member size": 510.0,
                "Nonmember size": 102.0,
                "ROC AUC Individual": 0.6225377777777779,
                "MIA": {
                    "1": 0.6695693963860054,
                    "3": 0.6692425990003845,
                    "best": {
                        "s": 1,
                        "ROC AUC": 0.6695693963860054
                    }
                }
            },
            "5": {
                "Member size": 300.0,
                "Nonmember size": 60.0,
                "ROC AUC Individual": 0.6225377777777779,
                "MIA": {
                    "1": 0.6880555555555556,
                    "3": 0.6944444444444444,
                    "5": 0.7021111111111111,
                    "best": {
                        "s": 5,
                        "ROC AUC": 0.7021111111111111
                    }
                }
            },
            "8": {
                "Member size": 195.0,
                "Nonmember size": 39.0,
                "ROC AUC Individual": 0.6225377777777779,
                "MIA": {
                    "1": 0.6915187376725838,
                    "3": 0.7125575279421432,
                    "5": 0.6946745562130178,
                    "8": 0.7004602235371467,
                    "best": {
                        "s": 3,
                        "ROC AUC": 0.7125575279421432
                    }
                }
            },
            "10": {
                "Member size": 150.0,
                "Nonmember size": 30.0,
                "ROC AUC Individual": 0.6225377777777779,
                "MIA": {
                    "1": 0.7148888888888889,
                    "3": 0.7128888888888888,
                    "5": 0.7222222222222221,
                    "8": 0.7035555555555555,
                    "10": 0.7148888888888889,
                    "best": {
                        "s": 5,
                        "ROC AUC": 0.7222222222222221
                    }
                }
            },
            "30": {
                "Member size": 60.0,
                "Nonmember size": 12.0,
                "ROC AUC Individual": 0.6225377777777779,
                "MIA": {
                    "1": 0.6847222222222223,
                    "3": 0.7125,
                    "5": 0.751388888888889,
                    "8": 0.7236111111111111,
                    "10": 0.6902777777777778,
                    "30": 0.7319444444444445,
                    "best": {
                        "s": 5,
                        "ROC AUC": 0.751388888888889
                    }
                }
            },
            "50": {
                "Member size": 30.0,
                "Nonmember size": 6.0,
                "ROC AUC Individual": 0.6225377777777779,
                "MIA": {
                    "1": 0.6444444444444445,
                    "3": 0.688888888888889,
                    "5": 0.7222222222222223,
                    "8": 0.7555555555555556,
                    "10": 0.7611111111111112,
                    "30": 0.7388888888888889,
                    "50": 0.7277777777777779,
                    "best": {
                        "s": 10,
                        "ROC AUC": 0.7611111111111112
                    }
                }
            },
            "80": {
                "Member size": 30.0,
                "Nonmember size": 6.0,
                "ROC AUC Individual": 0.6225377777777779,
                "MIA": {
                    "1": 0.6888888888888889,
                    "3": 0.7166666666666667,
                    "5": 0.7055555555555556,
                    "8": 0.7222222222222222,
                    "10": 0.7333333333333334,
                    "30": 0.7000000000000001,
                    "50": 0.7166666666666668,
                    "80": 0.7555555555555555,
                    "best": {
                        "s": 80,
                        "ROC AUC": 0.7555555555555555
                    }
                }
            },
            "100": {
                "Member size": 15.0,
                "Nonmember size": 3.0,
                "ROC AUC Individual": 0.6225377777777779,
                "MIA": {
                    "1": 0.5777777777777778,
                    "3": 0.6222222222222222,
                    "5": 0.7111111111111112,
                    "8": 0.7111111111111112,
                    "10": 0.7333333333333334,
                    "30": 0.7777777777777778,
                    "50": 0.7333333333333334,
                    "80": 0.6888888888888889,
                    "100": 0.7333333333333333,
                    "best": {
                        "s": 30,
                        "ROC AUC": 0.7777777777777778
                    }
                }
            }
        },
        "min": {
            "1": {
                "Member size": 1500.0,
                "Nonmember size": 300.0,
                "ROC AUC Individual": 0.6225377777777779,
                "MIA": {
                    "1": 0.6225377777777779,
                    "best": {
                        "s": 1,
                        "ROC AUC": 0.6225377777777779
                    }
                }
            },
            "3": {
                "Member size": 510.0,
                "Nonmember size": 102.0,
                "ROC AUC Individual": 0.6225377777777779,
                "MIA": {
                    "1": 0.6162053056516725,
                    "3": 0.6692425990003845,
                    "best": {
                        "s": 3,
                        "ROC AUC": 0.6692425990003845
                    }
                }
            },
            "5": {
                "Member size": 300.0,
                "Nonmember size": 60.0,
                "ROC AUC Individual": 0.6225377777777779,
                "MIA": {
                    "1": 0.6272777777777777,
                    "3": 0.6591111111111111,
                    "5": 0.7021111111111111,
                    "best": {
                        "s": 5,
                        "ROC AUC": 0.7021111111111111
                    }
                }
            },
            "8": {
                "Member size": 195.0,
                "Nonmember size": 39.0,
                "ROC AUC Individual": 0.6225377777777779,
                "MIA": {
                    "1": 0.6084155161078239,
                    "3": 0.6550953320184089,
                    "5": 0.6741617357001973,
                    "8": 0.7004602235371467,
                    "best": {
                        "s": 8,
                        "ROC AUC": 0.7004602235371467
                    }
                }
            },
            "10": {
                "Member size": 150.0,
                "Nonmember size": 30.0,
                "ROC AUC Individual": 0.6225377777777779,
                "MIA": {
                    "1": 0.6417777777777777,
                    "3": 0.6537777777777778,
                    "5": 0.6688888888888888,
                    "8": 0.6879999999999998,
                    "10": 0.7148888888888889,
                    "best": {
                        "s": 10,
                        "ROC AUC": 0.7148888888888889
                    }
                }
            },
            "30": {
                "Member size": 60.0,
                "Nonmember size": 12.0,
                "ROC AUC Individual": 0.6225377777777779,
                "MIA": {
                    "1": 0.6,
                    "3": 0.6291666666666667,
                    "5": 0.6569444444444443,