{
    "average": {
        "max": {
            "1": {
                "Member size": 76700.0,
                "Nonmember size": 23000.0,
                "ROC AUC Individual": 0.45486142138209823,
                "MIA": {
                    "1": 0.45486142138209823,
                    "best": {
                        "s": 1,
                        "ROC AUC": 0.45486142138209823
                    }
                }
            },
            "3": {
                "Member size": 26078.0,
                "Nonmember size": 7820.0,
                "ROC AUC Individual": 0.45486142138209823,
                "MIA": {
                    "1": 0.44134434980958126,
                    "3": 0.42880817662037063,
                    "best": {
                        "s": 1,
                        "ROC AUC": 0.44134434980958126
                    }
                }
            },
            "5": {
                "Member size": 15340.0,
                "Nonmember size": 4600.0,
                "ROC AUC Individual": 0.45486142138209823,
                "MIA": {
                    "1": 0.4305383027680184,
                    "3": 0.41174255559681533,
                    "5": 0.40908502691956705,
                    "best": {
                        "s": 1,
                        "ROC AUC": 0.4305383027680184
                    }
                }
            },
            "8": {
                "Member size": 9971.0,
                "Nonmember size": 2990.0,
                "ROC AUC Individual": 0.45486142138209823,
                "MIA": {
                    "1": 0.418614809254107,
                    "3": 0.4110239662562943,
                    "5": 0.4007057626455732,
                    "8": 0.39328893746710186,
                    "best": {
                        "s": 1,
                        "ROC AUC": 0.418614809254107
                    }
                }
            },
            "10": {
                "Member size": 7670.0,
                "Nonmember size": 2300.0,
                "ROC AUC Individual": 0.45486142138209823,
                "MIA": {
                    "1": 0.4133872635536249,
                    "3": 0.3996472000313034,
                    "5": 0.38903982249722086,
                    "8": 0.37131651030141993,
                    "10": 0.378192669970321,
                    "best": {
                        "s": 1,
                        "ROC AUC": 0.4133872635536249
                    }
                }
            },
            "30": {
                "Member size": 3068.0,
                "Nonmember size": 920.0,
                "ROC AUC Individual": 0.45486142138209823,
                "MIA": {
                    "1": 0.3986957229775493,
                    "3": 0.39577787163603473,
                    "5": 0.39846093332678956,
                    "8": 0.4008286898433514,
                    "10": 0.40394158103261696,
                    "30": 0.33499875303173715,
                    "best": {
                        "s": 10,
                        "ROC AUC": 0.40394158103261696
                    }
                }
            },
            "50": {
                "Member size": 1534.0,
                "Nonmember size": 460.0,
                "ROC AUC Individual": 0.45486142138209823,
                "MIA": {
                    "1": 0.3764106540776531,
                    "3": 0.36806657679027516,
                    "5": 0.3631219531618856,
                    "8": 0.3557114171459126,
                    "10": 0.34980531770554235,
                    "30": 0.307076804520935,
                    "50": 0.2912181498672646,
                    "best": {
                        "s": 1,
                        "ROC AUC": 0.3764106540776531
                    }
                }
            },
            "80": {
                "Member size": 1534.0,
                "Nonmember size": 460.0,
                "ROC AUC Individual": 0.45486142138209823,
                "MIA": {
                    "1": 0.40145069343997275,
                    "3": 0.4018814074347542,
                    "5": 0.4068071450884616,
                    "8": 0.41032147218356857,
                    "10": 0.4126515775423849,
                    "30": 0.41441856169384983,
                    "50": 0.3900660250524419,
                    "80": 0.3161159908338248,
                    "best": {
                        "s": 30,
                        "ROC AUC": 0.41441856169384983
                    }
                }
            },
            "100": {
                "Member size": 767.0,
                "Nonmember size": 230.0,
                "ROC AUC Individual": 0.45486142138209823,
                "MIA": {
                    "1": 0.3891276004761635,
                    "3": 0.36820475029760225,
                    "5": 0.3636868658239329,
                    "8": 0.3582506660620147,
                    "10": 0.35589170166874784,
                    "30": 0.3332954932455443,
                    "50": 0.29852231249264105,
                    "80": 0.25533466539389665,
                    "100": 0.25827052126069394,
                    "best": {
                        "s": 1,
                        "ROC AUC": 0.3891276004761635
                    }
                }
            }
        },
        "min": {
            "1": {
                "Member size": 76700.0,
                "Nonmember size": 23000.0,
                "ROC AUC Individual": 0.45486142138209823,
                "MIA": {
                    "1": 0.45486142138209823,
                    "best": {
                        "s": 1,
                        "ROC AUC": 0.45486142138209823
                    }
                }
            },
            "3": {
                "Member size": 26078.0,
                "Nonmember size": 7820.0,
                "ROC AUC Individual": 0.45486142138209823,
                "MIA": {
                    "1": 0.4429050025465774,
                    "3": 0.42880817662037063,
                    "best": {
                        "s": 1,
                        "ROC AUC": 0.4429050025465774
                    }
                }
            },
            "5": {
                "Member size": 15340.0,
                "Nonmember size": 4600.0,
                "ROC AUC Individual": 0.45486142138209823,
                "MIA": {
                    "1": 0.43675148055560614,
                    "3": 0.42070874741592046,
                    "5": 0.40908502691956705,
                    "best": {
                        "s": 1,
                        "ROC AUC": 0.43675148055560614
                    }
                }
            },
            "8": {
                "Member size": 9971.0,
                "Nonmember size": 2990.0,
                "ROC AUC Individual": 0.45486142138209823,
                "MIA": {
                    "1": 0.44494945062961355,
                    "3": 0.42096763591610703,
                    "5": 0.40769920273010274,
                    "8": 0.39328893746710186,
                    "best": {
                        "s": 1,
                        "ROC AUC": 0.44494945062961355
                    }
                }
            },
            "10": {
                "Member size": 7670.0,
                "Nonmember size": 2300.0,
                "ROC AUC Individual": 0.45486142138209823,
                "MIA": {
                    "1": 0.4479414611373005,
                    "3": 0.41947140780697734,
                    "5": 0.4033336827245021,
                    "8": 0.38797905979116015,
                    "10": 0.378192669970321,
                    "best": {
                        "s": 1,
                        "ROC AUC": 0.4479414611373005
                    }
                }
            },
            "30": {
                "Member size": 3068.0,
                "Nonmember size": 920.0,
                "ROC AUC Individual": 0.45486142138209823,