{
    "average": {
        "max": {
            "1": {
                "Member size": 76700.0,
                "Nonmember size": 23000.0,
                "ROC AUC Individual": 0.6171293031816998,
                "MIA": {
                    "1": 0.6171293031816998,
                    "best": {
                        "s": 1,
                        "ROC AUC": 0.6171293031816998
                    }
                }
            },
            "3": {
                "Member size": 26078.0,
                "Nonmember size": 7820.0,
                "ROC AUC Individual": 0.6171293031816998,
                "MIA": {
                    "1": 0.6731920144772237,
                    "3": 0.6676051098816049,
                    "best": {
                        "s": 1,
                        "ROC AUC": 0.6731920144772237
                    }
                }
            },
            "5": {
                "Member size": 15340.0,
                "Nonmember size": 4600.0,
                "ROC AUC Individual": 0.6171293031816998,
                "MIA": {
                    "1": 0.6945485525363535,
                    "3": 0.7349763734946704,
                    "5": 0.7024147369933001,
                    "best": {
                        "s": 3,
                        "ROC AUC": 0.7349763734946704
                    }
                }
            },
            "8": {
                "Member size": 9971.0,
                "Nonmember size": 2990.0,
                "ROC AUC Individual": 0.6171293031816998,
                "MIA": {
                    "1": 0.696125519860438,
                    "3": 0.7499066168668023,
                    "5": 0.7620645286636537,
                    "8": 0.7336207828973975,
                    "best": {
                        "s": 5,
                        "ROC AUC": 0.7620645286636537
                    }
                }
            },
            "10": {
                "Member size": 7670.0,
                "Nonmember size": 2300.0,
                "ROC AUC Individual": 0.6171293031816998,
                "MIA": {
                    "1": 0.7033312742743179,
                    "3": 0.7698709735125531,
                    "5": 0.7985994386952823,
                    "8": 0.796728196687565,
                    "10": 0.7594049218763177,
                    "best": {
                        "s": 5,
                        "ROC AUC": 0.7985994386952823
                    }
                }
            },
            "30": {
                "Member size": 3068.0,
                "Nonmember size": 920.0,
                "ROC AUC Individual": 0.6171293031816998,
                "MIA": {
                    "1": 0.6695609645454417,
                    "3": 0.7276934690463702,
                    "5": 0.7498124592302675,
                    "8": 0.7532924217930174,
                    "10": 0.7399308461593022,
                    "30": 0.8243368739684123,
                    "best": {
                        "s": 30,
                        "ROC AUC": 0.8243368739684123
                    }
                }
            },
            "50": {
                "Member size": 1534.0,
                "Nonmember size": 460.0,
                "ROC AUC Individual": 0.6171293031816998,
                "MIA": {
                    "1": 0.6626495096649849,
                    "3": 0.7462190352020861,
                    "5": 0.8004903350150219,
                    "8": 0.8496301230088998,
                    "10": 0.8737444022447708,
                    "30": 0.9468921829828242,
                    "50": 0.8930816800346754,
                    "best": {
                        "s": 30,
                        "ROC AUC": 0.9468921829828242
                    }
                }
            },
            "80": {
                "Member size": 1534.0,
                "Nonmember size": 460.0,
                "ROC AUC Individual": 0.6171293031816998,
                "MIA": {
                    "1": 0.6372413695368744,
                    "3": 0.6847032481151862,
                    "5": 0.7081571339493227,
                    "8": 0.7212360410407573,
                    "10": 0.7227977438920696,
                    "30": 0.7036952256376717,
                    "50": 0.7443580763645683,
                    "80": 0.8647277689802118,
                    "best": {
                        "s": 80,
                        "ROC AUC": 0.8647277689802118
                    }
                }
            },
            "100": {
                "Member size": 767.0,
                "Nonmember size": 230.0,
                "ROC AUC Individual": 0.6171293031816998,
                "MIA": {
                    "1": 0.6257411711354232,
                    "3": 0.693594467433819,
                    "5": 0.7543790034578538,
                    "8": 0.8160931919959187,
                    "10": 0.8459100957995578,
                    "30": 0.9535287115242899,
                    "50": 0.9724561802868199,
                    "80": 0.9663669474163442,
                    "100": 0.9274508444814121,
                    "best": {
                        "s": 50,
                        "ROC AUC": 0.9724561802868199
                    }
                }
            }
        },
        "min": {
            "1": {
                "Member size": 76700.0,
                "Nonmember size": 23000.0,
                "ROC AUC Individual": 0.6171293031816998,
                "MIA": {
                    "1": 0.6171293031816998,
                    "best": {
                        "s": 1,
                        "ROC AUC": 0.6171293031816998
                    }
                }
            },
            "3": {
                "Member size": 26078.0,
                "Nonmember size": 7820.0,
                "ROC AUC Individual": 0.6171293031816998,
                "MIA": {
                    "1": 0.6189469438198391,
                    "3": 0.6676051098816049,
                    "best": {
                        "s": 3,
                        "ROC AUC": 0.6676051098816049
                    }
                }
            },
            "5": {
                "Member size": 15340.0,
                "Nonmember size": 4600.0,
                "ROC AUC Individual": 0.6171293031816998,
                "MIA": {
                    "1": 0.6175280869500219,
                    "3": 0.6684850949360295,
                    "5": 0.7024147369933001,
                    "best": {
                        "s": 5,
                        "ROC AUC": 0.7024147369933001
                    }
                }
            },
            "8": {
                "Member size": 9971.0,
                "Nonmember size": 2990.0,
                "ROC AUC Individual": 0.6171293031816998,
                "MIA": {
                    "1": 0.6165781521276247,
                    "3": 0.6596171410911761,
                    "5": 0.693293531521104,
                    "8": 0.7336207828973975,
                    "best": {
                        "s": 8,
                        "ROC AUC": 0.7336207828973975
                    }
                }
            },
            "10": {
                "Member size": 7670.0,
                "Nonmember size": 2300.0,
                "ROC AUC Individual": 0.6171293031816998,
                "MIA": {
                    "1": 0.6130710932584374,
                    "3": 0.6638817276459493,
                    "5": 0.6989836431217904,
                    "8": 0.7411296715452399,
                    "10": 0.7594049218763177,
                    "best": {
                        "s": 10,
                        "ROC AUC": 0.7594049218763177
                    }
                }
            },
            "30": {
                "Member size": 3068.0,
                "Nonmember size": 920.0,
                "ROC AUC Individual": 0.6171293031816998,
                "MIA": {
                    "1": 0.5968199872331371,