{
    "average": {
        "max": {
            "1": {
                "Member size": 929.0,
                "Nonmember size": 19.0,
                "ROC AUC Individual": 0.591354597473231,
                "MIA": {
                    "1": 0.591354597473231,
                    "best": {
                        "s": 1,
                        "ROC AUC": 0.591354597473231
                    }
                }
            },
            "3": {
                "Member size": 929.0,
                "Nonmember size": 19.0,
                "ROC AUC Individual": 0.5999534178107631,
                "MIA": {
                    "1": 0.5718089626650048,
                    "3": 0.6083508016542971,
                    "best": {
                        "s": 3,
                        "ROC AUC": 0.6083508016542971
                    }
                }
            },
            "5": {
                "Member size": 929.0,
                "Nonmember size": 19.0,
                "ROC AUC Individual": 0.6122757917398448,
                "MIA": {
                    "1": 0.5794006005325477,
                    "3": 0.6055747549713898,
                    "5": 0.6227975752082036,
                    "best": {
                        "s": 5,
                        "ROC AUC": 0.6227975752082036
                    }
                }
            },
            "8": {
                "Member size": 929.0,
                "Nonmember size": 19.0,
                "ROC AUC Individual": 0.6132416364511926,
                "MIA": {
                    "1": 0.5823466092572659,
                    "3": 0.5945838762676336,
                    "5": 0.605971333068948,
                    "8": 0.6203614526089174,
                    "best": {
                        "s": 8,
                        "ROC AUC": 0.6203614526089174
                    }
                }
            },
            "10": {
                "Member size": 929.0,
                "Nonmember size": 19.0,
                "ROC AUC Individual": 0.6188578550790323,
                "MIA": {
                    "1": 0.614979321284913,
                    "3": 0.6077842615149284,
                    "5": 0.6137895869922384,
                    "8": 0.6200215285252961,
                    "10": 0.6294827488527562,
                    "best": {
                        "s": 10,
                        "ROC AUC": 0.6294827488527562
                    }
                }
            },
            "30": {
                "Member size": 929.0,
                "Nonmember size": 19.0,
                "ROC AUC Individual": 0.6216827815861865,
                "MIA": {
                    "1": 0.636111268483372,
                    "3": 0.6403036655147017,
                    "5": 0.6364511925669933,
                    "8": 0.6333918758144015,
                    "10": 0.6320321794799162,
                    "30": 0.641210129737692,
                    "best": {
                        "s": 30,
                        "ROC AUC": 0.641210129737692
                    }
                }
            }
        },
        "min": {
            "1": {
                "Member size": 929.0,
                "Nonmember size": 19.0,
                "ROC AUC Individual": 0.591354597473231,
                "MIA": {
                    "1": 0.591354597473231,
                    "best": {
                        "s": 1,
                        "ROC AUC": 0.591354597473231
                    }
                }
            },
            "3": {
                "Member size": 929.0,
                "Nonmember size": 19.0,
                "ROC AUC Individual": 0.5999534178107631,
                "MIA": {
                    "1": 0.621551186901592,
                    "3": 0.6083508016542971,
                    "best": {
                        "s": 1,
                        "ROC AUC": 0.621551186901592
                    }
                }
            },
            "5": {
                "Member size": 929.0,
                "Nonmember size": 19.0,
                "ROC AUC Individual": 0.6122757917398448,
                "MIA": {
                    "1": 0.6525409325250694,
                    "3": 0.6387740071384057,
                    "5": 0.6227975752082036,
                    "best": {
                        "s": 1,
                        "ROC AUC": 0.6525409325250694
                    }
                }
            },
            "8": {
                "Member size": 929.0,
                "Nonmember size": 19.0,
                "ROC AUC Individual": 0.6132416364511926,
                "MIA": {
                    "1": 0.6610390346156026,
                    "3": 0.6413234377655658,
                    "5": 0.634638264121013,
                    "8": 0.6203614526089174,
                    "best": {
                        "s": 1,
                        "ROC AUC": 0.6610390346156026
                    }
                }
            },
            "10": {
                "Member size": 929.0,
                "Nonmember size": 19.0,
                "ROC AUC Individual": 0.6188578550790323,
                "MIA": {
                    "1": 0.6722565293751063,
                    "3": 0.6529941646365646,
                    "5": 0.6438162143787888,
                    "8": 0.6333352218004645,
                    "10": 0.6294827488527562,
                    "best": {
                        "s": 1,
                        "ROC AUC": 0.6722565293751063
                    }
                }
            },
            "30": {
                "Member size": 929.0,
                "Nonmember size": 19.0,
                "ROC AUC Individual": 0.6216827815861865,
                "MIA": {
                    "1": 0.6271599342813439,
                    "3": 0.633618491870149,
                    "5": 0.661322304685287,
                    "8": 0.6575831397654525,
                    "10": 0.6530508186505014,
                    "30": 0.641210129737692,
                    "best": {
                        "s": 5,
                        "ROC AUC": 0.661322304685287
                    }
                }
            }
        },
        "Total individual ROC AUC": 0.5931471853110288
    },
    "std": {
        "max": {
            "1": {
                "Member size": 0.0,
                "Nonmember size": 0.0,
                "ROC AUC Individual": 0.0,
                "MIA": {
                    "1": 0.0
                }
            },
            "3": {
                "Member size": 0.0,
                "Nonmember size": 0.0,
                "ROC AUC Individual": 0.0,
                "MIA": {
                    "1": 0.0,
                    "3": 0.0
                }
            },
            "5": {
                "Member size": 0.0,
                "Nonmember size": 0.0,
                "ROC AUC Individual": 0.0,
                "MIA": {
                    "1": 0.0,
                    "3": 0.0,
                    "5": 0.0
                }
            },
            "8": {
                "Member size": 0.0,
                "Nonmember size": 0.0,
                "ROC AUC Individual": 0.0,
                "MIA": {
                    "1": 0.0,
                    "3": 0.0,
                    "5": 0.0,
                    "8": 0.0
                }
            },
            "10": {
                "Member size": 0.0,
                "Nonmember size": 0.0,
                "ROC AUC Individual": 0.0,
                "MIA": {
                    "1": 0.0,
                    "3": 0.0,
                    "5": 0.0,
                    "8": 0.0,
                    "10": 0.0
                }
            },
            "30": {
                "Member size": 0.0,
                "Nonmember size": 0.0,
                "ROC AUC Individual": 0.0,
                "MIA": {
                    "1": 0.0,
                    "3": 0.0,
                    "5": 0.0,
                    "8": 0.0,
                    "10": 0.0,