{
    "average": {
        "max": {
            "1": {
                "Member size": 92200.0,
                "Nonmember size": 7400.0,
                "ROC AUC Individual": 0.5701623959371519,
                "MIA": {
                    "1": 0.5701623959371519,
                    "best": {
                        "s": 1,
                        "ROC AUC": 0.5701623959371519
                    }
                }
            },
            "3": {
                "Member size": 31348.0,
                "Nonmember size": 2516.0,
                "ROC AUC Individual": 0.5701623959371519,
                "MIA": {
                    "1": 0.6338808048040835,
                    "3": 0.607129162184274,
                    "best": {
                        "s": 1,
                        "ROC AUC": 0.6338808048040835
                    }
                }
            },
            "5": {
                "Member size": 18440.0,
                "Nonmember size": 1480.0,
                "ROC AUC Individual": 0.5701623959371519,
                "MIA": {
                    "1": 0.6598875644896525,
                    "3": 0.6713406885736062,
                    "5": 0.6371466626604912,
                    "best": {
                        "s": 3,
                        "ROC AUC": 0.6713406885736062
                    }
                }
            },
            "8": {
                "Member size": 11986.0,
                "Nonmember size": 962.0,
                "ROC AUC Individual": 0.5701623959371519,
                "MIA": {
                    "1": 0.6727890352327195,
                    "3": 0.7072575662597353,
                    "5": 0.6989040054699992,
                    "8": 0.6650462875433675,
                    "best": {
                        "s": 3,
                        "ROC AUC": 0.7072575662597353
                    }
                }
            },
            "10": {
                "Member size": 9220.0,
                "Nonmember size": 740.0,
                "ROC AUC Individual": 0.5701623959371519,
                "MIA": {
                    "1": 0.6927257870668934,
                    "3": 0.7376600515917219,
                    "5": 0.7428467051650349,
                    "8": 0.7194932432432433,
                    "10": 0.6902664595180864,
                    "best": {
                        "s": 5,
                        "ROC AUC": 0.7428467051650349
                    }
                }
            },
            "30": {
                "Member size": 3688.0,
                "Nonmember size": 296.0,
                "ROC AUC Individual": 0.5701623959371519,
                "MIA": {
                    "1": 0.68927300741631,
                    "3": 0.7330833748607609,
                    "5": 0.7407781629243126,
                    "8": 0.7254417174766958,
                    "10": 0.716100794395263,
                    "30": 0.7684097804420472,
                    "best": {
                        "s": 30,
                        "ROC AUC": 0.7684097804420472
                    }
                }
            },
            "50": {
                "Member size": 1844.0,
                "Nonmember size": 148.0,
                "ROC AUC Individual": 0.5701623959371519,
                "MIA": {
                    "1": 0.7012498534326084,
                    "3": 0.7898956440171191,
                    "5": 0.8336753239139355,
                    "8": 0.866070381661488,
                    "10": 0.8788107521838541,
                    "30": 0.9141591428738935,
                    "50": 0.8518826581462158,
                    "best": {
                        "s": 30,
                        "ROC AUC": 0.9141591428738935
                    }
                }
            },
            "80": {
                "Member size": 1844.0,
                "Nonmember size": 148.0,
                "ROC AUC Individual": 0.5701623959371519,
                "MIA": {
                    "1": 0.6536649176291259,
                    "3": 0.6873790819018585,
                    "5": 0.6971990971448672,
                    "8": 0.69537799730316,
                    "10": 0.6898524066365714,
                    "30": 0.6742136659436009,
                    "50": 0.6923257313712845,
                    "80": 0.8190515624083954,
                    "best": {
                        "s": 80,
                        "ROC AUC": 0.8190515624083954
                    }
                }
            },
            "100": {
                "Member size": 922.0,
                "Nonmember size": 74.0,
                "ROC AUC Individual": 0.5701623959371519,
                "MIA": {
                    "1": 0.6475274081022454,
                    "3": 0.748842117605675,
                    "5": 0.7987483144749956,
                    "8": 0.8462947763381603,
                    "10": 0.8667409274784547,
                    "30": 0.9442311074632116,
                    "50": 0.9577006507592191,
                    "80": 0.9449786011608137,
                    "100": 0.9193293076156417,
                    "best": {
                        "s": 50,
                        "ROC AUC": 0.9577006507592191
                    }
                }
            }
        },
        "min": {
            "1": {
                "Member size": 92200.0,
                "Nonmember size": 7400.0,
                "ROC AUC Individual": 0.5701623959371519,
                "MIA": {
                    "1": 0.5701623959371519,
                    "best": {
                        "s": 1,
                        "ROC AUC": 0.5701623959371519
                    }
                }
            },
            "3": {
                "Member size": 31348.0,
                "Nonmember size": 2516.0,
                "ROC AUC Individual": 0.5701623959371519,
                "MIA": {
                    "1": 0.5434775558158043,
                    "3": 0.607129162184274,
                    "best": {
                        "s": 3,
                        "ROC AUC": 0.607129162184274
                    }
                }
            },
            "5": {
                "Member size": 18440.0,
                "Nonmember size": 1480.0,
                "ROC AUC Individual": 0.5701623959371519,
                "MIA": {
                    "1": 0.5282862058099314,
                    "3": 0.5898804559711555,
                    "5": 0.6371466626604912,
                    "best": {
                        "s": 5,
                        "ROC AUC": 0.6371466626604912
                    }
                }
            },
            "8": {
                "Member size": 11986.0,
                "Nonmember size": 962.0,
                "ROC AUC Individual": 0.5701623959371519,
                "MIA": {
                    "1": 0.5180183360143313,
                    "3": 0.5646957573163146,
                    "5": 0.609635357674737,
                    "8": 0.6650462875433675,
                    "best": {
                        "s": 8,
                        "ROC AUC": 0.6650462875433675
                    }
                }
            },
            "10": {
                "Member size": 9220.0,
                "Nonmember size": 740.0,
                "ROC AUC Individual": 0.5701623959371519,
                "MIA": {
                    "1": 0.507796139414903,
                    "3": 0.5558002579586094,
                    "5": 0.6006701793984874,
                    "8": 0.6615336811866096,
                    "10": 0.6902664595180864,
                    "best": {
                        "s": 10,
                        "ROC AUC": 0.6902664595180864
                    }
                }
            },
            "30": {
                "Member size": 3688.0,
                "Nonmember size": 296.0,
                "ROC AUC Individual": 0.5701623959371519,
                "MIA": {
                    "1": 0.5034420435891422,