{
    "average": {
        "max": {
            "1": {
                "Member size": 76700.0,
                "Nonmember size": 23000.0,
                "ROC AUC Individual": 0.5518583391667035,
                "MIA": {
                    "1": 0.5518583391667035,
                    "best": {
                        "s": 1,
                        "ROC AUC": 0.5518583391667035
                    }
                }
            },
            "3": {
                "Member size": 26078.0,
                "Nonmember size": 7820.0,
                "ROC AUC Individual": 0.5518583391667035,
                "MIA": {
                    "1": 0.579697607510659,
                    "3": 0.5735325036975536,
                    "best": {
                        "s": 1,
                        "ROC AUC": 0.579697607510659
                    }
                }
            },
            "5": {
                "Member size": 15340.0,
                "Nonmember size": 4600.0,
                "ROC AUC Individual": 0.5518583391667035,
                "MIA": {
                    "1": 0.5950088512758878,
                    "3": 0.6132313013420897,
                    "5": 0.5954468881850683,
                    "best": {
                        "s": 3,
                        "ROC AUC": 0.6132313013420897
                    }
                }
            },
            "8": {
                "Member size": 9971.0,
                "Nonmember size": 2990.0,
                "ROC AUC Individual": 0.5518583391667035,
                "MIA": {
                    "1": 0.5969640049789875,
                    "3": 0.6182325236579304,
                    "5": 0.6251489716926942,
                    "8": 0.6123299487679725,
                    "best": {
                        "s": 5,
                        "ROC AUC": 0.6251489716926942
                    }
                }
            },
            "10": {
                "Member size": 7670.0,
                "Nonmember size": 2300.0,
                "ROC AUC Individual": 0.5518583391667035,
                "MIA": {
                    "1": 0.603501817027332,
                    "3": 0.6297660498692874,
                    "5": 0.644345131739414,
                    "8": 0.6465453639405373,
                    "10": 0.6245316557361491,
                    "best": {
                        "s": 8,
                        "ROC AUC": 0.6465453639405373
                    }
                }
            },
            "30": {
                "Member size": 3068.0,
                "Nonmember size": 920.0,
                "ROC AUC Individual": 0.5518583391667035,
                "MIA": {
                    "1": 0.5917305184219107,
                    "3": 0.6186755509231686,
                    "5": 0.6268830298647154,
                    "8": 0.6258139765733571,
                    "10": 0.6173842139595564,
                    "30": 0.6691964036231443,
                    "best": {
                        "s": 30,
                        "ROC AUC": 0.6691964036231443
                    }
                }
            },
            "50": {
                "Member size": 1534.0,
                "Nonmember size": 460.0,
                "ROC AUC Individual": 0.5518583391667035,
                "MIA": {
                    "1": 0.5735700923983902,
                    "3": 0.6164814919789128,
                    "5": 0.6424536590896208,
                    "8": 0.6666005328496116,
                    "10": 0.6805155603423843,
                    "30": 0.7587949176096883,
                    "50": 0.7196952465964863,
                    "best": {
                        "s": 30,
                        "ROC AUC": 0.7587949176096883
                    }
                }
            },
            "80": {
                "Member size": 1534.0,
                "Nonmember size": 460.0,
                "ROC AUC Individual": 0.5518583391667035,
                "MIA": {
                    "1": 0.5753032707896378,
                    "3": 0.5939884360297035,
                    "5": 0.6036116149878125,
                    "8": 0.6090329346408934,
                    "10": 0.6088828384242321,
                    "30": 0.6018927668758697,
                    "50": 0.6293016915899577,
                    "80": 0.6941494041258438,
                    "best": {
                        "s": 80,
                        "ROC AUC": 0.6941494041258438
                    }
                }
            },
            "100": {
                "Member size": 767.0,
                "Nonmember size": 230.0,
                "ROC AUC Individual": 0.5518583391667035,
                "MIA": {
                    "1": 0.5402868318122556,
                    "3": 0.5860552122895528,
                    "5": 0.6177994444759367,
                    "8": 0.64886911172836,
                    "10": 0.6631143359219999,
                    "30": 0.7456436709937079,
                    "50": 0.7963737716552108,
                    "80": 0.8215115711916634,
                    "100": 0.7651625424551188,
                    "best": {
                        "s": 80,
                        "ROC AUC": 0.8215115711916634
                    }
                }
            }
        },
        "min": {
            "1": {
                "Member size": 76700.0,
                "Nonmember size": 23000.0,
                "ROC AUC Individual": 0.5518583391667035,
                "MIA": {
                    "1": 0.5518583391667035,
                    "best": {
                        "s": 1,
                        "ROC AUC": 0.5518583391667035
                    }
                }
            },
            "3": {
                "Member size": 26078.0,
                "Nonmember size": 7820.0,
                "ROC AUC Individual": 0.5518583391667035,
                "MIA": {
                    "1": 0.5476600800145024,
                    "3": 0.5735325036975536,
                    "best": {
                        "s": 3,
                        "ROC AUC": 0.5735325036975536
                    }
                }
            },
            "5": {
                "Member size": 15340.0,
                "Nonmember size": 4600.0,
                "ROC AUC Individual": 0.5518583391667035,
                "MIA": {
                    "1": 0.5441721950057834,
                    "3": 0.5705930935614967,
                    "5": 0.5954468881850683,
                    "best": {
                        "s": 5,
                        "ROC AUC": 0.5954468881850683
                    }
                }
            },
            "8": {
                "Member size": 9971.0,
                "Nonmember size": 2990.0,
                "ROC AUC Individual": 0.5518583391667035,
                "MIA": {
                    "1": 0.5460958060079857,
                    "3": 0.5654204167459734,
                    "5": 0.5840923246144916,
                    "8": 0.6123299487679725,
                    "best": {
                        "s": 8,
                        "ROC AUC": 0.6123299487679725
                    }
                }
            },
            "10": {
                "Member size": 7670.0,
                "Nonmember size": 2300.0,
                "ROC AUC Individual": 0.5518583391667035,
                "MIA": {
                    "1": 0.5491338683223328,
                    "3": 0.566384259621741,
                    "5": 0.5825960550261662,
                    "8": 0.6097397206196873,
                    "10": 0.6245316557361491,
                    "best": {
                        "s": 10,
                        "ROC AUC": 0.6245316557361491
                    }
                }
            },
            "30": {
                "Member size": 3068.0,
                "Nonmember size": 920.0,
                "ROC AUC Individual": 0.5518583391667035,
                "MIA": {
                    "1": 0.5624383904094996,