{
    "average": {
        "max": {
            "1": {
                "Member size": 767.0,
                "Nonmember size": 230.0,
                "ROC AUC Individual": 0.5379910435916331,
                "MIA": {
                    "1": 0.5379910435916331,
                    "best": {
                        "s": 1,
                        "ROC AUC": 0.5379910435916331
                    }
                }
            },
            "3": {
                "Member size": 767.0,
                "Nonmember size": 230.0,
                "ROC AUC Individual": 0.5362924018634441,
                "MIA": {
                    "1": 0.5436029703531545,
                    "3": 0.5527990906507531,
                    "best": {
                        "s": 3,
                        "ROC AUC": 0.5527990906507531
                    }
                }
            },
            "5": {
                "Member size": 767.0,
                "Nonmember size": 230.0,
                "ROC AUC Individual": 0.5342308477807025,
                "MIA": {
                    "1": 0.5460631483475993,
                    "3": 0.5710409808150756,
                    "5": 0.5656897336671978,
                    "best": {
                        "s": 3,
                        "ROC AUC": 0.5710409808150756
                    }
                }
            },
            "8": {
                "Member size": 767.0,
                "Nonmember size": 230.0,
                "ROC AUC Individual": 0.5427373918005941,
                "MIA": {
                    "1": 0.5828637832322431,
                    "3": 0.6084122215293919,
                    "5": 0.622312407764786,
                    "8": 0.6084680173002504,
                    "best": {
                        "s": 5,
                        "ROC AUC": 0.622312407764786
                    }
                }
            },
            "10": {
                "Member size": 767.0,
                "Nonmember size": 230.0,
                "ROC AUC Individual": 0.5444482565030253,
                "MIA": {
                    "1": 0.587948528994955,
                    "3": 0.612981123519075,
                    "5": 0.62419116812351,
                    "8": 0.6285365160556976,
                    "10": 0.6167311632142044,
                    "best": {
                        "s": 8,
                        "ROC AUC": 0.6285365160556976
                    }
                }
            },
            "30": {
                "Member size": 767.0,
                "Nonmember size": 230.0,
                "ROC AUC Individual": 0.556874309098667,
                "MIA": {
                    "1": 0.5802732271413186,
                    "3": 0.6208718326625475,
                    "5": 0.6428830565160706,
                    "8": 0.6655291650133213,
                    "10": 0.6794512782722067,
                    "30": 0.6976254385412672,
                    "best": {
                        "s": 30,
                        "ROC AUC": 0.6976254385412672
                    }
                }
            },
            "50": {
                "Member size": 767.0,
                "Nonmember size": 230.0,
                "ROC AUC Individual": 0.5542262454729113,
                "MIA": {
                    "1": 0.5636245110821383,
                    "3": 0.6010373561589479,
                    "5": 0.6280086162915934,
                    "8": 0.65246301230089,
                    "10": 0.6666062014625022,
                    "30": 0.7478714950618686,
                    "50": 0.7195817053550908,
                    "best": {
                        "s": 30,
                        "ROC AUC": 0.7478714950618686
                    }
                }
            },
            "80": {
                "Member size": 767.0,
                "Nonmember size": 230.0,
                "ROC AUC Individual": 0.5536824934631781,
                "MIA": {
                    "1": 0.5384275267841959,
                    "3": 0.5764412448273908,
                    "5": 0.6090527747860098,
                    "8": 0.6404455529731874,
                    "10": 0.6549458647468964,
                    "30": 0.7449218527990907,
                    "50": 0.7949030934451972,
                    "80": 0.7570910223647702,
                    "best": {
                        "s": 50,
                        "ROC AUC": 0.7949030934451972
                    }
                }
            },
            "100": {
                "Member size": 767.0,
                "Nonmember size": 230.0,
                "ROC AUC Individual": 0.5518583391667035,
                "MIA": {
                    "1": 0.5402868318122556,
                    "3": 0.5860552122895528,
                    "5": 0.6177994444759367,
                    "8": 0.64886911172836,
                    "10": 0.6631143359219999,
                    "30": 0.7456436709937079,
                    "50": 0.7963737716552108,
                    "80": 0.8215115711916634,
                    "100": 0.7651625424551188,
                    "best": {
                        "s": 80,
                        "ROC AUC": 0.8215115711916634
                    }
                }
            }
        },
        "min": {
            "1": {
                "Member size": 767.0,
                "Nonmember size": 230.0,
                "ROC AUC Individual": 0.5379910435916331,
                "MIA": {
                    "1": 0.5379910435916331,
                    "best": {
                        "s": 1,
                        "ROC AUC": 0.5379910435916331
                    }
                }
            },
            "3": {
                "Member size": 767.0,
                "Nonmember size": 230.0,
                "ROC AUC Individual": 0.5362924018634441,
                "MIA": {
                    "1": 0.536845983787767,
                    "3": 0.5527990906507531,
                    "best": {
                        "s": 3,
                        "ROC AUC": 0.5527990906507531
                    }
                }
            },
            "5": {
                "Member size": 767.0,
                "Nonmember size": 230.0,
                "ROC AUC Individual": 0.5342308477807025,
                "MIA": {
                    "1": 0.522328666175387,
                    "3": 0.5509917590224496,
                    "5": 0.5656897336671978,
                    "best": {
                        "s": 5,
                        "ROC AUC": 0.5656897336671978
                    }
                }
            },
            "8": {
                "Member size": 767.0,
                "Nonmember size": 230.0,
                "ROC AUC Individual": 0.5427373918005941,
                "MIA": {
                    "1": 0.5345950554134697,
                    "3": 0.5514227179603916,
                    "5": 0.5741065331208741,
                    "8": 0.6084680173002504,
                    "best": {
                        "s": 8,
                        "ROC AUC": 0.6084680173002504
                    }
                }
            },
            "10": {
                "Member size": 767.0,
                "Nonmember size": 230.0,
                "ROC AUC Individual": 0.5444482565030253,
                "MIA": {
                    "1": 0.5433302982016845,
                    "3": 0.5590029592533576,
                    "5": 0.5772991122239928,
                    "8": 0.6018950603232416,
                    "10": 0.6167311632142044,
                    "best": {
                        "s": 10,
                        "ROC AUC": 0.6167311632142044
                    }
                }
            },
            "30": {
                "Member size": 767.0,
                "Nonmember size": 230.0,
                "ROC AUC Individual": 0.556874309098667,
                "MIA": {
                    "1": 0.5906043705895743,
                    "3": 0.5917596175734123,