{
    "average": {
        "max": {
            "1": {
                "Member size": 769.0,
                "Nonmember size": 229.0,
                "ROC AUC Individual": 0.47516482018841466,
                "MIA": {
                    "1": 0.47516482018841466,
                    "best": {
                        "s": 1,
                        "ROC AUC": 0.47516482018841466
                    }
                }
            },
            "3": {
                "Member size": 769.0,
                "Nonmember size": 229.0,
                "ROC AUC Individual": 0.48135255714996883,
                "MIA": {
                    "1": 0.4793442399532087,
                    "3": 0.48488083542966814,
                    "best": {
                        "s": 3,
                        "ROC AUC": 0.48488083542966814
                    }
                }
            },
            "5": {
                "Member size": 769.0,
                "Nonmember size": 229.0,
                "ROC AUC Individual": 0.48252582324915816,
                "MIA": {
                    "1": 0.47848109891482726,
                    "3": 0.47320003861420434,
                    "5": 0.47714095888155095,
                    "best": {
                        "s": 1,
                        "ROC AUC": 0.47848109891482726
                    }
                }
            },
            "8": {
                "Member size": 769.0,
                "Nonmember size": 229.0,
                "ROC AUC Individual": 0.48750774591001755,
                "MIA": {
                    "1": 0.4959313121447351,
                    "3": 0.49034360963310825,
                    "5": 0.4847672642404075,
                    "8": 0.47784510025496735,
                    "best": {
                        "s": 1,
                        "ROC AUC": 0.4959313121447351
                    }
                }
            },
            "10": {
                "Member size": 769.0,
                "Nonmember size": 229.0,
                "ROC AUC Individual": 0.4904314285552041,
                "MIA": {
                    "1": 0.4962833828314434,
                    "3": 0.4884356136535284,
                    "5": 0.4851761205217461,
                    "8": 0.48107052202997147,
                    "10": 0.48178034196285086,
                    "best": {
                        "s": 1,
                        "ROC AUC": 0.4962833828314434
                    }
                }
            },
            "30": {
                "Member size": 769.0,
                "Nonmember size": 229.0,
                "ROC AUC Individual": 0.4933088368588305,
                "MIA": {
                    "1": 0.4825923759660649,
                    "3": 0.47388146574976864,
                    "5": 0.47198766616884635,
                    "8": 0.47376221600104484,
                    "10": 0.4726776111436052,
                    "30": 0.463518922852984,
                    "best": {
                        "s": 1,
                        "ROC AUC": 0.4825923759660649
                    }
                }
            }
        },
        "min": {
            "1": {
                "Member size": 769.0,
                "Nonmember size": 229.0,
                "ROC AUC Individual": 0.47516482018841466,
                "MIA": {
                    "1": 0.47516482018841466,
                    "best": {
                        "s": 1,
                        "ROC AUC": 0.47516482018841466
                    }
                }
            },
            "3": {
                "Member size": 769.0,
                "Nonmember size": 229.0,
                "ROC AUC Individual": 0.48135255714996883,
                "MIA": {
                    "1": 0.4820188414602984,
                    "3": 0.48488083542966814,
                    "best": {
                        "s": 3,
                        "ROC AUC": 0.48488083542966814
                    }
                }
            },
            "5": {
                "Member size": 769.0,
                "Nonmember size": 229.0,
                "ROC AUC Individual": 0.48252582324915816,
                "MIA": {
                    "1": 0.47706145904906844,
                    "3": 0.4690660473251146,
                    "5": 0.47714095888155095,
                    "best": {
                        "s": 5,
                        "ROC AUC": 0.47714095888155095
                    }
                }
            },
            "8": {
                "Member size": 769.0,
                "Nonmember size": 229.0,
                "ROC AUC Individual": 0.48750774591001755,
                "MIA": {
                    "1": 0.484534443302423,
                    "3": 0.4685947268896827,
                    "5": 0.45956581734345625,
                    "8": 0.47784510025496735,
                    "best": {
                        "s": 1,
                        "ROC AUC": 0.484534443302423
                    }
                }
            },
            "10": {
                "Member size": 769.0,
                "Nonmember size": 229.0,
                "ROC AUC Individual": 0.4904314285552041,
                "MIA": {
                    "1": 0.5006445164990545,
                    "3": 0.481326057205808,
                    "5": 0.4707582580450991,
                    "8": 0.4704459372746322,
                    "10": 0.48178034196285086,
                    "best": {
                        "s": 1,
                        "ROC AUC": 0.5006445164990545
                    }
                }
            },
            "30": {
                "Member size": 769.0,
                "Nonmember size": 229.0,
                "ROC AUC Individual": 0.4933088368588305,
                "MIA": {
                    "1": 0.48861732755634546,
                    "3": 0.48023009522944216,
                    "5": 0.47302400327085026,
                    "8": 0.46904901164672547,
                    "10": 0.4690262974088733,
                    "30": 0.463518922852984,
                    "best": {
                        "s": 1,
                        "ROC AUC": 0.48861732755634546
                    }
                }
            }
        },
        "Total individual ROC AUC": 0.49354240075991845
    },
    "std": {
        "max": {
            "1": {
                "Member size": 0.0,
                "Nonmember size": 0.0,
                "ROC AUC Individual": 0.0,
                "MIA": {
                    "1": 0.0
                }
            },
            "3": {
                "Member size": 0.0,
                "Nonmember size": 0.0,
                "ROC AUC Individual": 0.0,
                "MIA": {
                    "1": 0.0,
                    "3": 0.0
                }
            },
            "5": {
                "Member size": 0.0,
                "Nonmember size": 0.0,
                "ROC AUC Individual": 0.0,
                "MIA": {
                    "1": 0.0,
                    "3": 0.0,
                    "5": 0.0
                }
            },
            "8": {
                "Member size": 0.0,
                "Nonmember size": 0.0,
                "ROC AUC Individual": 0.0,
                "MIA": {
                    "1": 0.0,
                    "3": 0.0,
                    "5": 0.0,
                    "8": 0.0
                }
            },
            "10": {
                "Member size": 0.0,
                "Nonmember size": 0.0,
                "ROC AUC Individual": 0.0,
                "MIA": {
                    "1": 0.0,
                    "3": 0.0,
                    "5": 0.0,
                    "8": 0.0,
                    "10": 0.0
                }
            },
            "30": {
                "Member size": 0.0,
                "Nonmember size": 0.0,
                "ROC AUC Individual": 0.0,
                "MIA": {
                    "1": 0.0,
                    "3": 0.0,
                    "5": 0.0,