{
    "average": {
        "max": {
            "1": {
                "Member size": 76700.0,
                "Nonmember size": 23000.0,
                "ROC AUC Individual": 0.49673704491169535,
                "MIA": {
                    "1": 0.49673704491169535,
                    "best": {
                        "s": 1,
                        "ROC AUC": 0.49673704491169535
                    }
                }
            },
            "3": {
                "Member size": 26078.0,
                "Nonmember size": 7820.0,
                "ROC AUC Individual": 0.49673704491169535,
                "MIA": {
                    "1": 0.49678986935556924,
                    "3": 0.4948989372719479,
                    "best": {
                        "s": 1,
                        "ROC AUC": 0.49678986935556924
                    }
                }
            },
            "5": {
                "Member size": 15340.0,
                "Nonmember size": 4600.0,
                "ROC AUC Individual": 0.49673704491169535,
                "MIA": {
                    "1": 0.49922640899671444,
                    "3": 0.4959434142713877,
                    "5": 0.4932873307894398,
                    "best": {
                        "s": 1,
                        "ROC AUC": 0.49922640899671444
                    }
                }
            },
            "8": {
                "Member size": 9971.0,
                "Nonmember size": 2990.0,
                "ROC AUC Individual": 0.49673704491169535,
                "MIA": {
                    "1": 0.4968357581104518,
                    "3": 0.49490584816747635,
                    "5": 0.49344936050194294,
                    "8": 0.491356864741884,
                    "best": {
                        "s": 1,
                        "ROC AUC": 0.4968357581104518
                    }
                }
            },
            "10": {
                "Member size": 7670.0,
                "Nonmember size": 2300.0,
                "ROC AUC Individual": 0.49673704491169535,
                "MIA": {
                    "1": 0.5031583393333976,
                    "3": 0.49841426017121,
                    "5": 0.4959899819669273,
                    "8": 0.49125030275301895,
                    "10": 0.49154247055461686,
                    "best": {
                        "s": 1,
                        "ROC AUC": 0.5031583393333976
                    }
                }
            },
            "30": {
                "Member size": 3068.0,
                "Nonmember size": 920.0,
                "ROC AUC Individual": 0.49673704491169535,
                "MIA": {
                    "1": 0.5055970995591217,
                    "3": 0.5022668274345699,
                    "5": 0.5017606283346577,
                    "8": 0.5013250720379282,
                    "10": 0.5019713415182547,
                    "30": 0.48434251258445715,
                    "best": {
                        "s": 1,
                        "ROC AUC": 0.5055970995591217
                    }
                }
            },
            "50": {
                "Member size": 1534.0,
                "Nonmember size": 460.0,
                "ROC AUC Individual": 0.49673704491169535,
                "MIA": {
                    "1": 0.503395499121365,
                    "3": 0.5090848109918752,
                    "5": 0.507925334334488,
                    "8": 0.5086207386929242,
                    "10": 0.5083908590651588,
                    "30": 0.4898602448454526,
                    "50": 0.47671071483116484,
                    "best": {
                        "s": 3,
                        "ROC AUC": 0.5090848109918752
                    }
                }
            },
            "80": {
                "Member size": 1534.0,
                "Nonmember size": 460.0,
                "ROC AUC Individual": 0.49673704491169535,
                "MIA": {
                    "1": 0.511862281049827,
                    "3": 0.5064707216144209,
                    "5": 0.5061459485521427,
                    "8": 0.5064224088999887,
                    "10": 0.5060023839255307,
                    "30": 0.5039899100147954,
                    "50": 0.49892214195619766,
                    "80": 0.48430484141933516,
                    "best": {
                        "s": 1,
                        "ROC AUC": 0.511862281049827
                    }
                }
            },
            "100": {
                "Member size": 767.0,
                "Nonmember size": 230.0,
                "ROC AUC Individual": 0.49673704491169535,
                "MIA": {
                    "1": 0.5327844226517771,
                    "3": 0.5166487160591803,
                    "5": 0.5185435350210013,
                    "8": 0.518699625383131,
                    "10": 0.5179475536383245,
                    "30": 0.5114975845410628,
                    "50": 0.49011691042258726,
                    "80": 0.4702683861972813,
                    "100": 0.46238948626045395,
                    "best": {
                        "s": 1,
                        "ROC AUC": 0.5327844226517771
                    }
                }
            }
        },
        "min": {
            "1": {
                "Member size": 76700.0,
                "Nonmember size": 23000.0,
                "ROC AUC Individual": 0.49673704491169535,
                "MIA": {
                    "1": 0.49673704491169535,
                    "best": {
                        "s": 1,
                        "ROC AUC": 0.49673704491169535
                    }
                }
            },
            "3": {
                "Member size": 26078.0,
                "Nonmember size": 7820.0,
                "ROC AUC Individual": 0.49673704491169535,
                "MIA": {
                    "1": 0.49614929010666303,
                    "3": 0.4948989372719479,
                    "best": {
                        "s": 1,
                        "ROC AUC": 0.49614929010666303
                    }
                }
            },
            "5": {
                "Member size": 15340.0,
                "Nonmember size": 4600.0,
                "ROC AUC Individual": 0.49673704491169535,
                "MIA": {
                    "1": 0.4984328365523647,
                    "3": 0.4936379780101273,
                    "5": 0.4932873307894398,
                    "best": {
                        "s": 1,
                        "ROC AUC": 0.4984328365523647
                    }
                }
            },
            "8": {
                "Member size": 9971.0,
                "Nonmember size": 2990.0,
                "ROC AUC Individual": 0.49673704491169535,
                "MIA": {
                    "1": 0.5007387101084455,
                    "3": 0.4949557692157617,
                    "5": 0.4925727225966279,
                    "8": 0.491356864741884,
                    "best": {
                        "s": 1,
                        "ROC AUC": 0.5007387101084455
                    }
                }
            },
            "10": {
                "Member size": 7670.0,
                "Nonmember size": 2300.0,
                "ROC AUC Individual": 0.49673704491169535,
                "MIA": {
                    "1": 0.506307579560026,
                    "3": 0.49703915252038594,
                    "5": 0.49253904264968645,
                    "8": 0.4908414178679602,
                    "10": 0.49154247055461686,
                    "best": {
                        "s": 1,
                        "ROC AUC": 0.506307579560026
                    }
                }
            },
            "30": {
                "Member size": 3068.0,
                "Nonmember size": 920.0,
                "ROC AUC Individual": 0.49673704491169535,
                "MIA": {
                    "1": 0.5106062454712739,