{
    "average": {
        "max": {
            "1": {
                "Member size": 92200.0,
                "Nonmember size": 7400.0,
                "ROC AUC Individual": 0.41330569950377694,
                "MIA": {
                    "1": 0.41330569950377694,
                    "best": {
                        "s": 1,
                        "ROC AUC": 0.41330569950377694
                    }
                }
            },
            "3": {
                "Member size": 31348.0,
                "Nonmember size": 2516.0,
                "ROC AUC Individual": 0.41330569950377694,
                "MIA": {
                    "1": 0.4309148715052066,
                    "3": 0.36956673606681184,
                    "best": {
                        "s": 1,
                        "ROC AUC": 0.4309148715052066
                    }
                }
            },
            "5": {
                "Member size": 18440.0,
                "Nonmember size": 1480.0,
                "ROC AUC Individual": 0.41330569950377694,
                "MIA": {
                    "1": 0.44804696016993145,
                    "3": 0.38203918485799193,
                    "5": 0.3345010196855707,
                    "best": {
                        "s": 1,
                        "ROC AUC": 0.44804696016993145
                    }
                }
            },
            "8": {
                "Member size": 11986.0,
                "Nonmember size": 962.0,
                "ROC AUC Individual": 0.41330569950377694,
                "MIA": {
                    "1": 0.4612376427179059,
                    "3": 0.4066390131872421,
                    "5": 0.3607028809683177,
                    "8": 0.3035435320041459,
                    "best": {
                        "s": 1,
                        "ROC AUC": 0.4612376427179059
                    }
                }
            },
            "10": {
                "Member size": 9220.0,
                "Nonmember size": 740.0,
                "ROC AUC Individual": 0.41330569950377694,
                "MIA": {
                    "1": 0.46579528674881354,
                    "3": 0.4103894968748547,
                    "5": 0.35903265675316637,
                    "8": 0.30397680107960423,
                    "10": 0.2753760007404323,
                    "best": {
                        "s": 1,
                        "ROC AUC": 0.46579528674881354
                    }
                }
            },
            "30": {
                "Member size": 3688.0,
                "Nonmember size": 296.0,
                "ROC AUC Individual": 0.41330569950377694,
                "MIA": {
                    "1": 0.4684443131700802,
                    "3": 0.45400024242780423,
                    "5": 0.435498423362171,
                    "8": 0.408437212722927,
                    "10": 0.3930756580157615,
                    "30": 0.20537778622014236,
                    "best": {
                        "s": 1,
                        "ROC AUC": 0.4684443131700802
                    }
                }
            },
            "50": {
                "Member size": 1844.0,
                "Nonmember size": 148.0,
                "ROC AUC Individual": 0.41330569950377694,
                "MIA": {
                    "1": 0.4669396298472386,
                    "3": 0.44723119858989424,
                    "5": 0.43483165057390183,
                    "8": 0.39618195453342353,
                    "10": 0.36897335550030164,
                    "30": 0.18432664937224208,
                    "50": 0.10318400726212329,
                    "best": {
                        "s": 1,
                        "ROC AUC": 0.4669396298472386
                    }
                }
            },
            "80": {
                "Member size": 1844.0,
                "Nonmember size": 148.0,
                "ROC AUC Individual": 0.41330569950377694,
                "MIA": {
                    "1": 0.47789392780469053,
                    "3": 0.4727854185152322,
                    "5": 0.4603026637517432,
                    "8": 0.4443654435100115,
                    "10": 0.4347890489892201,
                    "30": 0.3743290722882559,
                    "50": 0.31611299228211465,
                    "80": 0.16616864282526936,
                    "best": {
                        "s": 1,
                        "ROC AUC": 0.47789392780469053
                    }
                }
            },
            "100": {
                "Member size": 922.0,
                "Nonmember size": 74.0,
                "ROC AUC Individual": 0.41330569950377694,
                "MIA": {
                    "1": 0.4796047407581684,
                    "3": 0.4811928359262418,
                    "5": 0.46198864806046525,
                    "8": 0.44631356056818516,
                    "10": 0.4354762815045731,
                    "30": 0.2860801978449037,
                    "50": 0.1590623428858723,
                    "80": 0.07320406457006881,
                    "100": 0.052398331595411886,
                    "best": {
                        "s": 3,
                        "ROC AUC": 0.4811928359262418
                    }
                }
            }
        },
        "min": {
            "1": {
                "Member size": 92200.0,
                "Nonmember size": 7400.0,
                "ROC AUC Individual": 0.41330569950377694,
                "MIA": {
                    "1": 0.41330569950377694,
                    "best": {
                        "s": 1,
                        "ROC AUC": 0.41330569950377694
                    }
                }
            },
            "3": {
                "Member size": 31348.0,
                "Nonmember size": 2516.0,
                "ROC AUC Individual": 0.41330569950377694,
                "MIA": {
                    "1": 0.3433330614874202,
                    "3": 0.36956673606681184,
                    "best": {
                        "s": 3,
                        "ROC AUC": 0.36956673606681184
                    }
                }
            },
            "5": {
                "Member size": 18440.0,
                "Nonmember size": 1480.0,
                "ROC AUC Individual": 0.41330569950377694,
                "MIA": {
                    "1": 0.3196869745680894,
                    "3": 0.29723253962928925,
                    "5": 0.3345010196855707,
                    "best": {
                        "s": 5,
                        "ROC AUC": 0.3345010196855707
                    }
                }
            },
            "8": {
                "Member size": 11986.0,
                "Nonmember size": 962.0,
                "ROC AUC Individual": 0.41330569950377694,
                "MIA": {
                    "1": 0.30541606398158383,
                    "3": 0.2685212489891302,
                    "5": 0.266717546046744,
                    "8": 0.3035435320041459,
                    "best": {
                        "s": 1,
                        "ROC AUC": 0.30541606398158383
                    }
                }
            },
            "10": {
                "Member size": 9220.0,
                "Nonmember size": 740.0,
                "ROC AUC Individual": 0.41330569950377694,
                "MIA": {
                    "1": 0.2962735797622942,
                    "3": 0.23827534488823815,
                    "5": 0.22526076968079795,
                    "8": 0.23903590358141502,
                    "10": 0.2753760007404323,
                    "best": {
                        "s": 1,
                        "ROC AUC": 0.2962735797622942
                    }
                }
            },
            "30": {
                "Member size": 3688.0,
                "Nonmember size": 296.0,
                "ROC AUC Individual": 0.41330569950377694,