{
    "average": {
        "max": {
            "1": {
                "Member size": 700.0,
                "Nonmember size": 600.0,
                "ROC AUC Individual": 0.5657880952380953,
                "MIA": {
                    "1": 0.5657880952380953,
                    "best": {
                        "s": 1,
                        "ROC AUC": 0.5657880952380953
                    }
                }
            },
            "3": {
                "Member size": 238.0,
                "Nonmember size": 204.0,
                "ROC AUC Individual": 0.5657880952380953,
                "MIA": {
                    "1": 0.5044488383588729,
                    "3": 0.5983069698467622,
                    "best": {
                        "s": 3,
                        "ROC AUC": 0.5983069698467622
                    }
                }
            },
            "5": {
                "Member size": 140.0,
                "Nonmember size": 120.0,
                "ROC AUC Individual": 0.5657880952380953,
                "MIA": {
                    "1": 0.45630952380952383,
                    "3": 0.5326190476190477,
                    "5": 0.6278571428571428,
                    "best": {
                        "s": 5,
                        "ROC AUC": 0.6278571428571428
                    }
                }
            },
            "8": {
                "Member size": 91.0,
                "Nonmember size": 78.0,
                "ROC AUC Individual": 0.5657880952380953,
                "MIA": {
                    "1": 0.4380107072414765,
                    "3": 0.47323189630881934,
                    "5": 0.5280360664976049,
                    "8": 0.6483516483516484,
                    "best": {
                        "s": 8,
                        "ROC AUC": 0.6483516483516484
                    }
                }
            },
            "10": {
                "Member size": 70.0,
                "Nonmember size": 60.0,
                "ROC AUC Individual": 0.5657880952380953,
                "MIA": {
                    "1": 0.4392857142857142,
                    "3": 0.4759523809523809,
                    "5": 0.5080952380952382,
                    "8": 0.5890476190476189,
                    "10": 0.6759523809523809,
                    "best": {
                        "s": 10,
                        "ROC AUC": 0.6759523809523809
                    }
                }
            },
            "30": {
                "Member size": 28.0,
                "Nonmember size": 24.0,
                "ROC AUC Individual": 0.5657880952380953,
                "MIA": {
                    "1": 0.41666666666666674,
                    "3": 0.4151785714285714,
                    "5": 0.43601190476190477,
                    "8": 0.45386904761904756,
                    "10": 0.46726190476190477,
                    "30": 0.6726190476190477,
                    "best": {
                        "s": 30,
                        "ROC AUC": 0.6726190476190477
                    }
                }
            },
            "50": {
                "Member size": 14.0,
                "Nonmember size": 12.0,
                "ROC AUC Individual": 0.5657880952380953,
                "MIA": {
                    "1": 0.3273809523809524,
                    "3": 0.3630952380952381,
                    "5": 0.386904761904762,
                    "8": 0.38095238095238093,
                    "10": 0.40476190476190477,
                    "30": 0.5297619047619048,
                    "50": 0.6785714285714286,
                    "best": {
                        "s": 50,
                        "ROC AUC": 0.6785714285714286
                    }
                }
            },
            "80": {
                "Member size": 14.0,
                "Nonmember size": 12.0,
                "ROC AUC Individual": 0.5657880952380953,
                "MIA": {
                    "1": 0.375,
                    "3": 0.35119047619047616,
                    "5": 0.363095238095238,
                    "8": 0.3928571428571429,
                    "10": 0.3928571428571429,
                    "30": 0.5238095238095238,
                    "50": 0.5416666666666666,
                    "80": 0.6369047619047619,
                    "best": {
                        "s": 80,
                        "ROC AUC": 0.6369047619047619
                    }
                }
            },
            "100": {
                "Member size": 7.0,
                "Nonmember size": 6.0,
                "ROC AUC Individual": 0.5657880952380953,
                "MIA": {
                    "1": 0.380952380952381,
                    "3": 0.30952380952380953,
                    "5": 0.30952380952380953,
                    "8": 0.35714285714285715,
                    "10": 0.35714285714285715,
                    "30": 0.5,
                    "50": 0.5714285714285714,
                    "80": 0.5476190476190477,
                    "100": 0.6904761904761905,
                    "best": {
                        "s": 100,
                        "ROC AUC": 0.6904761904761905
                    }
                }
            }
        },
        "min": {
            "1": {
                "Member size": 700.0,
                "Nonmember size": 600.0,
                "ROC AUC Individual": 0.5657880952380953,
                "MIA": {
                    "1": 0.5657880952380953,
                    "best": {
                        "s": 1,
                        "ROC AUC": 0.5657880952380953
                    }
                }
            },
            "3": {
                "Member size": 238.0,
                "Nonmember size": 204.0,
                "ROC AUC Individual": 0.5657880952380953,
                "MIA": {
                    "1": 0.6617235129345855,
                    "3": 0.5983069698467622,
                    "best": {
                        "s": 1,
                        "ROC AUC": 0.6617235129345855
                    }
                }
            },
            "5": {
                "Member size": 140.0,
                "Nonmember size": 120.0,
                "ROC AUC Individual": 0.5657880952380953,
                "MIA": {
                    "1": 0.6934523809523809,
                    "3": 0.6958928571428572,
                    "5": 0.6278571428571428,
                    "best": {
                        "s": 3,
                        "ROC AUC": 0.6958928571428572
                    }
                }
            },
            "8": {
                "Member size": 91.0,
                "Nonmember size": 78.0,
                "ROC AUC Individual": 0.5657880952380953,
                "MIA": {
                    "1": 0.7409129332206255,
                    "3": 0.7509157509157509,
                    "5": 0.725556494787264,
                    "8": 0.6483516483516484,
                    "best": {
                        "s": 3,
                        "ROC AUC": 0.7509157509157509
                    }
                }
            },
            "10": {
                "Member size": 70.0,
                "Nonmember size": 60.0,
                "ROC AUC Individual": 0.5657880952380953,
                "MIA": {
                    "1": 0.7547619047619047,
                    "3": 0.7728571428571428,
                    "5": 0.7633333333333334,
                    "8": 0.7214285714285714,
                    "10": 0.6759523809523809,
                    "best": {
                        "s": 3,
                        "ROC AUC": 0.7728571428571428
                    }
                }
            },
            "30": {
                "Member size": 28.0,
                "Nonmember size": 24.0,
                "ROC AUC Individual": 0.5657880952380953,
                "MIA": {
                    "1": 0.7142857142857143,
                    "3": 0.7648809523809523,
                    "5": 0.7708333333333334,