{
    "average": {
        "max": {
            "1": {
                "Member size": 1600.0,
                "Nonmember size": 100.0,
                "ROC AUC Individual": 0.46646875000000004,
                "MIA": {
                    "1": 0.46646875000000004,
                    "best": {
                        "s": 1,
                        "ROC AUC": 0.46646875000000004
                    }
                }
            },
            "3": {
                "Member size": 544.0,
                "Nonmember size": 34.0,
                "ROC AUC Individual": 0.46646875000000004,
                "MIA": {
                    "1": 0.5410358996539792,
                    "3": 0.43528330449826985,
                    "best": {
                        "s": 1,
                        "ROC AUC": 0.5410358996539792
                    }
                }
            },
            "5": {
                "Member size": 320.0,
                "Nonmember size": 20.0,
                "ROC AUC Individual": 0.46646875000000004,
                "MIA": {
                    "1": 0.5315624999999999,
                    "3": 0.4978125,
                    "5": 0.41953124999999997,
                    "best": {
                        "s": 1,
                        "ROC AUC": 0.5315624999999999
                    }
                }
            },
            "8": {
                "Member size": 208.0,
                "Nonmember size": 13.0,
                "ROC AUC Individual": 0.46646875000000004,
                "MIA": {
                    "1": 0.6087278106508875,
                    "3": 0.5551035502958579,
                    "5": 0.511094674556213,
                    "8": 0.42492603550295854,
                    "best": {
                        "s": 1,
                        "ROC AUC": 0.6087278106508875
                    }
                }
            },
            "10": {
                "Member size": 160.0,
                "Nonmember size": 10.0,
                "ROC AUC Individual": 0.46646875000000004,
                "MIA": {
                    "1": 0.6137499999999999,
                    "3": 0.541875,
                    "5": 0.515625,
                    "8": 0.46687500000000004,
                    "10": 0.409375,
                    "best": {
                        "s": 1,
                        "ROC AUC": 0.6137499999999999
                    }
                }
            },
            "30": {
                "Member size": 64.0,
                "Nonmember size": 4.0,
                "ROC AUC Individual": 0.46646875000000004,
                "MIA": {
                    "1": 0.8046875,
                    "3": 0.66015625,
                    "5": 0.625,
                    "8": 0.625,
                    "10": 0.59765625,
                    "30": 0.453125,
                    "best": {
                        "s": 1,
                        "ROC AUC": 0.8046875
                    }
                }
            },
            "50": {
                "Member size": 32.0,
                "Nonmember size": 2.0,
                "ROC AUC Individual": 0.46646875000000004,
                "MIA": {
                    "1": 0.796875,
                    "3": 0.703125,
                    "5": 0.65625,
                    "8": 0.5625,
                    "10": 0.578125,
                    "30": 0.40625,
                    "50": 0.34375,
                    "best": {
                        "s": 1,
                        "ROC AUC": 0.796875
                    }
                }
            },
            "80": {
                "Member size": 32.0,
                "Nonmember size": 2.0,
                "ROC AUC Individual": 0.46646875000000004,
                "MIA": {
                    "1": 0.8125,
                    "3": 0.75,
                    "5": 0.703125,
                    "8": 0.640625,
                    "10": 0.609375,
                    "30": 0.546875,
                    "50": 0.53125,
                    "80": 0.421875,
                    "best": {
                        "s": 1,
                        "ROC AUC": 0.8125
                    }
                }
            },
            "100": {
                "Member size": 16.0,
                "Nonmember size": 1.0,
                "ROC AUC Individual": 0.46646875000000004,
                "MIA": {
                    "1": 0.8125,
                    "3": 0.8125,
                    "5": 0.8125,
                    "8": 0.625,
                    "10": 0.625,
                    "30": 0.5625,
                    "50": 0.5625,
                    "80": 0.5,
                    "100": 0.3125,
                    "best": {
                        "s": 1,
                        "ROC AUC": 0.8125
                    }
                }
            }
        },
        "min": {
            "1": {
                "Member size": 1600.0,
                "Nonmember size": 100.0,
                "ROC AUC Individual": 0.46646875000000004,
                "MIA": {
                    "1": 0.46646875000000004,
                    "best": {
                        "s": 1,
                        "ROC AUC": 0.46646875000000004
                    }
                }
            },
            "3": {
                "Member size": 544.0,
                "Nonmember size": 34.0,
                "ROC AUC Individual": 0.46646875000000004,
                "MIA": {
                    "1": 0.40143814878892736,
                    "3": 0.43528330449826985,
                    "best": {
                        "s": 3,
                        "ROC AUC": 0.43528330449826985
                    }
                }
            },
            "5": {
                "Member size": 320.0,
                "Nonmember size": 20.0,
                "ROC AUC Individual": 0.46646875000000004,
                "MIA": {
                    "1": 0.338125,
                    "3": 0.35796875,
                    "5": 0.41953124999999997,
                    "best": {
                        "s": 5,
                        "ROC AUC": 0.41953124999999997
                    }
                }
            },
            "8": {
                "Member size": 208.0,
                "Nonmember size": 13.0,
                "ROC AUC Individual": 0.46646875000000004,
                "MIA": {
                    "1": 0.24815088757396447,
                    "3": 0.29215976331360943,
                    "5": 0.35613905325443784,
                    "8": 0.42492603550295854,
                    "best": {
                        "s": 8,
                        "ROC AUC": 0.42492603550295854
                    }
                }
            },
            "10": {
                "Member size": 160.0,
                "Nonmember size": 10.0,
                "ROC AUC Individual": 0.46646875000000004,
                "MIA": {
                    "1": 0.284375,
                    "3": 0.29,
                    "5": 0.310625,
                    "8": 0.37374999999999997,
                    "10": 0.409375,
                    "best": {
                        "s": 10,
                        "ROC AUC": 0.409375
                    }
                }
            },
            "30": {
                "Member size": 64.0,
                "Nonmember size": 4.0,
                "ROC AUC Individual": 0.46646875000000004,
                "MIA": {
                    "1": 0.2890625,
                    "3": 0.296875,
                    "5": 0.29296875,
                    "8": 0.32421875,
                    "10": 0.3203125,
                    "30": 0.453125,
                    "best": {
                        "s": 30,
                        "ROC AUC": 0.453125
                    }
                }
            },
            "50": {
                "Member size": 32.0,
                "Nonmember size": 2.0,
                "ROC AUC Individual": 0.46646875000000004,