{
    "average": {
        "max": {
            "1": {
                "Member size": 92200.0,
                "Nonmember size": 7400.0,
                "ROC AUC Individual": 0.5632532457348889,
                "MIA": {
                    "1": 0.5632532457348889,
                    "best": {
                        "s": 1,
                        "ROC AUC": 0.5632532457348889
                    }
                }
            },
            "3": {
                "Member size": 31348.0,
                "Nonmember size": 2516.0,
                "ROC AUC Individual": 0.5632532457348889,
                "MIA": {
                    "1": 0.6217096381296743,
                    "3": 0.5879775459770242,
                    "best": {
                        "s": 1,
                        "ROC AUC": 0.6217096381296743
                    }
                }
            },
            "5": {
                "Member size": 18440.0,
                "Nonmember size": 1480.0,
                "ROC AUC Individual": 0.5632532457348889,
                "MIA": {
                    "1": 0.6488828083777921,
                    "3": 0.6591854150788533,
                    "5": 0.6076551415841003,
                    "best": {
                        "s": 3,
                        "ROC AUC": 0.6591854150788533
                    }
                }
            },
            "8": {
                "Member size": 11986.0,
                "Nonmember size": 962.0,
                "ROC AUC Individual": 0.5632532457348889,
                "MIA": {
                    "1": 0.6573194107609258,
                    "3": 0.684121339761253,
                    "5": 0.6761830243392065,
                    "8": 0.6301949467726208,
                    "best": {
                        "s": 3,
                        "ROC AUC": 0.684121339761253
                    }
                }
            },
            "10": {
                "Member size": 9220.0,
                "Nonmember size": 740.0,
                "ROC AUC Individual": 0.5632532457348889,
                "MIA": {
                    "1": 0.661696737409861,
                    "3": 0.7061753239139357,
                    "5": 0.7160482499853432,
                    "8": 0.6887749897402826,
                    "10": 0.6397439467667233,
                    "best": {
                        "s": 5,
                        "ROC AUC": 0.7160482499853432
                    }
                }
            },
            "30": {
                "Member size": 3688.0,
                "Nonmember size": 296.0,
                "ROC AUC Individual": 0.5632532457348889,
                "MIA": {
                    "1": 0.6358840029020343,
                    "3": 0.6775196766723339,
                    "5": 0.6865125021985109,
                    "8": 0.6794387934572317,
                    "10": 0.6745205414199448,
                    "30": 0.6937996497039338,
                    "best": {
                        "s": 30,
                        "ROC AUC": 0.6937996497039338
                    }
                }
            },
            "50": {
                "Member size": 1844.0,
                "Nonmember size": 148.0,
                "ROC AUC Individual": 0.5632532457348889,
                "MIA": {
                    "1": 0.6007339362138712,
                    "3": 0.6674239315237146,
                    "5": 0.7063668874948701,
                    "8": 0.7397109691035939,
                    "10": 0.7563536964296185,
                    "30": 0.8275011725391336,
                    "50": 0.7538620507709446,
                    "best": {
                        "s": 30,
                        "ROC AUC": 0.8275011725391336
                    }
                }
            },
            "80": {
                "Member size": 1844.0,
                "Nonmember size": 148.0,
                "ROC AUC Individual": 0.5632532457348889,
                "MIA": {
                    "1": 0.5861962830509468,
                    "3": 0.6184667585155654,
                    "5": 0.6297194700123117,
                    "8": 0.6369525707920503,
                    "10": 0.6375388403587969,
                    "30": 0.6371247874772821,
                    "50": 0.6607148091692561,
                    "80": 0.7550895526763206,
                    "best": {
                        "s": 80,
                        "ROC AUC": 0.7550895526763206
                    }
                }
            },
            "100": {
                "Member size": 922.0,
                "Nonmember size": 74.0,
                "ROC AUC Individual": 0.5632532457348889,
                "MIA": {
                    "1": 0.5337617986750308,
                    "3": 0.5832502784780441,
                    "5": 0.6202732016181041,
                    "8": 0.6651228234742335,
                    "10": 0.6892624728850325,
                    "30": 0.824910593891071,
                    "50": 0.8826581462156299,
                    "80": 0.890777979715073,
                    "100": 0.8392741982763675,
                    "best": {
                        "s": 80,
                        "ROC AUC": 0.890777979715073
                    }
                }
            }
        },
        "min": {
            "1": {
                "Member size": 92200.0,
                "Nonmember size": 7400.0,
                "ROC AUC Individual": 0.5632532457348889,
                "MIA": {
                    "1": 0.5632532457348889,
                    "best": {
                        "s": 1,
                        "ROC AUC": 0.5632532457348889
                    }
                }
            },
            "3": {
                "Member size": 31348.0,
                "Nonmember size": 2516.0,
                "ROC AUC Individual": 0.5632532457348889,
                "MIA": {
                    "1": 0.5384362968414675,
                    "3": 0.5879775459770242,
                    "best": {
                        "s": 3,
                        "ROC AUC": 0.5879775459770242
                    }
                }
            },
            "5": {
                "Member size": 18440.0,
                "Nonmember size": 1480.0,
                "ROC AUC Individual": 0.5632532457348889,
                "MIA": {
                    "1": 0.523066519610717,
                    "3": 0.5674581183678256,
                    "5": 0.6076551415841003,
                    "best": {
                        "s": 5,
                        "ROC AUC": 0.6076551415841003
                    }
                }
            },
            "8": {
                "Member size": 11986.0,
                "Nonmember size": 962.0,
                "ROC AUC Individual": 0.5632532457348889,
                "MIA": {
                    "1": 0.5165609878191223,
                    "3": 0.5498804391679413,
                    "5": 0.5844457133460972,
                    "8": 0.6301949467726208,
                    "best": {
                        "s": 8,
                        "ROC AUC": 0.6301949467726208
                    }
                }
            },
            "10": {
                "Member size": 9220.0,
                "Nonmember size": 740.0,
                "ROC AUC Individual": 0.5632532457348889,
                "MIA": {
                    "1": 0.5142048719000997,
                    "3": 0.5374305270563404,
                    "5": 0.5689505774755232,
                    "8": 0.620946825350296,
                    "10": 0.6397439467667233,
                    "best": {
                        "s": 10,
                        "ROC AUC": 0.6397439467667233
                    }
                }
            },
            "30": {
                "Member size": 3688.0,
                "Nonmember size": 296.0,
                "ROC AUC Individual": 0.5632532457348889,
                "MIA": {
                    "1": 0.5124160901682593,