{
    "average": {
        "max": {
            "1": {
                "Member size": 769.0,
                "Nonmember size": 229.0,
                "ROC AUC Individual": 0.4834782312422985,
                "MIA": {
                    "1": 0.4834782312422985,
                    "best": {
                        "s": 1,
                        "ROC AUC": 0.4834782312422985
                    }
                }
            },
            "3": {
                "Member size": 769.0,
                "Nonmember size": 229.0,
                "ROC AUC Individual": 0.4902044849262639,
                "MIA": {
                    "1": 0.48991203911391756,
                    "3": 0.49691370293184023,
                    "best": {
                        "s": 3,
                        "ROC AUC": 0.49691370293184023
                    }
                }
            },
            "5": {
                "Member size": 769.0,
                "Nonmember size": 229.0,
                "ROC AUC Individual": 0.4888711591643432,
                "MIA": {
                    "1": 0.4821096984117069,
                    "3": 0.47904327630166776,
                    "5": 0.4824276977416369,
                    "best": {
                        "s": 5,
                        "ROC AUC": 0.4824276977416369
                    }
                }
            },
            "8": {
                "Member size": 769.0,
                "Nonmember size": 229.0,
                "ROC AUC Individual": 0.49501977025968047,
                "MIA": {
                    "1": 0.49352360293240805,
                    "3": 0.49659570360191024,
                    "5": 0.49325103207818244,
                    "8": 0.4908092515090773,
                    "best": {
                        "s": 3,
                        "ROC AUC": 0.49659570360191024
                    }
                }
            },
            "10": {
                "Member size": 769.0,
                "Nonmember size": 229.0,
                "ROC AUC Individual": 0.49749706134547783,
                "MIA": {
                    "1": 0.4958574908717157,
                    "3": 0.4934895315756299,
                    "5": 0.4909682511740422,
                    "8": 0.49182571365296057,
                    "10": 0.49373938819200347,
                    "best": {
                        "s": 1,
                        "ROC AUC": 0.4958574908717157
                    }
                }
            },
            "30": {
                "Member size": 769.0,
                "Nonmember size": 229.0,
                "ROC AUC Individual": 0.5003975258579682,
                "MIA": {
                    "1": 0.4812522359327886,
                    "3": 0.4644380213627407,
                    "5": 0.46802687094337914,
                    "8": 0.473137574460111,
                    "10": 0.4738644300713795,
                    "30": 0.48115106441048033,
                    "best": {
                        "s": 1,
                        "ROC AUC": 0.4812522359327886
                    }
                }
            }
        },
        "min": {
            "1": {
                "Member size": 769.0,
                "Nonmember size": 229.0,
                "ROC AUC Individual": 0.4834782312422985,
                "MIA": {
                    "1": 0.4834782312422985,
                    "best": {
                        "s": 1,
                        "ROC AUC": 0.4834782312422985
                    }
                }
            },
            "3": {
                "Member size": 769.0,
                "Nonmember size": 229.0,
                "ROC AUC Individual": 0.4902044849262639,
                "MIA": {
                    "1": 0.4976632727809609,
                    "3": 0.49691370293184023,
                    "best": {
                        "s": 1,
                        "ROC AUC": 0.4976632727809609
                    }
                }
            },
            "5": {
                "Member size": 769.0,
                "Nonmember size": 229.0,
                "ROC AUC Individual": 0.4888711591643432,
                "MIA": {
                    "1": 0.4947956002521281,
                    "3": 0.481956377306205,
                    "5": 0.4824276977416369,
                    "best": {
                        "s": 1,
                        "ROC AUC": 0.4947956002521281
                    }
                }
            },
            "8": {
                "Member size": 769.0,
                "Nonmember size": 229.0,
                "ROC AUC Individual": 0.49501977025968047,
                "MIA": {
                    "1": 0.5084837678377749,
                    "3": 0.49097960829296816,
                    "5": 0.48566447663556706,
                    "8": 0.4908092515090773,
                    "best": {
                        "s": 1,
                        "ROC AUC": 0.5084837678377749
                    }
                }
            },
            "10": {
                "Member size": 769.0,
                "Nonmember size": 229.0,
                "ROC AUC Individual": 0.49749706134547783,
                "MIA": {
                    "1": 0.5295540627253679,
                    "3": 0.5030976541870859,
                    "5": 0.4975213087943851,
                    "8": 0.4965048466505017,
                    "10": 0.49373938819200347,
                    "best": {
                        "s": 1,
                        "ROC AUC": 0.5295540627253679
                    }
                }
            },
            "30": {
                "Member size": 769.0,
                "Nonmember size": 229.0,
                "ROC AUC Individual": 0.5003975258579682,
                "MIA": {
                    "1": 0.534869194382769,
                    "3": 0.5176858734476238,
                    "5": 0.5066013253757786,
                    "8": 0.5041595448066735,
                    "10": 0.5025354768002454,
                    "30": 0.48115106441048033,
                    "best": {
                        "s": 1,
                        "ROC AUC": 0.534869194382769
                    }
                }
            }
        },
        "Total individual ROC AUC": 0.5005728668668524
    },
    "std": {
        "max": {
            "1": {
                "Member size": 0.0,
                "Nonmember size": 0.0,
                "ROC AUC Individual": 0.0,
                "MIA": {
                    "1": 0.0
                }
            },
            "3": {
                "Member size": 0.0,
                "Nonmember size": 0.0,
                "ROC AUC Individual": 0.0,
                "MIA": {
                    "1": 0.0,
                    "3": 0.0
                }
            },
            "5": {
                "Member size": 0.0,
                "Nonmember size": 0.0,
                "ROC AUC Individual": 0.0,
                "MIA": {
                    "1": 0.0,
                    "3": 0.0,
                    "5": 0.0
                }
            },
            "8": {
                "Member size": 0.0,
                "Nonmember size": 0.0,
                "ROC AUC Individual": 0.0,
                "MIA": {
                    "1": 0.0,
                    "3": 0.0,
                    "5": 0.0,
                    "8": 0.0
                }
            },
            "10": {
                "Member size": 0.0,
                "Nonmember size": 0.0,
                "ROC AUC Individual": 0.0,
                "MIA": {
                    "1": 0.0,
                    "3": 0.0,
                    "5": 0.0,
                    "8": 0.0,
                    "10": 0.0
                }
            },
            "30": {
                "Member size": 0.0,
                "Nonmember size": 0.0,
                "ROC AUC Individual": 0.0,
                "MIA": {
                    "1": 0.0,
                    "3": 0.0,
                    "5": 0.0,