{
    "average": {
        "max": {
            "1": {
                "Member size": 400.0,
                "Nonmember size": 900.0,
                "ROC AUC Individual": 0.378625,
                "MIA": {
                    "1": 0.378625,
                    "best": {
                        "s": 1,
                        "ROC AUC": 0.378625
                    }
                }
            },
            "3": {
                "Member size": 136.0,
                "Nonmember size": 306.0,
                "ROC AUC Individual": 0.378625,
                "MIA": {
                    "1": 0.30562764321414837,
                    "3": 0.3406862745098039,
                    "best": {
                        "s": 3,
                        "ROC AUC": 0.3406862745098039
                    }
                }
            },
            "5": {
                "Member size": 80.0,
                "Nonmember size": 180.0,
                "ROC AUC Individual": 0.378625,
                "MIA": {
                    "1": 0.2670138888888889,
                    "3": 0.3059027777777778,
                    "5": 0.3397916666666667,
                    "best": {
                        "s": 5,
                        "ROC AUC": 0.3397916666666667
                    }
                }
            },
            "8": {
                "Member size": 52.0,
                "Nonmember size": 117.0,
                "ROC AUC Individual": 0.378625,
                "MIA": {
                    "1": 0.2572320841551611,
                    "3": 0.2567389875082183,
                    "5": 0.28172255095332016,
                    "8": 0.3175542406311637,
                    "best": {
                        "s": 8,
                        "ROC AUC": 0.3175542406311637
                    }
                }
            },
            "10": {
                "Member size": 40.0,
                "Nonmember size": 90.0,
                "ROC AUC Individual": 0.378625,
                "MIA": {
                    "1": 0.19333333333333336,
                    "3": 0.2186111111111111,
                    "5": 0.24694444444444444,
                    "8": 0.2877777777777778,
                    "10": 0.30833333333333324,
                    "best": {
                        "s": 10,
                        "ROC AUC": 0.30833333333333324
                    }
                }
            },
            "30": {
                "Member size": 16.0,
                "Nonmember size": 36.0,
                "ROC AUC Individual": 0.378625,
                "MIA": {
                    "1": 0.1701388888888889,
                    "3": 0.17708333333333334,
                    "5": 0.21701388888888887,
                    "8": 0.2517361111111111,
                    "10": 0.2569444444444444,
                    "30": 0.3107638888888889,
                    "best": {
                        "s": 30,
                        "ROC AUC": 0.3107638888888889
                    }
                }
            },
            "50": {
                "Member size": 8.0,
                "Nonmember size": 18.0,
                "ROC AUC Individual": 0.378625,
                "MIA": {
                    "1": 0.15972222222222224,
                    "3": 0.13194444444444448,
                    "5": 0.13194444444444448,
                    "8": 0.13888888888888892,
                    "10": 0.1527777777777778,
                    "30": 0.19444444444444448,
                    "50": 0.2847222222222222,
                    "best": {
                        "s": 50,
                        "ROC AUC": 0.2847222222222222
                    }
                }
            },
            "80": {
                "Member size": 8.0,
                "Nonmember size": 18.0,
                "ROC AUC Individual": 0.378625,
                "MIA": {
                    "1": 0.1527777777777778,
                    "3": 0.1527777777777778,
                    "5": 0.19444444444444445,
                    "8": 0.25,
                    "10": 0.2777777777777778,
                    "30": 0.32638888888888895,
                    "50": 0.3194444444444444,
                    "80": 0.3333333333333333,
                    "best": {
                        "s": 80,
                        "ROC AUC": 0.3333333333333333
                    }
                }
            },
            "100": {
                "Member size": 4.0,
                "Nonmember size": 9.0,
                "ROC AUC Individual": 0.378625,
                "MIA": {
                    "1": 0.1388888888888889,
                    "3": 0.1111111111111111,
                    "5": 0.1111111111111111,
                    "8": 0.1111111111111111,
                    "10": 0.1111111111111111,
                    "30": 0.16666666666666669,
                    "50": 0.16666666666666669,
                    "80": 0.2777777777777778,
                    "100": 0.2777777777777778,
                    "best": {
                        "s": 80,
                        "ROC AUC": 0.2777777777777778
                    }
                }
            }
        },
        "min": {
            "1": {
                "Member size": 400.0,
                "Nonmember size": 900.0,
                "ROC AUC Individual": 0.378625,
                "MIA": {
                    "1": 0.378625,
                    "best": {
                        "s": 1,
                        "ROC AUC": 0.378625
                    }
                }
            },
            "3": {
                "Member size": 136.0,
                "Nonmember size": 306.0,
                "ROC AUC Individual": 0.378625,
                "MIA": {
                    "1": 0.404123414071511,
                    "3": 0.3406862745098039,
                    "best": {
                        "s": 1,
                        "ROC AUC": 0.404123414071511
                    }
                }
            },
            "5": {
                "Member size": 80.0,
                "Nonmember size": 180.0,
                "ROC AUC Individual": 0.378625,
                "MIA": {
                    "1": 0.40979166666666667,
                    "3": 0.37375,
                    "5": 0.3397916666666667,
                    "best": {
                        "s": 1,
                        "ROC AUC": 0.40979166666666667
                    }
                }
            },
            "8": {
                "Member size": 52.0,
                "Nonmember size": 117.0,
                "ROC AUC Individual": 0.378625,
                "MIA": {
                    "1": 0.45134779750164367,
                    "3": 0.3921761998685075,
                    "5": 0.3708086785009862,
                    "8": 0.3175542406311637,
                    "best": {
                        "s": 1,
                        "ROC AUC": 0.45134779750164367
                    }
                }
            },
            "10": {
                "Member size": 40.0,
                "Nonmember size": 90.0,
                "ROC AUC Individual": 0.378625,
                "MIA": {
                    "1": 0.4666666666666667,
                    "3": 0.4002777777777778,
                    "5": 0.3897222222222222,
                    "8": 0.3544444444444444,
                    "10": 0.30833333333333324,
                    "best": {
                        "s": 1,
                        "ROC AUC": 0.4666666666666667
                    }
                }
            },
            "30": {
                "Member size": 16.0,
                "Nonmember size": 36.0,
                "ROC AUC Individual": 0.378625,
                "MIA": {
                    "1": 0.5538194444444444,
                    "3": 0.44791666666666663,
                    "5": 0.4288194444444444,
                    "8": 0.4114583333333333,
                    "10": 0.40277777777777773,
                    "30": 0.3107638888888889,