{
    "average": {
        "max": {
            "1": {
                "Member size": 76700.0,
                "Nonmember size": 23000.0,
                "ROC AUC Individual": 0.4801696741452862,
                "MIA": {
                    "1": 0.4801696741452862,
                    "best": {
                        "s": 1,
                        "ROC AUC": 0.4801696741452862
                    }
                }
            },
            "3": {
                "Member size": 26078.0,
                "Nonmember size": 7820.0,
                "ROC AUC Individual": 0.4801696741452862,
                "MIA": {
                    "1": 0.4927982656134615,
                    "3": 0.4766978433731373,
                    "best": {
                        "s": 1,
                        "ROC AUC": 0.4927982656134615
                    }
                }
            },
            "5": {
                "Member size": 15340.0,
                "Nonmember size": 4600.0,
                "ROC AUC Individual": 0.4801696741452862,
                "MIA": {
                    "1": 0.494594124000068,
                    "3": 0.48105310166098647,
                    "5": 0.47246678565148253,
                    "best": {
                        "s": 1,
                        "ROC AUC": 0.494594124000068
                    }
                }
            },
            "8": {
                "Member size": 9971.0,
                "Nonmember size": 2990.0,
                "ROC AUC Individual": 0.4801696741452862,
                "MIA": {
                    "1": 0.4945652425478704,
                    "3": 0.4888771498441814,
                    "5": 0.48005063187520103,
                    "8": 0.4702424116002316,
                    "best": {
                        "s": 1,
                        "ROC AUC": 0.4945652425478704
                    }
                }
            },
            "10": {
                "Member size": 7670.0,
                "Nonmember size": 2300.0,
                "ROC AUC Individual": 0.4801696741452862,
                "MIA": {
                    "1": 0.4937645631480778,
                    "3": 0.49052480704997703,
                    "5": 0.48460868998060325,
                    "8": 0.47049812635204946,
                    "10": 0.46777054869420165,
                    "best": {
                        "s": 1,
                        "ROC AUC": 0.4937645631480778
                    }
                }
            },
            "30": {
                "Member size": 3068.0,
                "Nonmember size": 920.0,
                "ROC AUC Individual": 0.4801696741452862,
                "MIA": {
                    "1": 0.48415814916148053,
                    "3": 0.4905517031112624,
                    "5": 0.4946405527666695,
                    "8": 0.4927552185257665,
                    "10": 0.49110131924249945,
                    "30": 0.45601222759588134,
                    "best": {
                        "s": 5,
                        "ROC AUC": 0.4946405527666695
                    }
                }
            },
            "50": {
                "Member size": 1534.0,
                "Nonmember size": 460.0,
                "ROC AUC Individual": 0.4801696741452862,
                "MIA": {
                    "1": 0.4669335638569242,
                    "3": 0.4756533076356216,
                    "5": 0.4859758517090868,
                    "8": 0.4923218638399184,
                    "10": 0.4938793152315628,
                    "30": 0.48142885504410216,
                    "50": 0.4619866477268663,
                    "best": {
                        "s": 10,
                        "ROC AUC": 0.4938793152315628
                    }
                }
            },
            "80": {
                "Member size": 1534.0,
                "Nonmember size": 460.0,
                "ROC AUC Individual": 0.4801696741452862,
                "MIA": {
                    "1": 0.47175471912023126,
                    "3": 0.4876750184229919,
                    "5": 0.49606881696048977,
                    "8": 0.49922056572756646,
                    "10": 0.4981506150444986,
                    "30": 0.4860903643540738,
                    "50": 0.4769212152273568,
                    "80": 0.46088230287372844,
                    "best": {
                        "s": 8,
                        "ROC AUC": 0.49922056572756646
                    }
                }
            },
            "100": {
                "Member size": 767.0,
                "Nonmember size": 230.0,
                "ROC AUC Individual": 0.4801696741452862,
                "MIA": {
                    "1": 0.4466696899268749,
                    "3": 0.45314891446063144,
                    "5": 0.46168584547361263,
                    "8": 0.47678703021370666,
                    "10": 0.48352701094042283,
                    "30": 0.49837877671333825,
                    "50": 0.48832551974246713,
                    "80": 0.4646035726377038,
                    "100": 0.46222938471846775,
                    "best": {
                        "s": 30,
                        "ROC AUC": 0.49837877671333825
                    }
                }
            }
        },
        "min": {
            "1": {
                "Member size": 76700.0,
                "Nonmember size": 23000.0,
                "ROC AUC Individual": 0.4801696741452862,
                "MIA": {
                    "1": 0.4801696741452862,
                    "best": {
                        "s": 1,
                        "ROC AUC": 0.4801696741452862
                    }
                }
            },
            "3": {
                "Member size": 26078.0,
                "Nonmember size": 7820.0,
                "ROC AUC Individual": 0.4801696741452862,
                "MIA": {
                    "1": 0.46319398121589717,
                    "3": 0.4766978433731373,
                    "best": {
                        "s": 3,
                        "ROC AUC": 0.4766978433731373
                    }
                }
            },
            "5": {
                "Member size": 15340.0,
                "Nonmember size": 4600.0,
                "ROC AUC Individual": 0.4801696741452862,
                "MIA": {
                    "1": 0.4618342949490367,
                    "3": 0.45902751033002187,
                    "5": 0.47246678565148253,
                    "best": {
                        "s": 5,
                        "ROC AUC": 0.47246678565148253
                    }
                }
            },
            "8": {
                "Member size": 9971.0,
                "Nonmember size": 2990.0,
                "ROC AUC Individual": 0.4801696741452862,
                "MIA": {
                    "1": 0.463476260958823,
                    "3": 0.4530711016242994,
                    "5": 0.4557612908987262,
                    "8": 0.4702424116002316,
                    "best": {
                        "s": 8,
                        "ROC AUC": 0.4702424116002316
                    }
                }
            },
            "10": {
                "Member size": 7670.0,
                "Nonmember size": 2300.0,
                "ROC AUC Individual": 0.4801696741452862,
                "MIA": {
                    "1": 0.4677163621060443,
                    "3": 0.4495845338590851,
                    "5": 0.4450766424725474,
                    "8": 0.4554712247660032,
                    "10": 0.46777054869420165,
                    "best": {
                        "s": 10,
                        "ROC AUC": 0.46777054869420165
                    }
                }
            },
            "30": {
                "Member size": 3068.0,
                "Nonmember size": 920.0,
                "ROC AUC Individual": 0.4801696741452862,