{
    "1": {
        "1": {
            "ROC AUC": 0.7186999999999999,
            "Group size": 100,
            "ROC AUC Individual": 0.7186999999999999,
            "ROC AUC Individual with set label": 0.7186999999999999
        },
        "best": {
            "s": 1,
            "ROC AUC": 0.7186999999999999
        }
    },
    "3": {
        "1": {
            "ROC AUC": 0.7847999999999999,
            "Group size": 100,
            "ROC AUC Individual": 0.6953666666666667,
            "ROC AUC Individual with set label": 0.7847999999999999
        },
        "3": {
            "ROC AUC": 0.8216,
            "Group size": 100,
            "ROC AUC Individual": 0.6953666666666667,
            "ROC AUC Individual with set label": 0.8216
        },
        "best": {
            "s": 3,
            "ROC AUC": 0.8216
        }
    },
    "5": {
        "1": {
            "ROC AUC": 0.7958000000000001,
            "Group size": 100,
            "ROC AUC Individual": 0.67866,
            "ROC AUC Individual with set label": 0.7958000000000001
        },
        "3": {
            "ROC AUC": 0.8146,
            "Group size": 100,
            "ROC AUC Individual": 0.67866,
            "ROC AUC Individual with set label": 0.8146
        },
        "5": {
            "ROC AUC": 0.8197000000000001,
            "Group size": 100,
            "ROC AUC Individual": 0.67866,
            "ROC AUC Individual with set label": 0.8197000000000001
        },
        "best": {
            "s": 5,
            "ROC AUC": 0.8197000000000001
        }
    },
    "10": {
        "1": {
            "ROC AUC": 0.8292999999999999,
            "Group size": 100,
            "ROC AUC Individual": 0.676299,
            "ROC AUC Individual with set label": 0.8292999999999999
        },
        "3": {
            "ROC AUC": 0.8577,
            "Group size": 100,
            "ROC AUC Individual": 0.676299,
            "ROC AUC Individual with set label": 0.8577
        },
        "5": {
            "ROC AUC": 0.868,
            "Group size": 100,
            "ROC AUC Individual": 0.676299,
            "ROC AUC Individual with set label": 0.868
        },
        "10": {
            "ROC AUC": 0.8736999999999999,
            "Group size": 100,
            "ROC AUC Individual": 0.676299,
            "ROC AUC Individual with set label": 0.8736999999999999
        },
        "best": {
            "s": 10,
            "ROC AUC": 0.8736999999999999
        }
    },
    "30": {
        "1": {
            "ROC AUC": 0.8413,
            "Group size": 100,
            "ROC AUC Individual": 0.6771274444444444,
            "ROC AUC Individual with set label": 0.8413
        },
        "3": {
            "ROC AUC": 0.8949,
            "Group size": 100,
            "ROC AUC Individual": 0.6771274444444444,
            "ROC AUC Individual with set label": 0.8949
        },
        "5": {
            "ROC AUC": 0.9128,
            "Group size": 100,
            "ROC AUC Individual": 0.6771274444444444,
            "ROC AUC Individual with set label": 0.9128
        },
        "10": {
            "ROC AUC": 0.9254000000000001,
            "Group size": 100,
            "ROC AUC Individual": 0.6771274444444444,
            "ROC AUC Individual with set label": 0.9254000000000001
        },
        "30": {
            "ROC AUC": 0.9325999999999999,
            "Group size": 100,
            "ROC AUC Individual": 0.6771274444444444,
            "ROC AUC Individual with set label": 0.9325999999999999
        },
        "best": {
            "s": 30,
            "ROC AUC": 0.9325999999999999
        }
    },
    "Total individual ROC AUC": 0.7005654478011383
}