{
    "30": {
        "1": {
            "ROC AUC": 0.8413,
            "Group size": 100,
            "ROC AUC Individual": 0.6771274444444444,
            "ROC AUC Individual with set label": 0.8413
        },
        "3": {
            "ROC AUC": 0.8949,
            "Group size": 100,
            "ROC AUC Individual": 0.6771274444444444,
            "ROC AUC Individual with set label": 0.8949
        },
        "5": {
            "ROC AUC": 0.9128,
            "Group size": 100,
            "ROC AUC Individual": 0.6771274444444444,
            "ROC AUC Individual with set label": 0.9128
        },
        "10": {
            "ROC AUC": 0.9254000000000001,
            "Group size": 100,
            "ROC AUC Individual": 0.6771274444444444,
            "ROC AUC Individual with set label": 0.9254000000000001
        },
        "30": {
            "ROC AUC": 0.9325999999999999,
            "Group size": 100,
            "ROC AUC Individual": 0.6771274444444444,
            "ROC AUC Individual with set label": 0.9325999999999999
        }
    },
    "best": {
        "s": 30,
        "ROC AUC": 0.9325999999999999
    },
    "Total individual ROC AUC": 0.7005654478011383
}