{
    "average": {
        "max": {
            "1": {
                "Member size": 76700.0,
                "Nonmember size": 23000.0,
                "ROC AUC Individual": 0.4882906997192319,
                "MIA": {
                    "1": 0.4882906997192319,
                    "best": {
                        "s": 1,
                        "ROC AUC": 0.4882906997192319
                    }
                }
            },
            "3": {
                "Member size": 26078.0,
                "Nonmember size": 7820.0,
                "ROC AUC Individual": 0.4882906997192319,
                "MIA": {
                    "1": 0.4886935801458021,
                    "3": 0.47672451910527547,
                    "best": {
                        "s": 1,
                        "ROC AUC": 0.4886935801458021
                    }
                }
            },
            "5": {
                "Member size": 15340.0,
                "Nonmember size": 4600.0,
                "ROC AUC Individual": 0.4882906997192319,
                "MIA": {
                    "1": 0.4817228175978471,
                    "3": 0.47532674846406897,
                    "5": 0.46785762865434743,
                    "best": {
                        "s": 1,
                        "ROC AUC": 0.4817228175978471
                    }
                }
            },
            "8": {
                "Member size": 9971.0,
                "Nonmember size": 2990.0,
                "ROC AUC Individual": 0.4882906997192319,
                "MIA": {
                    "1": 0.4715558029221691,
                    "3": 0.4757964529653137,
                    "5": 0.47220835680534345,
                    "8": 0.4623475851572219,
                    "best": {
                        "s": 3,
                        "ROC AUC": 0.4757964529653137
                    }
                }
            },
            "10": {
                "Member size": 7670.0,
                "Nonmember size": 2300.0,
                "ROC AUC Individual": 0.4882906997192319,
                "MIA": {
                    "1": 0.4607899032088612,
                    "3": 0.46980254893999407,
                    "5": 0.46923779504234375,
                    "8": 0.4577659368492347,
                    "10": 0.4538777218384199,
                    "best": {
                        "s": 3,
                        "ROC AUC": 0.46980254893999407
                    }
                }
            },
            "30": {
                "Member size": 3068.0,
                "Nonmember size": 920.0,
                "ROC AUC Individual": 0.4882906997192319,
                "MIA": {
                    "1": 0.42938362087296755,
                    "3": 0.4392633795626648,
                    "5": 0.4489924558268811,
                    "8": 0.4578245979749851,
                    "10": 0.46256097733911905,
                    "30": 0.4412148587589519,
                    "best": {
                        "s": 10,
                        "ROC AUC": 0.46256097733911905
                    }
                }
            },
            "50": {
                "Member size": 1534.0,
                "Nonmember size": 460.0,
                "ROC AUC Individual": 0.4882906997192319,
                "MIA": {
                    "1": 0.39158210985771785,
                    "3": 0.38752196587495036,
                    "5": 0.39828382744742363,
                    "8": 0.40800833286094884,
                    "10": 0.41408650303270783,
                    "30": 0.42965909413199466,
                    "50": 0.42094533934892125,
                    "best": {
                        "s": 30,
                        "ROC AUC": 0.42965909413199466
                    }
                }
            },
            "80": {
                "Member size": 1534.0,
                "Nonmember size": 460.0,
                "ROC AUC Individual": 0.4882906997192319,
                "MIA": {
                    "1": 0.4050398479820755,
                    "3": 0.4192957826370572,
                    "5": 0.431516775858646,
                    "8": 0.4465540713009444,
                    "10": 0.4520051618026603,
                    "30": 0.46750347882884163,
                    "50": 0.4642003787716975,
                    "80": 0.4357713047306995,
                    "best": {
                        "s": 30,
                        "ROC AUC": 0.46750347882884163
                    }
                }
            },
            "100": {
                "Member size": 767.0,
                "Nonmember size": 230.0,
                "ROC AUC Individual": 0.4882906997192319,
                "MIA": {
                    "1": 0.38034125049600365,
                    "3": 0.347310243183493,
                    "5": 0.3510912079814069,
                    "8": 0.3623944220849159,
                    "10": 0.3682841108780681,
                    "30": 0.403168754605748,
                    "50": 0.40943003110996945,
                    "80": 0.4051659674058852,
                    "100": 0.409880417414178,
                    "best": {
                        "s": 100,
                        "ROC AUC": 0.409880417414178
                    }
                }
            }
        },
        "min": {
            "1": {
                "Member size": 76700.0,
                "Nonmember size": 23000.0,
                "ROC AUC Individual": 0.4882906997192319,
                "MIA": {
                    "1": 0.4882906997192319,
                    "best": {
                        "s": 1,
                        "ROC AUC": 0.4882906997192319
                    }
                }
            },
            "3": {
                "Member size": 26078.0,
                "Nonmember size": 7820.0,
                "ROC AUC Individual": 0.4882906997192319,
                "MIA": {
                    "1": 0.47796248280461884,
                    "3": 0.47672451910527547,
                    "best": {
                        "s": 1,
                        "ROC AUC": 0.47796248280461884
                    }
                }
            },
            "5": {
                "Member size": 15340.0,
                "Nonmember size": 4600.0,
                "ROC AUC Individual": 0.4882906997192319,
                "MIA": {
                    "1": 0.4722549301732923,
                    "3": 0.47163470342324443,
                    "5": 0.46785762865434743,
                    "best": {
                        "s": 1,
                        "ROC AUC": 0.4722549301732923
                    }
                }
            },
            "8": {
                "Member size": 9971.0,
                "Nonmember size": 2990.0,
                "ROC AUC Individual": 0.4882906997192319,
                "MIA": {
                    "1": 0.4724196069847492,
                    "3": 0.46344189366093985,
                    "5": 0.4648453737570342,
                    "8": 0.4623475851572219,
                    "best": {
                        "s": 1,
                        "ROC AUC": 0.4724196069847492
                    }
                }
            },
            "10": {
                "Member size": 7670.0,
                "Nonmember size": 2300.0,
                "ROC AUC Individual": 0.4882906997192319,
                "MIA": {
                    "1": 0.4663425801001995,
                    "3": 0.4572506141754225,
                    "5": 0.45771902779589135,
                    "8": 0.4621461894495198,
                    "10": 0.4538777218384199,
                    "best": {
                        "s": 1,
                        "ROC AUC": 0.4663425801001995
                    }
                }
            },
            "30": {
                "Member size": 3068.0,
                "Nonmember size": 920.0,
                "ROC AUC Individual": 0.4882906997192319,