{
    "average": {
        "max": {
            "1": {
                "Member size": 76700.0,
                "Nonmember size": 23000.0,
                "ROC AUC Individual": 0.41013050423207853,
                "MIA": {
                    "1": 0.41013050423207853,
                    "best": {
                        "s": 1,
                        "ROC AUC": 0.41013050423207853
                    }
                }
            },
            "3": {
                "Member size": 26078.0,
                "Nonmember size": 7820.0,
                "ROC AUC Individual": 0.41013050423207853,
                "MIA": {
                    "1": 0.4083744582187906,
                    "3": 0.37018830286782556,
                    "best": {
                        "s": 1,
                        "ROC AUC": 0.4083744582187906
                    }
                }
            },
            "5": {
                "Member size": 15340.0,
                "Nonmember size": 4600.0,
                "ROC AUC Individual": 0.41013050423207853,
                "MIA": {
                    "1": 0.4086580714565132,
                    "3": 0.3687148008144375,
                    "5": 0.34022489069239925,
                    "best": {
                        "s": 1,
                        "ROC AUC": 0.4086580714565132
                    }
                }
            },
            "8": {
                "Member size": 9971.0,
                "Nonmember size": 2990.0,
                "ROC AUC Individual": 0.41013050423207853,
                "MIA": {
                    "1": 0.40863403535805676,
                    "3": 0.37580553226708485,
                    "5": 0.34909811731990537,
                    "8": 0.3126099076802358,
                    "best": {
                        "s": 1,
                        "ROC AUC": 0.40863403535805676
                    }
                }
            },
            "10": {
                "Member size": 7670.0,
                "Nonmember size": 2300.0,
                "ROC AUC Individual": 0.41013050423207853,
                "MIA": {
                    "1": 0.4067034985571499,
                    "3": 0.37059579850043667,
                    "5": 0.342755495050909,
                    "8": 0.3072836501105825,
                    "10": 0.28889942952768,
                    "best": {
                        "s": 1,
                        "ROC AUC": 0.4067034985571499
                    }
                }
            },
            "30": {
                "Member size": 3068.0,
                "Nonmember size": 920.0,
                "ROC AUC Individual": 0.41013050423207853,
                "MIA": {
                    "1": 0.39260483265051527,
                    "3": 0.376099364701211,
                    "5": 0.36796261238265404,
                    "8": 0.36041244059862404,
                    "10": 0.3601922122136321,
                    "30": 0.22704309095627048,
                    "best": {
                        "s": 1,
                        "ROC AUC": 0.39260483265051527
                    }
                }
            },
            "50": {
                "Member size": 1534.0,
                "Nonmember size": 460.0,
                "ROC AUC Individual": 0.41013050423207853,
                "MIA": {
                    "1": 0.3716618955841505,
                    "3": 0.342229748880449,
                    "5": 0.3275494586474689,
                    "8": 0.31202879655348337,
                    "10": 0.3033381547973567,
                    "30": 0.22823959840040842,
                    "50": 0.16137310691402845,
                    "best": {
                        "s": 1,
                        "ROC AUC": 0.3716618955841505
                    }
                }
            },
            "80": {
                "Member size": 1534.0,
                "Nonmember size": 460.0,
                "ROC AUC Individual": 0.41013050423207853,
                "MIA": {
                    "1": 0.39934244090471066,
                    "3": 0.3831755569412165,
                    "5": 0.3805254804149425,
                    "8": 0.3801215917464996,
                    "10": 0.3793343543492441,
                    "30": 0.35202908016925566,
                    "50": 0.29538377305547003,
                    "80": 0.182533040939437,
                    "best": {
                        "s": 1,
                        "ROC AUC": 0.39934244090471066
                    }
                }
            },
            "100": {
                "Member size": 767.0,
                "Nonmember size": 230.0,
                "ROC AUC Individual": 0.41013050423207853,
                "MIA": {
                    "1": 0.37482002154072896,
                    "3": 0.33055949209228497,
                    "5": 0.3151238591916558,
                    "8": 0.3023694801881979,
                    "10": 0.29639005562492904,
                    "30": 0.2530253150187308,
                    "50": 0.20846657268278146,
                    "80": 0.15138091112016483,
                    "100": 0.1154490423049375,
                    "best": {
                        "s": 1,
                        "ROC AUC": 0.37482002154072896
                    }
                }
            }
        },
        "min": {
            "1": {
                "Member size": 76700.0,
                "Nonmember size": 23000.0,
                "ROC AUC Individual": 0.41013050423207853,
                "MIA": {
                    "1": 0.41013050423207853,
                    "best": {
                        "s": 1,
                        "ROC AUC": 0.41013050423207853
                    }
                }
            },
            "3": {
                "Member size": 26078.0,
                "Nonmember size": 7820.0,
                "ROC AUC Individual": 0.41013050423207853,
                "MIA": {
                    "1": 0.3682596306195945,
                    "3": 0.37018830286782556,
                    "best": {
                        "s": 3,
                        "ROC AUC": 0.37018830286782556
                    }
                }
            },
            "5": {
                "Member size": 15340.0,
                "Nonmember size": 4600.0,
                "ROC AUC Individual": 0.41013050423207853,
                "MIA": {
                    "1": 0.3508432134676011,
                    "3": 0.31814940175206247,
                    "5": 0.34022489069239925,
                    "best": {
                        "s": 1,
                        "ROC AUC": 0.3508432134676011
                    }
                }
            },
            "8": {
                "Member size": 9971.0,
                "Nonmember size": 2990.0,
                "ROC AUC Individual": 0.41013050423207853,
                "MIA": {
                    "1": 0.3538005518545649,
                    "3": 0.3131022072638663,
                    "5": 0.29449922908742276,
                    "8": 0.3126099076802358,
                    "best": {
                        "s": 1,
                        "ROC AUC": 0.3538005518545649
                    }
                }
            },
            "10": {
                "Member size": 7670.0,
                "Nonmember size": 2300.0,
                "ROC AUC Individual": 0.41013050423207853,
                "MIA": {
                    "1": 0.3476972580887684,
                    "3": 0.3019102645549029,
                    "5": 0.27537091844904754,
                    "8": 0.26277145197469726,
                    "10": 0.28889942952768,
                    "best": {
                        "s": 1,
                        "ROC AUC": 0.3476972580887684
                    }
                }
            },
            "30": {
                "Member size": 3068.0,
                "Nonmember size": 920.0,
                "ROC AUC Individual": 0.41013050423207853,