{
    "average": {
        "max": {
            "1": {
                "Member size": 400.0,
                "Nonmember size": 1300.0,
                "ROC AUC Individual": 0.3853153846153846,
                "MIA": {
                    "1": 0.3853153846153846,
                    "best": {
                        "s": 1,
                        "ROC AUC": 0.3853153846153846
                    }
                }
            },
            "3": {
                "Member size": 136.0,
                "Nonmember size": 442.0,
                "ROC AUC Individual": 0.3853153846153846,
                "MIA": {
                    "1": 0.2551903114186851,
                    "3": 0.32555895661432,
                    "best": {
                        "s": 3,
                        "ROC AUC": 0.32555895661432
                    }
                }
            },
            "5": {
                "Member size": 80.0,
                "Nonmember size": 260.0,
                "ROC AUC Individual": 0.3853153846153846,
                "MIA": {
                    "1": 0.19375,
                    "3": 0.24591346153846153,
                    "5": 0.31822115384615385,
                    "best": {
                        "s": 5,
                        "ROC AUC": 0.31822115384615385
                    }
                }
            },
            "8": {
                "Member size": 52.0,
                "Nonmember size": 169.0,
                "ROC AUC Individual": 0.3853153846153846,
                "MIA": {
                    "1": 0.136094674556213,
                    "3": 0.1860491579426491,
                    "5": 0.23429676832043697,
                    "8": 0.30052344105598544,
                    "best": {
                        "s": 8,
                        "ROC AUC": 0.30052344105598544
                    }
                }
            },
            "10": {
                "Member size": 40.0,
                "Nonmember size": 130.0,
                "ROC AUC Individual": 0.3853153846153846,
                "MIA": {
                    "1": 0.12903846153846155,
                    "3": 0.13326923076923078,
                    "5": 0.1825,
                    "8": 0.25711538461538463,
                    "10": 0.3019230769230769,
                    "best": {
                        "s": 10,
                        "ROC AUC": 0.3019230769230769
                    }
                }
            },
            "30": {
                "Member size": 16.0,
                "Nonmember size": 52.0,
                "ROC AUC Individual": 0.3853153846153846,
                "MIA": {
                    "1": 0.06490384615384616,
                    "3": 0.05048076923076924,
                    "5": 0.06730769230769232,
                    "8": 0.11538461538461538,
                    "10": 0.15264423076923078,
                    "30": 0.26322115384615385,
                    "best": {
                        "s": 30,
                        "ROC AUC": 0.26322115384615385
                    }
                }
            },
            "50": {
                "Member size": 8.0,
                "Nonmember size": 26.0,
                "ROC AUC Individual": 0.3853153846153846,
                "MIA": {
                    "1": 0.04326923076923074,
                    "3": 0.03365384615384613,
                    "5": 0.028846153846153827,
                    "8": 0.024038461538461522,
                    "10": 0.014423076923076913,
                    "30": 0.17307692307692304,
                    "50": 0.2740384615384615,
                    "best": {
                        "s": 50,
                        "ROC AUC": 0.2740384615384615
                    }
                }
            },
            "80": {
                "Member size": 8.0,
                "Nonmember size": 26.0,
                "ROC AUC Individual": 0.3853153846153846,
                "MIA": {
                    "1": 0.0769230769230769,
                    "3": 0.06730769230769229,
                    "5": 0.10096153846153845,
                    "8": 0.1298076923076923,
                    "10": 0.1346153846153846,
                    "30": 0.24038461538461536,
                    "50": 0.2548076923076923,
                    "80": 0.28846153846153844,
                    "best": {
                        "s": 80,
                        "ROC AUC": 0.28846153846153844
                    }
                }
            },
            "100": {
                "Member size": 4.0,
                "Nonmember size": 13.0,
                "ROC AUC Individual": 0.3853153846153846,
                "MIA": {
                    "1": 0.038461538461538436,
                    "3": 0.038461538461538436,
                    "5": 0.038461538461538436,
                    "8": 0.038461538461538436,
                    "10": 0.019230769230769218,
                    "30": 0.05769230769230768,
                    "50": 0.1346153846153846,
                    "80": 0.2115384615384615,
                    "100": 0.24999999999999997,
                    "best": {
                        "s": 100,
                        "ROC AUC": 0.24999999999999997
                    }
                }
            }
        },
        "min": {
            "1": {
                "Member size": 400.0,
                "Nonmember size": 1300.0,
                "ROC AUC Individual": 0.3853153846153846,
                "MIA": {
                    "1": 0.3853153846153846,
                    "best": {
                        "s": 1,
                        "ROC AUC": 0.3853153846153846
                    }
                }
            },
            "3": {
                "Member size": 136.0,
                "Nonmember size": 442.0,
                "ROC AUC Individual": 0.3853153846153846,
                "MIA": {
                    "1": 0.4742314346553101,
                    "3": 0.32555895661432,
                    "best": {
                        "s": 1,
                        "ROC AUC": 0.4742314346553101
                    }
                }
            },
            "5": {
                "Member size": 80.0,
                "Nonmember size": 260.0,
                "ROC AUC Individual": 0.3853153846153846,
                "MIA": {
                    "1": 0.4972596153846154,
                    "3": 0.4182692307692307,
                    "5": 0.31822115384615385,
                    "best": {
                        "s": 1,
                        "ROC AUC": 0.4972596153846154
                    }
                }
            },
            "8": {
                "Member size": 52.0,
                "Nonmember size": 169.0,
                "ROC AUC Individual": 0.3853153846153846,
                "MIA": {
                    "1": 0.5402822030040965,
                    "3": 0.45254893035958127,
                    "5": 0.3980427856167501,
                    "8": 0.30052344105598544,
                    "best": {
                        "s": 1,
                        "ROC AUC": 0.5402822030040965
                    }
                }
            },
            "10": {
                "Member size": 40.0,
                "Nonmember size": 130.0,
                "ROC AUC Individual": 0.3853153846153846,
                "MIA": {
                    "1": 0.5667307692307693,
                    "3": 0.4980769230769231,
                    "5": 0.45076923076923076,
                    "8": 0.38211538461538463,
                    "10": 0.3019230769230769,
                    "best": {
                        "s": 1,
                        "ROC AUC": 0.5667307692307693
                    }
                }
            },
            "30": {
                "Member size": 16.0,
                "Nonmember size": 52.0,
                "ROC AUC Individual": 0.3853153846153846,
                "MIA": {
                    "1": 0.5973557692307693,
                    "3": 0.5673076923076923,