{
    "average": {
        "max": {
            "1": {
                "Member size": 700.0,
                "Nonmember size": 600.0,
                "ROC AUC Individual": 0.4850357142857143,
                "MIA": {
                    "1": 0.4850357142857143,
                    "best": {
                        "s": 1,
                        "ROC AUC": 0.4850357142857143
                    }
                }
            },
            "3": {
                "Member size": 238.0,
                "Nonmember size": 204.0,
                "ROC AUC Individual": 0.4850357142857143,
                "MIA": {
                    "1": 0.3840624485088153,
                    "3": 0.46994974460372385,
                    "best": {
                        "s": 3,
                        "ROC AUC": 0.46994974460372385
                    }
                }
            },
            "5": {
                "Member size": 140.0,
                "Nonmember size": 120.0,
                "ROC AUC Individual": 0.4850357142857143,
                "MIA": {
                    "1": 0.33125,
                    "3": 0.39071428571428574,
                    "5": 0.45714285714285713,
                    "best": {
                        "s": 5,
                        "ROC AUC": 0.45714285714285713
                    }
                }
            },
            "8": {
                "Member size": 91.0,
                "Nonmember size": 78.0,
                "ROC AUC Individual": 0.4850357142857143,
                "MIA": {
                    "1": 0.2961397576782192,
                    "3": 0.3508030431107354,
                    "5": 0.40419836573682727,
                    "8": 0.46153846153846156,
                    "best": {
                        "s": 8,
                        "ROC AUC": 0.46153846153846156
                    }
                }
            },
            "10": {
                "Member size": 70.0,
                "Nonmember size": 60.0,
                "ROC AUC Individual": 0.4850357142857143,
                "MIA": {
                    "1": 0.24928571428571428,
                    "3": 0.30404761904761907,
                    "5": 0.36952380952380953,
                    "8": 0.4261904761904762,
                    "10": 0.4554761904761905,
                    "best": {
                        "s": 10,
                        "ROC AUC": 0.4554761904761905
                    }
                }
            },
            "30": {
                "Member size": 28.0,
                "Nonmember size": 24.0,
                "ROC AUC Individual": 0.4850357142857143,
                "MIA": {
                    "1": 0.24999999999999997,
                    "3": 0.2544642857142857,
                    "5": 0.31547619047619047,
                    "8": 0.34821428571428564,
                    "10": 0.3630952380952381,
                    "30": 0.4880952380952381,
                    "best": {
                        "s": 30,
                        "ROC AUC": 0.4880952380952381
                    }
                }
            },
            "50": {
                "Member size": 14.0,
                "Nonmember size": 12.0,
                "ROC AUC Individual": 0.4850357142857143,
                "MIA": {
                    "1": 0.15476190476190474,
                    "3": 0.1607142857142857,
                    "5": 0.1607142857142857,
                    "8": 0.1964285714285714,
                    "10": 0.23809523809523808,
                    "30": 0.37499999999999994,
                    "50": 0.4523809523809524,
                    "best": {
                        "s": 50,
                        "ROC AUC": 0.4523809523809524
                    }
                }
            },
            "80": {
                "Member size": 14.0,
                "Nonmember size": 12.0,
                "ROC AUC Individual": 0.4850357142857143,
                "MIA": {
                    "1": 0.20238095238095238,
                    "3": 0.1964285714285714,
                    "5": 0.2619047619047619,
                    "8": 0.28571428571428575,
                    "10": 0.29166666666666663,
                    "30": 0.38690476190476186,
                    "50": 0.4226190476190476,
                    "80": 0.4583333333333333,
                    "best": {
                        "s": 80,
                        "ROC AUC": 0.4583333333333333
                    }
                }
            },
            "100": {
                "Member size": 7.0,
                "Nonmember size": 6.0,
                "ROC AUC Individual": 0.4850357142857143,
                "MIA": {
                    "1": 0.11904761904761904,
                    "3": 0.09523809523809525,
                    "5": 0.09523809523809525,
                    "8": 0.09523809523809525,
                    "10": 0.14285714285714285,
                    "30": 0.2619047619047619,
                    "50": 0.35714285714285715,
                    "80": 0.4285714285714286,
                    "100": 0.4523809523809524,
                    "best": {
                        "s": 100,
                        "ROC AUC": 0.4523809523809524
                    }
                }
            }
        },
        "min": {
            "1": {
                "Member size": 700.0,
                "Nonmember size": 600.0,
                "ROC AUC Individual": 0.4850357142857143,
                "MIA": {
                    "1": 0.4850357142857143,
                    "best": {
                        "s": 1,
                        "ROC AUC": 0.4850357142857143
                    }
                }
            },
            "3": {
                "Member size": 238.0,
                "Nonmember size": 204.0,
                "ROC AUC Individual": 0.4850357142857143,
                "MIA": {
                    "1": 0.5719022903278959,
                    "3": 0.46994974460372385,
                    "best": {
                        "s": 1,
                        "ROC AUC": 0.5719022903278959
                    }
                }
            },
            "5": {
                "Member size": 140.0,
                "Nonmember size": 120.0,
                "ROC AUC Individual": 0.4850357142857143,
                "MIA": {
                    "1": 0.6088690476190477,
                    "3": 0.5471428571428572,
                    "5": 0.45714285714285713,
                    "best": {
                        "s": 1,
                        "ROC AUC": 0.6088690476190477
                    }
                }
            },
            "8": {
                "Member size": 91.0,
                "Nonmember size": 78.0,
                "ROC AUC Individual": 0.4850357142857143,
                "MIA": {
                    "1": 0.6272189349112426,
                    "3": 0.5870667793744717,
                    "5": 0.5421245421245422,
                    "8": 0.46153846153846156,
                    "best": {
                        "s": 1,
                        "ROC AUC": 0.6272189349112426
                    }
                }
            },
            "10": {
                "Member size": 70.0,
                "Nonmember size": 60.0,
                "ROC AUC Individual": 0.4850357142857143,
                "MIA": {
                    "1": 0.6349999999999999,
                    "3": 0.6169047619047618,
                    "5": 0.5802380952380952,
                    "8": 0.5142857142857143,
                    "10": 0.4554761904761905,
                    "best": {
                        "s": 1,
                        "ROC AUC": 0.6349999999999999
                    }
                }
            },
            "30": {
                "Member size": 28.0,
                "Nonmember size": 24.0,
                "ROC AUC Individual": 0.4850357142857143,
                "MIA": {
                    "1": 0.6443452380952381,
                    "3": 0.6458333333333334,