{
    "average": {
        "max": {
            "1": {
                "Member size": 76700.0,
                "Nonmember size": 23000.0,
                "ROC AUC Individual": 0.399288406550347,
                "MIA": {
                    "1": 0.399288406550347,
                    "best": {
                        "s": 1,
                        "ROC AUC": 0.399288406550347
                    }
                }
            },
            "3": {
                "Member size": 26078.0,
                "Nonmember size": 7820.0,
                "ROC AUC Individual": 0.399288406550347,
                "MIA": {
                    "1": 0.3915089577828543,
                    "3": 0.35005357945227894,
                    "best": {
                        "s": 1,
                        "ROC AUC": 0.3915089577828543
                    }
                }
            },
            "5": {
                "Member size": 15340.0,
                "Nonmember size": 4600.0,
                "ROC AUC Individual": 0.399288406550347,
                "MIA": {
                    "1": 0.38877782234518415,
                    "3": 0.34573444176952806,
                    "5": 0.31618539605147494,
                    "best": {
                        "s": 1,
                        "ROC AUC": 0.38877782234518415
                    }
                }
            },
            "8": {
                "Member size": 9971.0,
                "Nonmember size": 2990.0,
                "ROC AUC Individual": 0.399288406550347,
                "MIA": {
                    "1": 0.39087247667063924,
                    "3": 0.3507998038065159,
                    "5": 0.3214360000952786,
                    "8": 0.2851201225107859,
                    "best": {
                        "s": 1,
                        "ROC AUC": 0.39087247667063924
                    }
                }
            },
            "10": {
                "Member size": 7670.0,
                "Nonmember size": 2300.0,
                "ROC AUC Individual": 0.399288406550347,
                "MIA": {
                    "1": 0.3884769285718335,
                    "3": 0.3446792443199219,
                    "5": 0.31311564899783345,
                    "8": 0.27544943625382345,
                    "10": 0.2600963957319272,
                    "best": {
                        "s": 1,
                        "ROC AUC": 0.3884769285718335
                    }
                }
            },
            "30": {
                "Member size": 3068.0,
                "Nonmember size": 920.0,
                "ROC AUC Individual": 0.399288406550347,
                "MIA": {
                    "1": 0.39389078691824614,
                    "3": 0.36582326498199047,
                    "5": 0.35010777390169884,
                    "8": 0.3385816387305368,
                    "10": 0.3367689809693979,
                    "30": 0.191301791176212,
                    "best": {
                        "s": 1,
                        "ROC AUC": 0.39389078691824614
                    }
                }
            },
            "50": {
                "Member size": 1534.0,
                "Nonmember size": 460.0,
                "ROC AUC Individual": 0.399288406550347,
                "MIA": {
                    "1": 0.38336687262626834,
                    "3": 0.3417762598492149,
                    "5": 0.3181197211042458,
                    "8": 0.2909727339719971,
                    "10": 0.2760968765942974,
                    "30": 0.1817351598173516,
                    "50": 0.12507563760895035,
                    "best": {
                        "s": 1,
                        "ROC AUC": 0.38336687262626834
                    }
                }
            },
            "80": {
                "Member size": 1534.0,
                "Nonmember size": 460.0,
                "ROC AUC Individual": 0.399288406550347,
                "MIA": {
                    "1": 0.3990037412845077,
                    "3": 0.3802576384558698,
                    "5": 0.3739428036959356,
                    "8": 0.36891049260246017,
                    "10": 0.3662859248341931,
                    "30": 0.3370544969187516,
                    "50": 0.272807066289927,
                    "80": 0.16227861247366093,
                    "best": {
                        "s": 1,
                        "ROC AUC": 0.3990037412845077
                    }
                }
            },
            "100": {
                "Member size": 767.0,
                "Nonmember size": 230.0,
                "ROC AUC Individual": 0.399288406550347,
                "MIA": {
                    "1": 0.38737599909302195,
                    "3": 0.3407686639079417,
                    "5": 0.3167280766396463,
                    "8": 0.2951703418173573,
                    "10": 0.28287512045802393,
                    "30": 0.2082875120458024,
                    "50": 0.1572166716202931,
                    "80": 0.10168434185901434,
                    "100": 0.07916868833899403,
                    "best": {
                        "s": 1,
                        "ROC AUC": 0.38737599909302195
                    }
                }
            }
        },
        "min": {
            "1": {
                "Member size": 76700.0,
                "Nonmember size": 23000.0,
                "ROC AUC Individual": 0.399288406550347,
                "MIA": {
                    "1": 0.399288406550347,
                    "best": {
                        "s": 1,
                        "ROC AUC": 0.399288406550347
                    }
                }
            },
            "3": {
                "Member size": 26078.0,
                "Nonmember size": 7820.0,
                "ROC AUC Individual": 0.399288406550347,
                "MIA": {
                    "1": 0.35817413748588406,
                    "3": 0.35005357945227894,
                    "best": {
                        "s": 1,
                        "ROC AUC": 0.35817413748588406
                    }
                }
            },
            "5": {
                "Member size": 15340.0,
                "Nonmember size": 4600.0,
                "ROC AUC Individual": 0.399288406550347,
                "MIA": {
                    "1": 0.3428396810006577,
                    "3": 0.30202933527691833,
                    "5": 0.31618539605147494,
                    "best": {
                        "s": 1,
                        "ROC AUC": 0.3428396810006577
                    }
                }
            },
            "8": {
                "Member size": 9971.0,
                "Nonmember size": 2990.0,
                "ROC AUC Individual": 0.399288406550347,
                "MIA": {
                    "1": 0.3443262731337826,
                    "3": 0.29620797620090655,
                    "5": 0.2748161844308893,
                    "8": 0.2851201225107859,
                    "best": {
                        "s": 1,
                        "ROC AUC": 0.3443262731337826
                    }
                }
            },
            "10": {
                "Member size": 7670.0,
                "Nonmember size": 2300.0,
                "ROC AUC Individual": 0.399288406550347,
                "MIA": {
                    "1": 0.340850831713162,
                    "3": 0.28376880375507607,
                    "5": 0.2516438637754864,
                    "8": 0.23552188457534828,
                    "10": 0.2600963957319272,
                    "best": {
                        "s": 1,
                        "ROC AUC": 0.340850831713162
                    }
                }
            },
            "30": {
                "Member size": 3068.0,
                "Nonmember size": 920.0,
                "ROC AUC Individual": 0.399288406550347,
                "MIA": {
                    "1": 0.36381510731076805,