{"1": {"ROC AUC": 0.5992, "Group size": 100, "ROC AUC Individual": 0.40080000000000005}, "3": {"ROC AUC": 0.8437000000000001, "Group size": 100, "ROC AUC Individual": 0.15629999999999997}, "5": {"ROC AUC": 0.9328000000000001, "Group size": 100, "ROC AUC Individual": 0.0672}, "10": {"ROC AUC": 0.9818, "Group size": 100, "ROC AUC Individual": 0.018200000000000015}, "30": {"ROC AUC": 0.9896999999999999, "Group size": 100, "ROC AUC Individual": 0.010300000000000009}, "50": {"ROC AUC": 0.9962, "Group size": 100, "ROC AUC Individual": 0.0038000000000000035}, "100": {"ROC AUC": 1.0, "Group size": 100, "ROC AUC Individual": 0.0}, "best": {"top k": 100, "ROC AUC": 1.0}, "Individual ROC AUC": 0.414197375, "Total individual ROC AUC": 0.5809091144248708}