{"1": {"ROC AUC": 0.5992, "Group size": 100}, "3": {"ROC AUC": 0.8437000000000001, "Group size": 100}, "5": {"ROC AUC": 0.9328000000000001, "Group size": 100}, "10": {"ROC AUC": 0.9818, "Group size": 100}, "30": {"ROC AUC": 0.9896999999999999, "Group size": 100}, "50": {"ROC AUC": 0.9962, "Group size": 100}, "100": {"ROC AUC": 1.0, "Group size": 100}, "best": {"top k": 100, "ROC AUC": 1.0}, "individual ROC AUC": 0.5809091144248708}