{
    "average": {
        "max": {
            "1": {
                "Member size": 76700.0,
                "Nonmember size": 23000.0,
                "ROC AUC Individual": 0.4935668222051165,
                "MIA": {
                    "1": 0.4935668222051165,
                    "best": {
                        "s": 1,
                        "ROC AUC": 0.4935668222051165
                    }
                }
            },
            "3": {
                "Member size": 26078.0,
                "Nonmember size": 7820.0,
                "ROC AUC Individual": 0.4935668222051165,
                "MIA": {
                    "1": 0.4929236831077269,
                    "3": 0.49181083103541173,
                    "best": {
                        "s": 1,
                        "ROC AUC": 0.4929236831077269
                    }
                }
            },
            "5": {
                "Member size": 15340.0,
                "Nonmember size": 4600.0,
                "ROC AUC Individual": 0.4935668222051165,
                "MIA": {
                    "1": 0.4900457304109713,
                    "3": 0.48831534144882166,
                    "5": 0.49184936563725273,
                    "best": {
                        "s": 5,
                        "ROC AUC": 0.49184936563725273
                    }
                }
            },
            "8": {
                "Member size": 9971.0,
                "Nonmember size": 2990.0,
                "ROC AUC Individual": 0.4935668222051165,
                "MIA": {
                    "1": 0.49264957004074356,
                    "3": 0.4897070047582287,
                    "5": 0.4870313002808935,
                    "8": 0.4914769314796825,
                    "best": {
                        "s": 1,
                        "ROC AUC": 0.49264957004074356
                    }
                }
            },
            "10": {
                "Member size": 7670.0,
                "Nonmember size": 2300.0,
                "ROC AUC Individual": 0.4935668222051165,
                "MIA": {
                    "1": 0.4891049793919052,
                    "3": 0.48764215791921406,
                    "5": 0.48522025582120876,
                    "8": 0.48293917922301893,
                    "10": 0.48978338930492044,
                    "best": {
                        "s": 10,
                        "ROC AUC": 0.48978338930492044
                    }
                }
            },
            "30": {
                "Member size": 3068.0,
                "Nonmember size": 920.0,
                "ROC AUC Individual": 0.4935668222051165,
                "MIA": {
                    "1": 0.48654789413249033,
                    "3": 0.4859404691000879,
                    "5": 0.4854058538245555,
                    "8": 0.485881441617743,
                    "10": 0.4866108653109844,
                    "30": 0.48839941011958854,
                    "best": {
                        "s": 30,
                        "ROC AUC": 0.48839941011958854
                    }
                }
            },
            "50": {
                "Member size": 1534.0,
                "Nonmember size": 460.0,
                "ROC AUC Individual": 0.4935668222051165,
                "MIA": {
                    "1": 0.47671192109290855,
                    "3": 0.48116249078850404,
                    "5": 0.4804985545037129,
                    "8": 0.4796213366589195,
                    "10": 0.4787398673544584,
                    "30": 0.47336814621409923,
                    "50": 0.4836329512471802,
                    "best": {
                        "s": 50,
                        "ROC AUC": 0.4836329512471802
                    }
                }
            },
            "80": {
                "Member size": 1534.0,
                "Nonmember size": 460.0,
                "ROC AUC Individual": 0.4935668222051165,
                "MIA": {
                    "1": 0.48564565500821955,
                    "3": 0.4863410760373238,
                    "5": 0.48590572619756656,
                    "8": 0.4864928103462946,
                    "10": 0.48734649309396183,
                    "30": 0.49344842284739987,
                    "50": 0.4896144756698272,
                    "80": 0.4917853622809012,
                    "best": {
                        "s": 30,
                        "ROC AUC": 0.49344842284739987
                    }
                }
            },
            "100": {
                "Member size": 767.0,
                "Nonmember size": 230.0,
                "ROC AUC Individual": 0.4935668222051165,
                "MIA": {
                    "1": 0.4833116036505867,
                    "3": 0.4785953177257525,
                    "5": 0.4780057819851482,
                    "8": 0.47675868714925457,
                    "10": 0.4771611586644748,
                    "30": 0.4750595981382677,
                    "50": 0.46672744885748474,
                    "80": 0.4612929061784897,
                    "100": 0.4831450289965573,
                    "best": {
                        "s": 1,
                        "ROC AUC": 0.4833116036505867
                    }
                }
            }
        },
        "min": {
            "1": {
                "Member size": 76700.0,
                "Nonmember size": 23000.0,
                "ROC AUC Individual": 0.4935668222051165,
                "MIA": {
                    "1": 0.4935668222051165,
                    "best": {
                        "s": 1,
                        "ROC AUC": 0.4935668222051165
                    }
                }
            },
            "3": {
                "Member size": 26078.0,
                "Nonmember size": 7820.0,
                "ROC AUC Individual": 0.4935668222051165,
                "MIA": {
                    "1": 0.49015857326828166,
                    "3": 0.49181083103541173,
                    "best": {
                        "s": 3,
                        "ROC AUC": 0.49181083103541173
                    }
                }
            },
            "5": {
                "Member size": 15340.0,
                "Nonmember size": 4600.0,
                "ROC AUC Individual": 0.4935668222051165,
                "MIA": {
                    "1": 0.4927783337254891,
                    "3": 0.4917226818069669,
                    "5": 0.49184936563725273,
                    "best": {
                        "s": 1,
                        "ROC AUC": 0.4927783337254891
                    }
                }
            },
            "8": {
                "Member size": 9971.0,
                "Nonmember size": 2990.0,
                "ROC AUC Individual": 0.4935668222051165,
                "MIA": {
                    "1": 0.494477343796401,
                    "3": 0.4934843524241198,
                    "5": 0.49218980285620473,
                    "8": 0.4914769314796825,
                    "best": {
                        "s": 1,
                        "ROC AUC": 0.494477343796401
                    }
                }
            },
            "10": {
                "Member size": 7670.0,
                "Nonmember size": 2300.0,
                "ROC AUC Individual": 0.4935668222051165,
                "MIA": {
                    "1": 0.4964469213534133,
                    "3": 0.4937272274248141,
                    "5": 0.49286736064583364,
                    "8": 0.49093729393292523,
                    "10": 0.48978338930492044,
                    "best": {
                        "s": 1,
                        "ROC AUC": 0.4964469213534133
                    }
                }
            },
            "30": {
                "Member size": 3068.0,
                "Nonmember size": 920.0,
                "ROC AUC Individual": 0.4935668222051165,