{
    "average": {
        "max": {
            "1": {
                "Member size": 400.0,
                "Nonmember size": 900.0,
                "ROC AUC Individual": 0.6614944444444445,
                "MIA": {
                    "1": 0.6614944444444445,
                    "best": {
                        "s": 1,
                        "ROC AUC": 0.6614944444444445
                    }
                }
            },
            "3": {
                "Member size": 136.0,
                "Nonmember size": 306.0,
                "ROC AUC Individual": 0.6614944444444445,
                "MIA": {
                    "1": 0.6329536716647444,
                    "3": 0.717055940023068,
                    "best": {
                        "s": 3,
                        "ROC AUC": 0.717055940023068
                    }
                }
            },
            "5": {
                "Member size": 80.0,
                "Nonmember size": 180.0,
                "ROC AUC Individual": 0.6614944444444445,
                "MIA": {
                    "1": 0.6122916666666667,
                    "3": 0.6802777777777778,
                    "5": 0.7406944444444444,
                    "best": {
                        "s": 5,
                        "ROC AUC": 0.7406944444444444
                    }
                }
            },
            "8": {
                "Member size": 52.0,
                "Nonmember size": 117.0,
                "ROC AUC Individual": 0.6614944444444445,
                "MIA": {
                    "1": 0.5826758711374096,
                    "3": 0.6311637080867849,
                    "5": 0.6835963182117029,
                    "8": 0.7536160420775805,
                    "best": {
                        "s": 8,
                        "ROC AUC": 0.7536160420775805
                    }
                }
            },
            "10": {
                "Member size": 40.0,
                "Nonmember size": 90.0,
                "ROC AUC Individual": 0.6614944444444445,
                "MIA": {
                    "1": 0.5752777777777778,
                    "3": 0.6252777777777778,
                    "5": 0.6647222222222222,
                    "8": 0.7238888888888889,
                    "10": 0.7608333333333334,
                    "best": {
                        "s": 10,
                        "ROC AUC": 0.7608333333333334
                    }
                }
            },
            "30": {
                "Member size": 16.0,
                "Nonmember size": 36.0,
                "ROC AUC Individual": 0.6614944444444445,
                "MIA": {
                    "1": 0.5503472222222223,
                    "3": 0.59375,
                    "5": 0.607638888888889,
                    "8": 0.6284722222222223,
                    "10": 0.6232638888888888,
                    "30": 0.795138888888889,
                    "best": {
                        "s": 30,
                        "ROC AUC": 0.795138888888889
                    }
                }
            },
            "50": {
                "Member size": 8.0,
                "Nonmember size": 18.0,
                "ROC AUC Individual": 0.6614944444444445,
                "MIA": {
                    "1": 0.5625,
                    "3": 0.5555555555555556,
                    "5": 0.5347222222222222,
                    "8": 0.5347222222222222,
                    "10": 0.5694444444444444,
                    "30": 0.7083333333333333,
                    "50": 0.8055555555555556,
                    "best": {
                        "s": 50,
                        "ROC AUC": 0.8055555555555556
                    }
                }
            },
            "80": {
                "Member size": 8.0,
                "Nonmember size": 18.0,
                "ROC AUC Individual": 0.6614944444444445,
                "MIA": {
                    "1": 0.5555555555555556,
                    "3": 0.5486111111111112,
                    "5": 0.5625,
                    "8": 0.6041666666666666,
                    "10": 0.5972222222222222,
                    "30": 0.6666666666666667,
                    "50": 0.7222222222222222,
                    "80": 0.7986111111111112,
                    "best": {
                        "s": 80,
                        "ROC AUC": 0.7986111111111112
                    }
                }
            },
            "100": {
                "Member size": 4.0,
                "Nonmember size": 9.0,
                "ROC AUC Individual": 0.6614944444444445,
                "MIA": {
                    "1": 0.5555555555555556,
                    "3": 0.5555555555555556,
                    "5": 0.5277777777777778,
                    "8": 0.5277777777777778,
                    "10": 0.5,
                    "30": 0.638888888888889,
                    "50": 0.6666666666666667,
                    "80": 0.7777777777777779,
                    "100": 0.8055555555555556,
                    "best": {
                        "s": 100,
                        "ROC AUC": 0.8055555555555556
                    }
                }
            }
        },
        "min": {
            "1": {
                "Member size": 400.0,
                "Nonmember size": 900.0,
                "ROC AUC Individual": 0.6614944444444445,
                "MIA": {
                    "1": 0.6614944444444445,
                    "best": {
                        "s": 1,
                        "ROC AUC": 0.6614944444444445
                    }
                }
            },
            "3": {
                "Member size": 136.0,
                "Nonmember size": 306.0,
                "ROC AUC Individual": 0.6614944444444445,
                "MIA": {
                    "1": 0.7403883121876201,
                    "3": 0.717055940023068,
                    "best": {
                        "s": 1,
                        "ROC AUC": 0.7403883121876201
                    }
                }
            },
            "5": {
                "Member size": 80.0,
                "Nonmember size": 180.0,
                "ROC AUC Individual": 0.6614944444444445,
                "MIA": {
                    "1": 0.77375,
                    "3": 0.7770138888888889,
                    "5": 0.7406944444444444,
                    "best": {
                        "s": 3,
                        "ROC AUC": 0.7770138888888889
                    }
                }
            },
            "8": {
                "Member size": 52.0,
                "Nonmember size": 117.0,
                "ROC AUC Individual": 0.6614944444444445,
                "MIA": {
                    "1": 0.7920775805391189,
                    "3": 0.7809007232084155,
                    "5": 0.7818869165023011,
                    "8": 0.7536160420775805,
                    "best": {
                        "s": 1,
                        "ROC AUC": 0.7920775805391189
                    }
                }
            },
            "10": {
                "Member size": 40.0,
                "Nonmember size": 90.0,
                "ROC AUC Individual": 0.6614944444444445,
                "MIA": {
                    "1": 0.7986111111111112,
                    "3": 0.8013888888888888,
                    "5": 0.7975,
                    "8": 0.7816666666666666,
                    "10": 0.7608333333333334,
                    "best": {
                        "s": 3,
                        "ROC AUC": 0.8013888888888888
                    }
                }
            },
            "30": {
                "Member size": 16.0,
                "Nonmember size": 36.0,
                "ROC AUC Individual": 0.6614944444444445,
                "MIA": {
                    "1": 0.7777777777777778,
                    "3": 0.8229166666666666,
                    "5": 0.8263888888888888,
                    "8": 0.7986111111111112,