{
    "1": {
        "1": {
            "ROC AUC": 0.5665172611100515,
            "Member size": 196,
            "Nonmember size": 107,
            "ROC AUC Individual": 0.5665172611100515,
            "ROC AUC Individual with set label": 0.5665172611100515
        },
        "best": {
            "s": 1,
            "ROC AUC": 0.5665172611100515
        }
    },
    "3": {
        "1": {
            "ROC AUC": 0.6157734121686058,
            "Member size": 196,
            "Nonmember size": 107,
            "ROC AUC Individual": 0.6053838981075297,
            "ROC AUC Individual with set label": 0.6157734121686058
        },
        "3": {
            "ROC AUC": 0.6181098607667366,
            "Member size": 196,
            "Nonmember size": 107,
            "ROC AUC Individual": 0.6053838981075297,
            "ROC AUC Individual with set label": 0.6181098607667366
        },
        "best": {
            "s": 3,
            "ROC AUC": 0.6181098607667366
        }
    },
    "5": {
        "1": {
            "ROC AUC": 0.5974156017547206,
            "Member size": 196,
            "Nonmember size": 107,
            "ROC AUC Individual": 0.5908735456799542,
            "ROC AUC Individual with set label": 0.5974156017547206
        },
        "3": {
            "ROC AUC": 0.5997043677283997,
            "Member size": 196,
            "Nonmember size": 107,
            "ROC AUC Individual": 0.5908735456799542,
            "ROC AUC Individual with set label": 0.5997043677283997
        },
        "5": {
            "ROC AUC": 0.6064276177760825,
            "Member size": 196,
            "Nonmember size": 107,
            "ROC AUC Individual": 0.5908735456799542,
            "ROC AUC Individual with set label": 0.6064276177760825
        },
        "best": {
            "s": 5,
            "ROC AUC": 0.6064276177760825
        }
    },
    "10": {
        "1": {
            "ROC AUC": 0.6261205416746138,
            "Member size": 196,
            "Nonmember size": 107,
            "ROC AUC Individual": 0.595625322158798,
            "ROC AUC Individual with set label": 0.6261205416746138
        },
        "3": {
            "ROC AUC": 0.622687392714095,
            "Member size": 196,
            "Nonmember size": 107,
            "ROC AUC Individual": 0.595625322158798,
            "ROC AUC Individual with set label": 0.622687392714095
        },
        "5": {
            "ROC AUC": 0.6208606083943011,
            "Member size": 196,
            "Nonmember size": 107,
            "ROC AUC Individual": 0.595625322158798,
            "ROC AUC Individual with set label": 0.6208606083943011
        },
        "10": {
            "ROC AUC": 0.6242298806314979,
            "Member size": 196,
            "Nonmember size": 107,
            "ROC AUC Individual": 0.595625322158798,
            "ROC AUC Individual with set label": 0.6242298806314979
        },
        "best": {
            "s": 1,
            "ROC AUC": 0.6261205416746138
        }
    },
    "30": {
        "1": {
            "ROC AUC": 0.6240701888231929,
            "Member size": 196,
            "Nonmember size": 107,
            "ROC AUC Individual": 0.5942933964863204,
            "ROC AUC Individual with set label": 0.6240701888231929
        },
        "3": {
            "ROC AUC": 0.6156303642952509,
            "Member size": 196,
            "Nonmember size": 107,
            "ROC AUC Individual": 0.5942933964863204,
            "ROC AUC Individual with set label": 0.6156303642952509
        },
        "5": {
            "ROC AUC": 0.6114342933435056,
            "Member size": 196,
            "Nonmember size": 107,
            "ROC AUC Individual": 0.5942933964863204,
            "ROC AUC Individual with set label": 0.6114342933435056
        },
        "10": {
            "ROC AUC": 0.6111005149723441,
            "Member size": 196,
            "Nonmember size": 107,
            "ROC AUC Individual": 0.5942933964863204,
            "ROC AUC Individual with set label": 0.6111005149723441
        },
        "30": {
            "ROC AUC": 0.6220675185962236,
            "Member size": 196,
            "Nonmember size": 107,
            "ROC AUC Individual": 0.5942933964863204,
            "ROC AUC Individual with set label": 0.6220675185962236
        },
        "best": {
            "s": 1,
            "ROC AUC": 0.6240701888231929
        }
    },
    "50": {
        "1": {
            "ROC AUC": 0.5959374403967195,
            "Member size": 196,
            "Nonmember size": 107,
            "ROC AUC Individual": 0.5931233761031053,
            "ROC AUC Individual with set label": 0.5959374403967195
        },
        "3": {
            "ROC AUC": 0.6057600610337592,
            "Member size": 196,
            "Nonmember size": 107,
            "ROC AUC Individual": 0.5931233761031053,
            "ROC AUC Individual with set label": 0.6057600610337592
        },
        "5": {
            "ROC AUC": 0.608239557505245,
            "Member size": 196,
            "Nonmember size": 107,
            "ROC AUC Individual": 0.5931233761031053,
            "ROC AUC Individual with set label": 0.608239557505245
        },
        "10": {
            "ROC AUC": 0.6095269883654396,
            "Member size": 196,
            "Nonmember size": 107,
            "ROC AUC Individual": 0.5931233761031053,
            "ROC AUC Individual with set label": 0.6095269883654396
        },
        "30": {
            "ROC AUC": 0.6107667366011826,
            "Member size": 196,
            "Nonmember size": 107,
            "ROC AUC Individual": 0.5931233761031053,
            "ROC AUC Individual with set label": 0.6107667366011826
        },
        "50": {
            "ROC AUC": 0.624759337697343,
            "Member size": 196,
            "Nonmember size": 107,
            "ROC AUC Individual": 0.5931233761031053,
            "ROC AUC Individual with set label": 0.624759337697343
        },
        "best": {
            "s": 50,
            "ROC AUC": 0.624759337697343
        }
    },
    "100": {
        "1": {
            "ROC AUC": 0.6192542437535762,
            "Member size": 196,
            "Nonmember size": 107,
            "ROC AUC Individual": 0.5918665939597636,
            "ROC AUC Individual with set label": 0.6192542437535762
        },
        "3": {
            "ROC AUC": 0.6247854281899676,
            "Member size": 196,
            "Nonmember size": 107,
            "ROC AUC Individual": 0.5918665939597636,
            "ROC AUC Individual with set label": 0.6247854281899676
        },
        "5": {
            "ROC AUC": 0.6224012969673851,
            "Member size": 196,
            "Nonmember size": 107,
            "ROC AUC Individual": 0.5918665939597636,
            "ROC AUC Individual with set label": 0.6224012969673851
        },
        "10": {
            "ROC AUC": 0.6212569139805455,
            "Member size": 196,
            "Nonmember size": 107,
            "ROC AUC Individual": 0.5918665939597636,
            "ROC AUC Individual with set label": 0.6212569139805455
        },
        "30": {
            "ROC AUC": 0.6151535380507344,
            "Member size": 196,
            "Nonmember size": 107,
            "ROC AUC Individual": 0.5918665939597636,
            "ROC AUC Individual with set label": 0.6151535380507344
        },
        "50": {
            "ROC AUC": 0.612340263208087,
            "Member size": 196,
            "Nonmember size": 107,
            "ROC AUC Individual": 0.5918665939597636,
            "ROC AUC Individual with set label": 0.612340263208087
        },
        "100": {
            "ROC AUC": 0.6217751251443974,
            "Member size": 196,
            "Nonmember size": 107,
            "ROC AUC Individual": 0.5918665939597636,
            "ROC AUC Individual with set label": 0.6217751251443974
        },
        "best": {
            "s": 3,
            "ROC AUC": 0.6247854281899676
        }
    },