{
    "1": {
        "1": {
            "ROC AUC": 0.5665172611100515,
            "Member size": 196,
            "Nonmember size": 107,
            "ROC AUC Individual": 0.5665172611100515,
            "ROC AUC Individual with set label": 0.5665172611100515
        },
        "best": {
            "s": 1,
            "ROC AUC": 0.5665172611100515
        }
    },
    "3": {
        "1": {
            "ROC AUC": 0.6157734121686058,
            "Member size": 196,
            "Nonmember size": 107,
            "ROC AUC Individual": 0.6053838981075297,
            "ROC AUC Individual with set label": 0.6157734121686058
        },
        "3": {
            "ROC AUC": 0.6181098607667366,
            "Member size": 196,
            "Nonmember size": 107,
            "ROC AUC Individual": 0.6053838981075297,
            "ROC AUC Individual with set label": 0.6181098607667366
        },
        "best": {
            "s": 3,
            "ROC AUC": 0.6181098607667366
        }
    },
    "5": {
        "1": {
            "ROC AUC": 0.5974156017547206,
            "Member size": 196,
            "Nonmember size": 107,
            "ROC AUC Individual": 0.5908735456799542,
            "ROC AUC Individual with set label": 0.5974156017547206
        },
        "3": {
            "ROC AUC": 0.5997043677283997,
            "Member size": 196,
            "Nonmember size": 107,
            "ROC AUC Individual": 0.5908735456799542,
            "ROC AUC Individual with set label": 0.5997043677283997
        },
        "5": {
            "ROC AUC": 0.6064276177760825,
            "Member size": 196,
            "Nonmember size": 107,
            "ROC AUC Individual": 0.5908735456799542,
            "ROC AUC Individual with set label": 0.6064276177760825
        },
        "best": {
            "s": 5,
            "ROC AUC": 0.6064276177760825
        }
    },
    "8": {
        "1": {
            "ROC AUC": 0.626788098416937,
            "Member size": 196,
            "Nonmember size": 107,
            "ROC AUC Individual": 0.59874910490512,
            "ROC AUC Individual with set label": 0.626788098416937
        },
        "3": {
            "ROC AUC": 0.6221152012206752,
            "Member size": 196,
            "Nonmember size": 107,
            "ROC AUC Individual": 0.59874910490512,
            "ROC AUC Individual with set label": 0.6221152012206752
        },
        "5": {
            "ROC AUC": 0.6193685021178283,
            "Member size": 196,
            "Nonmember size": 107,
            "ROC AUC Individual": 0.59874910490512,
            "ROC AUC Individual with set label": 0.6193685021178283
        },
        "8": {
            "ROC AUC": 0.6297169811320755,
            "Member size": 196,
            "Nonmember size": 107,
            "ROC AUC Individual": 0.59874910490512,
            "ROC AUC Individual with set label": 0.6297169811320755
        },
        "best": {
            "s": 8,
            "ROC AUC": 0.6297169811320755
        }
    },
    "10": {
        "1": {
            "ROC AUC": 0.6194926568758344,
            "Member size": 196,
            "Nonmember size": 107,
            "ROC AUC Individual": 0.6050948884226588,
            "ROC AUC Individual with set label": 0.6194926568758344
        },
        "3": {
            "ROC AUC": 0.6173469387755102,
            "Member size": 196,
            "Nonmember size": 107,
            "ROC AUC Individual": 0.6050948884226588,
            "ROC AUC Individual with set label": 0.6173469387755102
        },
        "5": {
            "ROC AUC": 0.620923135609384,
            "Member size": 196,
            "Nonmember size": 107,
            "ROC AUC Individual": 0.6050948884226588,
            "ROC AUC Individual with set label": 0.620923135609384
        },
        "8": {
            "ROC AUC": 0.624594697692161,
            "Member size": 196,
            "Nonmember size": 107,
            "ROC AUC Individual": 0.6050948884226588,
            "ROC AUC Individual with set label": 0.624594697692161
        },
        "10": {
            "ROC AUC": 0.6338451268357811,
            "Member size": 196,
            "Nonmember size": 107,
            "ROC AUC Individual": 0.6050948884226588,
            "ROC AUC Individual with set label": 0.6338451268357811
        },
        "best": {
            "s": 10,
            "ROC AUC": 0.6338451268357811
        }
    },
    "30": {
        "1": {
            "ROC AUC": 0.6009441159641428,
            "Member size": 196,
            "Nonmember size": 107,
            "ROC AUC Individual": 0.59414643233423,
            "ROC AUC Individual with set label": 0.6009441159641428
        },
        "3": {
            "ROC AUC": 0.6091932099942781,
            "Member size": 196,
            "Nonmember size": 107,
            "ROC AUC Individual": 0.59414643233423,
            "ROC AUC Individual with set label": 0.6091932099942781
        },
        "5": {
            "ROC AUC": 0.607428952889567,
            "Member size": 196,
            "Nonmember size": 107,
            "ROC AUC Individual": 0.59414643233423,
            "ROC AUC Individual with set label": 0.607428952889567
        },
        "8": {
            "ROC AUC": 0.6092885752431814,
            "Member size": 196,
            "Nonmember size": 107,
            "ROC AUC Individual": 0.59414643233423,
            "ROC AUC Individual with set label": 0.6092885752431814
        },
        "10": {
            "ROC AUC": 0.6090978447453748,
            "Member size": 196,
            "Nonmember size": 107,
            "ROC AUC Individual": 0.59414643233423,
            "ROC AUC Individual with set label": 0.6090978447453748
        },
        "30": {
            "ROC AUC": 0.6205236811705814,
            "Member size": 196,
            "Nonmember size": 107,
            "ROC AUC Individual": 0.59414643233423,
            "ROC AUC Individual with set label": 0.6205236811705814
        },
        "best": {
            "s": 30,
            "ROC AUC": 0.6205236811705814
        }
    },
    "50": {
        "1": {
            "ROC AUC": 0.6242609193209995,
            "Member size": 196,
            "Nonmember size": 107,
            "ROC AUC Individual": 0.5905093267213428,
            "ROC AUC Individual with set label": 0.6242609193209995
        },
        "3": {
            "ROC AUC": 0.6204463093648676,
            "Member size": 196,
            "Nonmember size": 107,
            "ROC AUC Individual": 0.5905093267213428,
            "ROC AUC Individual with set label": 0.6204463093648676
        },
        "5": {
            "ROC AUC": 0.6108144192256342,
            "Member size": 196,
            "Nonmember size": 107,
            "ROC AUC Individual": 0.5905093267213428,
            "ROC AUC Individual with set label": 0.6108144192256342
        },
        "8": {
            "ROC AUC": 0.6083349227541484,
            "Member size": 196,
            "Nonmember size": 107,
            "ROC AUC Individual": 0.5905093267213428,
            "ROC AUC Individual with set label": 0.6083349227541484
        },
        "10": {
            "ROC AUC": 0.6072382223917605,
            "Member size": 196,
            "Nonmember size": 107,
            "ROC AUC Individual": 0.5905093267213428,
            "ROC AUC Individual with set label": 0.6072382223917605
        },
        "30": {
            "ROC AUC": 0.6071905397673089,
            "Member size": 196,
            "Nonmember size": 107,
            "ROC AUC Individual": 0.5905093267213428,
            "ROC AUC Individual with set label": 0.6071905397673089
        },
        "50": {
            "ROC AUC": 0.6129124547015068,
            "Member size": 196,
            "Nonmember size": 107,
            "ROC AUC Individual": 0.5905093267213428,
            "ROC AUC Individual with set label": 0.6129124547015068
        },
        "best": {
            "s": 1,
            "ROC AUC": 0.6242609193209995
        }
    },