{
    "average": {
        "max": {
            "1": {
                "Member size": 76800.0,
                "Nonmember size": 23000.0,
                "ROC AUC Individual": 0.516783208007279,
                "MIA": {
                    "1": 0.516783208007279,
                    "best": {
                        "s": 1,
                        "ROC AUC": 0.516783208007279
                    }
                }
            },
            "3": {
                "Member size": 26112.0,
                "Nonmember size": 7820.0,
                "ROC AUC Individual": 0.516783208007279,
                "MIA": {
                    "1": 0.5179203842361049,
                    "3": 0.5264978067900006,
                    "best": {
                        "s": 3,
                        "ROC AUC": 0.5264978067900006
                    }
                }
            },
            "5": {
                "Member size": 15360.0,
                "Nonmember size": 4600.0,
                "ROC AUC Individual": 0.516783208007279,
                "MIA": {
                    "1": 0.5107710894194784,
                    "3": 0.5182834398602171,
                    "5": 0.529841959028303,
                    "best": {
                        "s": 5,
                        "ROC AUC": 0.529841959028303
                    }
                }
            },
            "8": {
                "Member size": 9984.0,
                "Nonmember size": 2990.0,
                "ROC AUC Individual": 0.516783208007279,
                "MIA": {
                    "1": 0.5044835114108996,
                    "3": 0.5148445204635108,
                    "5": 0.5187136526744295,
                    "8": 0.5313061416082011,
                    "best": {
                        "s": 8,
                        "ROC AUC": 0.5313061416082011
                    }
                }
            },
            "10": {
                "Member size": 7680.0,
                "Nonmember size": 2300.0,
                "ROC AUC Individual": 0.516783208007279,
                "MIA": {
                    "1": 0.4927641813858696,
                    "3": 0.5086209991110708,
                    "5": 0.5161410211387272,
                    "8": 0.5223731175850699,
                    "10": 0.5328895388050988,
                    "best": {
                        "s": 10,
                        "ROC AUC": 0.5328895388050988
                    }
                }
            },
            "30": {
                "Member size": 3072.0,
                "Nonmember size": 920.0,
                "ROC AUC Individual": 0.516783208007279,
                "MIA": {
                    "1": 0.46261357846467394,
                    "3": 0.4780184980751811,
                    "5": 0.4904531168150864,
                    "8": 0.500705990652882,
                    "10": 0.5060411060756267,
                    "30": 0.532383000468424,
                    "best": {
                        "s": 30,
                        "ROC AUC": 0.532383000468424
                    }
                }
            },
            "50": {
                "Member size": 1536.0,
                "Nonmember size": 460.0,
                "ROC AUC Individual": 0.516783208007279,
                "MIA": {
                    "1": 0.4427458389945652,
                    "3": 0.44414345561594204,
                    "5": 0.4597995923913043,
                    "8": 0.47773862092391306,
                    "10": 0.48719995471014493,
                    "30": 0.5154679008152174,
                    "50": 0.5300617863956038,
                    "best": {
                        "s": 50,
                        "ROC AUC": 0.5300617863956038
                    }
                }
            },
            "80": {
                "Member size": 1536.0,
                "Nonmember size": 460.0,
                "ROC AUC Individual": 0.516783208007279,
                "MIA": {
                    "1": 0.46909250452898543,
                    "3": 0.4672108525815218,
                    "5": 0.4774272531702899,
                    "8": 0.48880208333333336,
                    "10": 0.4942566802536231,
                    "30": 0.5156340343517941,
                    "50": 0.5240619416319238,
                    "80": 0.5390934198912332,
                    "best": {
                        "s": 80,
                        "ROC AUC": 0.5390934198912332
                    }
                }
            },
            "100": {
                "Member size": 768.0,
                "Nonmember size": 230.0,
                "ROC AUC Individual": 0.516783208007279,
                "MIA": {
                    "1": 0.45320991847826086,
                    "3": 0.4158684329710145,
                    "5": 0.41584578804347827,
                    "8": 0.4320482336956522,
                    "10": 0.4417798913043478,
                    "30": 0.49247056159420294,
                    "50": 0.5041378135997275,
                    "80": 0.5014530593710977,
                    "100": 0.5193160336827634,
                    "best": {
                        "s": 100,
                        "ROC AUC": 0.5193160336827634
                    }
                }
            }
        },
        "min": {
            "1": {
                "Member size": 76800.0,
                "Nonmember size": 23000.0,
                "ROC AUC Individual": 0.516783208007279,
                "MIA": {
                    "1": 0.516783208007279,
                    "best": {
                        "s": 1,
                        "ROC AUC": 0.516783208007279
                    }
                }
            },
            "3": {
                "Member size": 26112.0,
                "Nonmember size": 7820.0,
                "ROC AUC Individual": 0.516783208007279,
                "MIA": {
                    "1": 0.5301455735589702,
                    "3": 0.5264978067900006,
                    "best": {
                        "s": 1,
                        "ROC AUC": 0.5301455735589702
                    }
                }
            },
            "5": {
                "Member size": 15360.0,
                "Nonmember size": 4600.0,
                "ROC AUC Individual": 0.516783208007279,
                "MIA": {
                    "1": 0.5413015876161411,
                    "3": 0.5378638929086228,
                    "5": 0.529841959028303,
                    "best": {
                        "s": 1,
                        "ROC AUC": 0.5413015876161411
                    }
                }
            },
            "8": {
                "Member size": 9984.0,
                "Nonmember size": 2990.0,
                "ROC AUC Individual": 0.516783208007279,
                "MIA": {
                    "1": 0.5571163117768434,
                    "3": 0.5438122902160344,
                    "5": 0.5392268219315697,
                    "8": 0.5313061416082011,
                    "best": {
                        "s": 1,
                        "ROC AUC": 0.5571163117768434
                    }
                }
            },
            "10": {
                "Member size": 7680.0,
                "Nonmember size": 2300.0,
                "ROC AUC Individual": 0.516783208007279,
                "MIA": {
                    "1": 0.5650055232969835,
                    "3": 0.5503016222893375,
                    "5": 0.5435191155888236,
                    "8": 0.544543594452285,
                    "10": 0.5328895388050988,
                    "best": {
                        "s": 1,
                        "ROC AUC": 0.5650055232969835
                    }
                }
            },
            "30": {
                "Member size": 3072.0,
                "Nonmember size": 920.0,
                "ROC AUC Individual": 0.516783208007279,
                "MIA": {
                    "1": 0.5793007057423049,