{
    "average": {
        "max": {
            "1": {
                "Member size": 769.0,
                "Nonmember size": 229.0,
                "ROC AUC Individual": 0.5662829853322809,
                "MIA": {
                    "1": 0.5662829853322809,
                    "best": {
                        "s": 1,
                        "ROC AUC": 0.5662829853322809
                    }
                }
            },
            "3": {
                "Member size": 769.0,
                "Nonmember size": 229.0,
                "ROC AUC Individual": 0.5781357163092644,
                "MIA": {
                    "1": 0.5872766196671229,
                    "3": 0.6165212009017552,
                    "best": {
                        "s": 3,
                        "ROC AUC": 0.6165212009017552
                    }
                }
            },
            "5": {
                "Member size": 769.0,
                "Nonmember size": 229.0,
                "ROC AUC Individual": 0.5796971631624627,
                "MIA": {
                    "1": 0.5932050357465318,
                    "3": 0.6287301037472814,
                    "5": 0.6468511189956332,
                    "best": {
                        "s": 5,
                        "ROC AUC": 0.6468511189956332
                    }
                }
            },
            "8": {
                "Member size": 769.0,
                "Nonmember size": 229.0,
                "ROC AUC Individual": 0.5818201801247924,
                "MIA": {
                    "1": 0.6153854890091481,
                    "3": 0.6554250117830109,
                    "5": 0.6749195064196115,
                    "8": 0.6885917030567685,
                    "best": {
                        "s": 8,
                        "ROC AUC": 0.6885917030567685
                    }
                }
            },
            "10": {
                "Member size": 769.0,
                "Nonmember size": 229.0,
                "ROC AUC Individual": 0.5802984802493765,
                "MIA": {
                    "1": 0.617458163213156,
                    "3": 0.6555612972101238,
                    "5": 0.682727525681285,
                    "8": 0.7000925605192474,
                    "10": 0.6944654782712661,
                    "best": {
                        "s": 8,
                        "ROC AUC": 0.7000925605192474
                    }
                }
            },
            "30": {
                "Member size": 769.0,
                "Nonmember size": 229.0,
                "ROC AUC Individual": 0.5794082285076907,
                "MIA": {
                    "1": 0.5728246858336977,
                    "3": 0.6216432615374132,
                    "5": 0.6521995900080066,
                    "8": 0.687349873084196,
                    "10": 0.7070601529803919,
                    "30": 0.8065775821770214,
                    "best": {
                        "s": 30,
                        "ROC AUC": 0.8065775821770214
                    }
                }
            }
        },
        "min": {
            "1": {
                "Member size": 769.0,
                "Nonmember size": 229.0,
                "ROC AUC Individual": 0.5662829853322809,
                "MIA": {
                    "1": 0.5662829853322809,
                    "best": {
                        "s": 1,
                        "ROC AUC": 0.5662829853322809
                    }
                }
            },
            "3": {
                "Member size": 769.0,
                "Nonmember size": 229.0,
                "ROC AUC Individual": 0.5781357163092644,
                "MIA": {
                    "1": 0.6077989335665328,
                    "3": 0.6165212009017552,
                    "best": {
                        "s": 3,
                        "ROC AUC": 0.6165212009017552
                    }
                }
            },
            "5": {
                "Member size": 769.0,
                "Nonmember size": 229.0,
                "ROC AUC Individual": 0.5796971631624627,
                "MIA": {
                    "1": 0.6269300003974991,
                    "3": 0.6462087097745044,
                    "5": 0.6468511189956332,
                    "best": {
                        "s": 5,
                        "ROC AUC": 0.6468511189956332
                    }
                }
            },
            "8": {
                "Member size": 769.0,
                "Nonmember size": 229.0,
                "ROC AUC Individual": 0.5818201801247924,
                "MIA": {
                    "1": 0.6270719643840751,
                    "3": 0.6563864628820961,
                    "5": 0.6750307041484715,
                    "8": 0.6885917030567685,
                    "best": {
                        "s": 8,
                        "ROC AUC": 0.6885917030567685
                    }
                }
            },
            "10": {
                "Member size": 769.0,
                "Nonmember size": 229.0,
                "ROC AUC Individual": 0.5802984802493765,
                "MIA": {
                    "1": 0.6141873129624477,
                    "3": 0.641278884643377,
                    "5": 0.660946597525473,
                    "8": 0.6930551764919942,
                    "10": 0.6944654782712661,
                    "best": {
                        "s": 10,
                        "ROC AUC": 0.6944654782712661
                    }
                }
            },
            "30": {
                "Member size": 769.0,
                "Nonmember size": 229.0,
                "ROC AUC Individual": 0.5794082285076907,
                "MIA": {
                    "1": 0.6322792034116784,
                    "3": 0.6820824057890152,
                    "5": 0.7091110173646346,
                    "8": 0.7322961679227427,
                    "10": 0.7448949342697846,
                    "30": 0.8065775821770214,
                    "best": {
                        "s": 30,
                        "ROC AUC": 0.8065775821770214
                    }
                }
            }
        },
        "Total individual ROC AUC": 0.5784328266302257
    },
    "std": {
        "max": {
            "1": {
                "Member size": 0.0,
                "Nonmember size": 0.0,
                "ROC AUC Individual": 0.0,
                "MIA": {
                    "1": 0.0
                }
            },
            "3": {
                "Member size": 0.0,
                "Nonmember size": 0.0,
                "ROC AUC Individual": 0.0,
                "MIA": {
                    "1": 0.0,
                    "3": 0.0
                }
            },
            "5": {
                "Member size": 0.0,
                "Nonmember size": 0.0,
                "ROC AUC Individual": 0.0,
                "MIA": {
                    "1": 0.0,
                    "3": 0.0,
                    "5": 0.0
                }
            },
            "8": {
                "Member size": 0.0,
                "Nonmember size": 0.0,
                "ROC AUC Individual": 0.0,
                "MIA": {
                    "1": 0.0,
                    "3": 0.0,
                    "5": 0.0,
                    "8": 0.0
                }
            },
            "10": {
                "Member size": 0.0,
                "Nonmember size": 0.0,
                "ROC AUC Individual": 0.0,
                "MIA": {
                    "1": 0.0,
                    "3": 0.0,
                    "5": 0.0,
                    "8": 0.0,
                    "10": 0.0
                }
            },
            "30": {
                "Member size": 0.0,
                "Nonmember size": 0.0,
                "ROC AUC Individual": 0.0,
                "MIA": {
                    "1": 0.0,
                    "3": 0.0,
                    "5": 0.0,
                    "8": 0.0,