{
    "average": {
        "max": {
            "1": {
                "Member size": 400.0,
                "Nonmember size": 900.0,
                "ROC AUC Individual": 0.38944999999999996,
                "MIA": {
                    "1": 0.38944999999999996,
                    "best": {
                        "s": 1,
                        "ROC AUC": 0.38944999999999996
                    }
                }
            },
            "3": {
                "Member size": 136.0,
                "Nonmember size": 306.0,
                "ROC AUC Individual": 0.38944999999999996,
                "MIA": {
                    "1": 0.3057237600922722,
                    "3": 0.34578046905036525,
                    "best": {
                        "s": 3,
                        "ROC AUC": 0.34578046905036525
                    }
                }
            },
            "5": {
                "Member size": 80.0,
                "Nonmember size": 180.0,
                "ROC AUC Individual": 0.38944999999999996,
                "MIA": {
                    "1": 0.2753472222222222,
                    "3": 0.29194444444444445,
                    "5": 0.3325694444444445,
                    "best": {
                        "s": 5,
                        "ROC AUC": 0.3325694444444445
                    }
                }
            },
            "8": {
                "Member size": 52.0,
                "Nonmember size": 117.0,
                "ROC AUC Individual": 0.38944999999999996,
                "MIA": {
                    "1": 0.2590401051939514,
                    "3": 0.26347797501643655,
                    "5": 0.2876397107166338,
                    "8": 0.32708744247205784,
                    "best": {
                        "s": 8,
                        "ROC AUC": 0.32708744247205784
                    }
                }
            },
            "10": {
                "Member size": 40.0,
                "Nonmember size": 90.0,
                "ROC AUC Individual": 0.38944999999999996,
                "MIA": {
                    "1": 0.23,
                    "3": 0.2175,
                    "5": 0.2447222222222222,
                    "8": 0.295,
                    "10": 0.3258333333333333,
                    "best": {
                        "s": 10,
                        "ROC AUC": 0.3258333333333333
                    }
                }
            },
            "30": {
                "Member size": 16.0,
                "Nonmember size": 36.0,
                "ROC AUC Individual": 0.38944999999999996,
                "MIA": {
                    "1": 0.2222222222222222,
                    "3": 0.24131944444444448,
                    "5": 0.2204861111111111,
                    "8": 0.265625,
                    "10": 0.2777777777777778,
                    "30": 0.3246527777777778,
                    "best": {
                        "s": 30,
                        "ROC AUC": 0.3246527777777778
                    }
                }
            },
            "50": {
                "Member size": 8.0,
                "Nonmember size": 18.0,
                "ROC AUC Individual": 0.38944999999999996,
                "MIA": {
                    "1": 0.19444444444444445,
                    "3": 0.18055555555555558,
                    "5": 0.17361111111111113,
                    "8": 0.18750000000000003,
                    "10": 0.18750000000000003,
                    "30": 0.24305555555555555,
                    "50": 0.29166666666666674,
                    "best": {
                        "s": 50,
                        "ROC AUC": 0.29166666666666674
                    }
                }
            },
            "80": {
                "Member size": 8.0,
                "Nonmember size": 18.0,
                "ROC AUC Individual": 0.38944999999999996,
                "MIA": {
                    "1": 0.3402777777777778,
                    "3": 0.3125,
                    "5": 0.2638888888888889,
                    "8": 0.25,
                    "10": 0.26388888888888895,
                    "30": 0.3194444444444445,
                    "50": 0.2708333333333333,
                    "80": 0.29861111111111116,
                    "best": {
                        "s": 1,
                        "ROC AUC": 0.3402777777777778
                    }
                }
            },
            "100": {
                "Member size": 4.0,
                "Nonmember size": 9.0,
                "ROC AUC Individual": 0.38944999999999996,
                "MIA": {
                    "1": 0.19444444444444448,
                    "3": 0.19444444444444448,
                    "5": 0.16666666666666669,
                    "8": 0.22222222222222224,
                    "10": 0.22222222222222224,
                    "30": 0.2222222222222222,
                    "50": 0.19444444444444445,
                    "80": 0.2777777777777778,
                    "100": 0.2777777777777778,
                    "best": {
                        "s": 80,
                        "ROC AUC": 0.2777777777777778
                    }
                }
            }
        },
        "min": {
            "1": {
                "Member size": 400.0,
                "Nonmember size": 900.0,
                "ROC AUC Individual": 0.38944999999999996,
                "MIA": {
                    "1": 0.38944999999999996,
                    "best": {
                        "s": 1,
                        "ROC AUC": 0.38944999999999996
                    }
                }
            },
            "3": {
                "Member size": 136.0,
                "Nonmember size": 306.0,
                "ROC AUC Individual": 0.38944999999999996,
                "MIA": {
                    "1": 0.43656286043829295,
                    "3": 0.34578046905036525,
                    "best": {
                        "s": 1,
                        "ROC AUC": 0.43656286043829295
                    }
                }
            },
            "5": {
                "Member size": 80.0,
                "Nonmember size": 180.0,
                "ROC AUC Individual": 0.38944999999999996,
                "MIA": {
                    "1": 0.43972222222222224,
                    "3": 0.40173611111111107,
                    "5": 0.3325694444444445,
                    "best": {
                        "s": 1,
                        "ROC AUC": 0.43972222222222224
                    }
                }
            },
            "8": {
                "Member size": 52.0,
                "Nonmember size": 117.0,
                "ROC AUC Individual": 0.38944999999999996,
                "MIA": {
                    "1": 0.4459237343852729,
                    "3": 0.42882971729125574,
                    "5": 0.401051939513478,
                    "8": 0.32708744247205784,
                    "best": {
                        "s": 1,
                        "ROC AUC": 0.4459237343852729
                    }
                }
            },
            "10": {
                "Member size": 40.0,
                "Nonmember size": 90.0,
                "ROC AUC Individual": 0.38944999999999996,
                "MIA": {
                    "1": 0.44166666666666665,
                    "3": 0.44583333333333336,
                    "5": 0.43444444444444447,
                    "8": 0.3802777777777778,
                    "10": 0.3258333333333333,
                    "best": {
                        "s": 3,
                        "ROC AUC": 0.44583333333333336
                    }
                }
            },
            "30": {
                "Member size": 16.0,
                "Nonmember size": 36.0,
                "ROC AUC Individual": 0.38944999999999996,
                "MIA": {
                    "1": 0.4618055555555556,
                    "3": 0.4513888888888889,
                    "5": 0.453125,