{"1": {"ROC AUC": 0.48136279305110474, "Group size": 77}, "3": {"ROC AUC": 0.6061538461538463, "Group size": 65}, "5": {"ROC AUC": 0.6428402366863906, "Group size": 65}, "10": {"ROC AUC": 0.4617751479289941, "Group size": 65}, "30": {"ROC AUC": 0.5768047337278107, "Group size": 65}, "50": {"ROC AUC": 0.5726883345930964, "Group size": 63}, "best": {"top k": 5, "ROC AUC": 0.6428402366863906}}