{
    "average": {
        "max": {
            "1": {
                "Member size": 76700.0,
                "Nonmember size": 23000.0,
                "ROC AUC Individual": 0.4086657899867553,
                "MIA": {
                    "1": 0.4086657899867553,
                    "best": {
                        "s": 1,
                        "ROC AUC": 0.4086657899867553
                    }
                }
            },
            "3": {
                "Member size": 26078.0,
                "Nonmember size": 7820.0,
                "ROC AUC Individual": 0.4086657899867553,
                "MIA": {
                    "1": 0.4005216103310997,
                    "3": 0.3626540887314627,
                    "best": {
                        "s": 1,
                        "ROC AUC": 0.4005216103310997
                    }
                }
            },
            "5": {
                "Member size": 15340.0,
                "Nonmember size": 4600.0,
                "ROC AUC Individual": 0.4086657899867553,
                "MIA": {
                    "1": 0.396629556033041,
                    "3": 0.358140172234368,
                    "5": 0.33306683667982917,
                    "best": {
                        "s": 1,
                        "ROC AUC": 0.396629556033041
                    }
                }
            },
            "8": {
                "Member size": 9971.0,
                "Nonmember size": 2990.0,
                "ROC AUC Individual": 0.4086657899867553,
                "MIA": {
                    "1": 0.3979733534943644,
                    "3": 0.36350167123433813,
                    "5": 0.336807363697026,
                    "8": 0.3031998015481128,
                    "best": {
                        "s": 1,
                        "ROC AUC": 0.3979733534943644
                    }
                }
            },
            "10": {
                "Member size": 7670.0,
                "Nonmember size": 2300.0,
                "ROC AUC Individual": 0.4086657899867553,
                "MIA": {
                    "1": 0.39807142816647484,
                    "3": 0.35776191313422334,
                    "5": 0.3290106228518926,
                    "8": 0.2955566772699892,
                    "10": 0.2814982938760763,
                    "best": {
                        "s": 1,
                        "ROC AUC": 0.39807142816647484
                    }
                }
            },
            "30": {
                "Member size": 3068.0,
                "Nonmember size": 920.0,
                "ROC AUC Individual": 0.4086657899867553,
                "MIA": {
                    "1": 0.4073705362838633,
                    "3": 0.37772519073144445,
                    "5": 0.3633210669616268,
                    "8": 0.35231749340593893,
                    "10": 0.3503943542095184,
                    "30": 0.21707399809851485,
                    "best": {
                        "s": 1,
                        "ROC AUC": 0.4073705362838633
                    }
                }
            },
            "50": {
                "Member size": 1534.0,
                "Nonmember size": 460.0,
                "ROC AUC Individual": 0.4086657899867553,
                "MIA": {
                    "1": 0.3914177200838955,
                    "3": 0.35217533019670083,
                    "5": 0.3273127940592937,
                    "8": 0.3031673374525254,
                    "10": 0.29152542372881357,
                    "30": 0.20611359900232415,
                    "50": 0.15035397685739502,
                    "best": {
                        "s": 1,
                        "ROC AUC": 0.3914177200838955
                    }
                }
            },
            "80": {
                "Member size": 1534.0,
                "Nonmember size": 460.0,
                "ROC AUC Individual": 0.4086657899867553,
                "MIA": {
                    "1": 0.41756986565387444,
                    "3": 0.3926052944844397,
                    "5": 0.38399042004421513,
                    "8": 0.3796255881185874,
                    "10": 0.3773581429624171,
                    "30": 0.34921438497972146,
                    "50": 0.2908758292759318,
                    "80": 0.1848876414941843,
                    "best": {
                        "s": 1,
                        "ROC AUC": 0.41756986565387444
                    }
                }
            },
            "100": {
                "Member size": 767.0,
                "Nonmember size": 230.0,
                "ROC AUC Individual": 0.4086657899867553,
                "MIA": {
                    "1": 0.3979989796496797,
                    "3": 0.3584830791905221,
                    "5": 0.3292160308372541,
                    "8": 0.30605407856697464,
                    "10": 0.29547077830054985,
                    "30": 0.22863216370954026,
                    "50": 0.17842612114650408,
                    "80": 0.12539745854464643,
                    "100": 0.10210022873778334,
                    "best": {
                        "s": 1,
                        "ROC AUC": 0.3979989796496797
                    }
                }
            }
        },
        "min": {
            "1": {
                "Member size": 76700.0,
                "Nonmember size": 23000.0,
                "ROC AUC Individual": 0.4086657899867553,
                "MIA": {
                    "1": 0.4086657899867553,
                    "best": {
                        "s": 1,
                        "ROC AUC": 0.4086657899867553
                    }
                }
            },
            "3": {
                "Member size": 26078.0,
                "Nonmember size": 7820.0,
                "ROC AUC Individual": 0.4086657899867553,
                "MIA": {
                    "1": 0.37139758902947495,
                    "3": 0.3626540887314627,
                    "best": {
                        "s": 1,
                        "ROC AUC": 0.37139758902947495
                    }
                }
            },
            "5": {
                "Member size": 15340.0,
                "Nonmember size": 4600.0,
                "ROC AUC Individual": 0.4086657899867553,
                "MIA": {
                    "1": 0.35874600967317594,
                    "3": 0.3217601449748024,
                    "5": 0.33306683667982917,
                    "best": {
                        "s": 1,
                        "ROC AUC": 0.35874600967317594
                    }
                }
            },
            "8": {
                "Member size": 9971.0,
                "Nonmember size": 2990.0,
                "ROC AUC Individual": 0.4086657899867553,
                "MIA": {
                    "1": 0.35574975372697654,
                    "3": 0.31531460719041726,
                    "5": 0.2942924942689288,
                    "8": 0.3031998015481128,
                    "best": {
                        "s": 1,
                        "ROC AUC": 0.35574975372697654
                    }
                }
            },
            "10": {
                "Member size": 7670.0,
                "Nonmember size": 2300.0,
                "ROC AUC Individual": 0.4086657899867553,
                "MIA": {
                    "1": 0.35039248182723304,
                    "3": 0.30348552536618734,
                    "5": 0.274394730595775,
                    "8": 0.26007095281070736,
                    "10": 0.2814982938760763,
                    "best": {
                        "s": 1,
                        "ROC AUC": 0.35039248182723304
                    }
                }
            },
            "30": {
                "Member size": 3068.0,
                "Nonmember size": 920.0,
                "ROC AUC Individual": 0.4086657899867553,