{
    "average": {
        "max": {
            "1": {
                "Member size": 76700.0,
                "Nonmember size": 23000.0,
                "ROC AUC Individual": 0.4082276189872889,
                "MIA": {
                    "1": 0.4082276189872889,
                    "best": {
                        "s": 1,
                        "ROC AUC": 0.4082276189872889
                    }
                }
            },
            "3": {
                "Member size": 26078.0,
                "Nonmember size": 7820.0,
                "ROC AUC Individual": 0.4082276189872889,
                "MIA": {
                    "1": 0.4034615213702915,
                    "3": 0.3635113565334871,
                    "best": {
                        "s": 1,
                        "ROC AUC": 0.4034615213702915
                    }
                }
            },
            "5": {
                "Member size": 15340.0,
                "Nonmember size": 4600.0,
                "ROC AUC Individual": 0.4082276189872889,
                "MIA": {
                    "1": 0.40187099247676983,
                    "3": 0.36343010528584263,
                    "5": 0.3328548166942043,
                    "best": {
                        "s": 1,
                        "ROC AUC": 0.40187099247676983
                    }
                }
            },
            "8": {
                "Member size": 9971.0,
                "Nonmember size": 2990.0,
                "ROC AUC Individual": 0.4082276189872889,
                "MIA": {
                    "1": 0.40022251821251525,
                    "3": 0.36687309254005146,
                    "5": 0.34112127033933337,
                    "8": 0.3033723216721016,
                    "best": {
                        "s": 1,
                        "ROC AUC": 0.40022251821251525
                    }
                }
            },
            "10": {
                "Member size": 7670.0,
                "Nonmember size": 2300.0,
                "ROC AUC Individual": 0.4082276189872889,
                "MIA": {
                    "1": 0.4006120349005312,
                    "3": 0.36277490103109156,
                    "5": 0.334556112144867,
                    "8": 0.30122084449005726,
                    "10": 0.27921521763835055,
                    "best": {
                        "s": 1,
                        "ROC AUC": 0.4006120349005312
                    }
                }
            },
            "30": {
                "Member size": 3068.0,
                "Nonmember size": 920.0,
                "ROC AUC Individual": 0.4082276189872889,
                "MIA": {
                    "1": 0.4048195375738932,
                    "3": 0.37698282707961084,
                    "5": 0.3667396976658442,
                    "8": 0.3580019859564508,
                    "10": 0.35568728278601325,
                    "30": 0.21543235649963,
                    "best": {
                        "s": 1,
                        "ROC AUC": 0.4048195375738932
                    }
                }
            },
            "50": {
                "Member size": 1534.0,
                "Nonmember size": 460.0,
                "ROC AUC Individual": 0.4082276189872889,
                "MIA": {
                    "1": 0.398422708463239,
                    "3": 0.3533402301456834,
                    "5": 0.3303185760444419,
                    "8": 0.30812879088487044,
                    "10": 0.29747463295731535,
                    "30": 0.2218539947247511,
                    "50": 0.15420630935674773,
                    "best": {
                        "s": 1,
                        "ROC AUC": 0.398422708463239
                    }
                }
            },
            "80": {
                "Member size": 1534.0,
                "Nonmember size": 460.0,
                "ROC AUC Individual": 0.4082276189872889,
                "MIA": {
                    "1": 0.41426364718553366,
                    "3": 0.3882064508814693,
                    "5": 0.38244147157190633,
                    "8": 0.3784861969276118,
                    "10": 0.3771597415112522,
                    "30": 0.3498368146214099,
                    "50": 0.2928811101316575,
                    "80": 0.18022564683566578,
                    "best": {
                        "s": 1,
                        "ROC AUC": 0.41426364718553366
                    }
                }
            },
            "100": {
                "Member size": 767.0,
                "Nonmember size": 230.0,
                "ROC AUC Individual": 0.4082276189872889,
                "MIA": {
                    "1": 0.3975511592313361,
                    "3": 0.35428263703871665,
                    "5": 0.3261549798764242,
                    "8": 0.3049260246017799,
                    "10": 0.29518734765602855,
                    "30": 0.24574570602573553,
                    "50": 0.20304063654447285,
                    "80": 0.1460230514663928,
                    "100": 0.10881218086458264,
                    "best": {
                        "s": 1,
                        "ROC AUC": 0.3975511592313361
                    }
                }
            }
        },
        "min": {
            "1": {
                "Member size": 76700.0,
                "Nonmember size": 23000.0,
                "ROC AUC Individual": 0.4082276189872889,
                "MIA": {
                    "1": 0.4082276189872889,
                    "best": {
                        "s": 1,
                        "ROC AUC": 0.4082276189872889
                    }
                }
            },
            "3": {
                "Member size": 26078.0,
                "Nonmember size": 7820.0,
                "ROC AUC Individual": 0.4082276189872889,
                "MIA": {
                    "1": 0.3644432415761507,
                    "3": 0.3635113565334871,
                    "best": {
                        "s": 1,
                        "ROC AUC": 0.3644432415761507
                    }
                }
            },
            "5": {
                "Member size": 15340.0,
                "Nonmember size": 4600.0,
                "ROC AUC Individual": 0.4082276189872889,
                "MIA": {
                    "1": 0.34078262995988146,
                    "3": 0.3110700186890444,
                    "5": 0.3328548166942043,
                    "best": {
                        "s": 1,
                        "ROC AUC": 0.34078262995988146
                    }
                }
            },
            "8": {
                "Member size": 9971.0,
                "Nonmember size": 2990.0,
                "ROC AUC Individual": 0.4082276189872889,
                "MIA": {
                    "1": 0.3326428517745078,
                    "3": 0.29531853140902276,
                    "5": 0.2832814691952197,
                    "8": 0.3033723216721016,
                    "best": {
                        "s": 1,
                        "ROC AUC": 0.3326428517745078
                    }
                }
            },
            "10": {
                "Member size": 7670.0,
                "Nonmember size": 2300.0,
                "ROC AUC Individual": 0.4082276189872889,
                "MIA": {
                    "1": 0.32710205919350466,
                    "3": 0.28015333605143344,
                    "5": 0.25464971147632587,
                    "8": 0.24967644043991039,
                    "10": 0.27921521763835055,
                    "best": {
                        "s": 1,
                        "ROC AUC": 0.32710205919350466
                    }
                }
            },
            "30": {
                "Member size": 3068.0,
                "Nonmember size": 920.0,
                "ROC AUC Individual": 0.4082276189872889,