{
    "1": {
        "1": {
            "ROC AUC": 0.5673,
            "Group size": 100,
            "ROC AUC Individual": 0.5673,
            "ROC AUC Individual with set label": 0.5673
        },
        "best": {
            "s": 1,
            "ROC AUC": 0.5673
        }
    },
    "3": {
        "1": {
            "ROC AUC": 0.6652,
            "Group size": 100,
            "ROC AUC Individual": 0.6511,
            "ROC AUC Individual with set label": 0.6652
        },
        "3": {
            "ROC AUC": 0.7345,
            "Group size": 100,
            "ROC AUC Individual": 0.6511,
            "ROC AUC Individual with set label": 0.7345
        },
        "best": {
            "s": 3,
            "ROC AUC": 0.7345
        }
    },
    "5": {
        "1": {
            "ROC AUC": 0.7057000000000001,
            "Group size": 100,
            "ROC AUC Individual": 0.6307119999999999,
            "ROC AUC Individual with set label": 0.7057000000000001
        },
        "3": {
            "ROC AUC": 0.7202999999999999,
            "Group size": 100,
            "ROC AUC Individual": 0.6307119999999999,
            "ROC AUC Individual with set label": 0.7202999999999999
        },
        "5": {
            "ROC AUC": 0.7392,
            "Group size": 100,
            "ROC AUC Individual": 0.6307119999999999,
            "ROC AUC Individual with set label": 0.7392
        },
        "best": {
            "s": 5,
            "ROC AUC": 0.7392
        }
    },
    "10": {
        "1": {
            "ROC AUC": 0.6956,
            "Group size": 100,
            "ROC AUC Individual": 0.64014,
            "ROC AUC Individual with set label": 0.6956
        },
        "3": {
            "ROC AUC": 0.7353999999999999,
            "Group size": 100,
            "ROC AUC Individual": 0.64014,
            "ROC AUC Individual with set label": 0.7353999999999999
        },
        "5": {
            "ROC AUC": 0.7782000000000001,
            "Group size": 100,
            "ROC AUC Individual": 0.64014,
            "ROC AUC Individual with set label": 0.7782000000000001
        },
        "10": {
            "ROC AUC": 0.8501,
            "Group size": 100,
            "ROC AUC Individual": 0.64014,
            "ROC AUC Individual with set label": 0.8501
        },
        "best": {
            "s": 10,
            "ROC AUC": 0.8501
        }
    },
    "30": {
        "1": {
            "ROC AUC": 0.8129,
            "Group size": 100,
            "ROC AUC Individual": 0.6357242777777778,
            "ROC AUC Individual with set label": 0.8129
        },
        "3": {
            "ROC AUC": 0.852,
            "Group size": 100,
            "ROC AUC Individual": 0.6357242777777778,
            "ROC AUC Individual with set label": 0.852
        },
        "5": {
            "ROC AUC": 0.8593999999999999,
            "Group size": 100,
            "ROC AUC Individual": 0.6357242777777778,
            "ROC AUC Individual with set label": 0.8593999999999999
        },
        "10": {
            "ROC AUC": 0.8654999999999999,
            "Group size": 100,
            "ROC AUC Individual": 0.6357242777777778,
            "ROC AUC Individual with set label": 0.8654999999999999
        },
        "30": {
            "ROC AUC": 0.9226,
            "Group size": 100,
            "ROC AUC Individual": 0.6357242777777778,
            "ROC AUC Individual with set label": 0.9226
        },
        "best": {
            "s": 30,
            "ROC AUC": 0.9226
        }
    },
    "Total individual ROC AUC": 0.6626511365197015
}