{"1": {"ROC AUC": 0.6028, "Group size": 100}, "3": {"ROC AUC": 0.625, "Group size": 100}, "5": {"ROC AUC": 0.6283000000000001, "Group size": 100}, "10": {"ROC AUC": 0.6395, "Group size": 100}, "30": {"ROC AUC": 0.6933000000000001, "Group size": 100}, "best": {"top k": 30, "ROC AUC": 0.6933000000000001}, "individual ROC AUC": 0.5630745919929616}