{"1": {"ROC AUC": 0.6028, "Group size": 100, "ROC AUC Individual": 0.6028}, "3": {"ROC AUC": 0.625, "Group size": 100, "ROC AUC Individual": 0.625}, "5": {"ROC AUC": 0.6283000000000001, "Group size": 100, "ROC AUC Individual": 0.6283000000000001}, "10": {"ROC AUC": 0.6395, "Group size": 100, "ROC AUC Individual": 0.6395}, "30": {"ROC AUC": 0.6933000000000001, "Group size": 100, "ROC AUC Individual": 0.6933000000000001}, "best": {"top k": 30, "ROC AUC": 0.6933000000000001}, "Individual ROC AUC": 0.5528884444444444, "Total individual ROC AUC": 0.5636029478523098}