{
    "average": {
        "max": {
            "1": {
                "Member size": 92200.0,
                "Nonmember size": 7400.0,
                "ROC AUC Individual": 0.5695717190889371,
                "MIA": {
                    "1": 0.5695717190889371,
                    "best": {
                        "s": 1,
                        "ROC AUC": 0.5695717190889371
                    }
                }
            },
            "3": {
                "Member size": 31348.0,
                "Nonmember size": 2516.0,
                "ROC AUC Individual": 0.5695717190889371,
                "MIA": {
                    "1": 0.6325776419203433,
                    "3": 0.60514780814298,
                    "best": {
                        "s": 1,
                        "ROC AUC": 0.6325776419203433
                    }
                }
            },
            "5": {
                "Member size": 18440.0,
                "Nonmember size": 1480.0,
                "ROC AUC Individual": 0.5695717190889371,
                "MIA": {
                    "1": 0.6525187606261359,
                    "3": 0.6738157354751715,
                    "5": 0.6353269918508531,
                    "best": {
                        "s": 3,
                        "ROC AUC": 0.6738157354751715
                    }
                }
            },
            "8": {
                "Member size": 11986.0,
                "Nonmember size": 962.0,
                "ROC AUC Individual": 0.5695717190889371,
                "MIA": {
                    "1": 0.6640313734006376,
                    "3": 0.7026207030169986,
                    "5": 0.7005647267619568,
                    "8": 0.6595642768260823,
                    "best": {
                        "s": 3,
                        "ROC AUC": 0.7026207030169986
                    }
                }
            },
            "10": {
                "Member size": 9220.0,
                "Nonmember size": 740.0,
                "ROC AUC Individual": 0.5695717190889371,
                "MIA": {
                    "1": 0.6769160022278244,
                    "3": 0.7269620976725097,
                    "5": 0.7384767250982002,
                    "8": 0.7154228469250161,
                    "10": 0.68332898516738,
                    "best": {
                        "s": 5,
                        "ROC AUC": 0.7384767250982002
                    }
                }
            },
            "30": {
                "Member size": 3688.0,
                "Nonmember size": 296.0,
                "ROC AUC Individual": 0.5695717190889371,
                "MIA": {
                    "1": 0.656337482411913,
                    "3": 0.7093495339156946,
                    "5": 0.7199985709679311,
                    "8": 0.7114765931875475,
                    "10": 0.7019936829454183,
                    "30": 0.762187994664947,
                    "best": {
                        "s": 30,
                        "ROC AUC": 0.762187994664947
                    }
                }
            },
            "50": {
                "Member size": 1844.0,
                "Nonmember size": 148.0,
                "ROC AUC Individual": 0.5695717190889371,
                "MIA": {
                    "1": 0.6534670516503489,
                    "3": 0.7329175704989154,
                    "5": 0.7782288796388579,
                    "8": 0.8233533153544,
                    "10": 0.8421762326317641,
                    "30": 0.9032801782259483,
                    "50": 0.8611420531160227,
                    "best": {
                        "s": 30,
                        "ROC AUC": 0.9032801782259483
                    }
                }
            },
            "80": {
                "Member size": 1844.0,
                "Nonmember size": 148.0,
                "ROC AUC Individual": 0.5695717190889371,
                "MIA": {
                    "1": 0.6375186873424401,
                    "3": 0.6773282230169433,
                    "5": 0.6901455414199449,
                    "8": 0.6886578823943249,
                    "10": 0.683410769771941,
                    "30": 0.6672736999472358,
                    "50": 0.6873241191299759,
                    "80": 0.80952468194876,
                    "best": {
                        "s": 80,
                        "ROC AUC": 0.80952468194876
                    }
                }
            },
            "100": {
                "Member size": 922.0,
                "Nonmember size": 74.0,
                "ROC AUC Individual": 0.5695717190889371,
                "MIA": {
                    "1": 0.6232192061910067,
                    "3": 0.7048719000996658,
                    "5": 0.7537374684880108,
                    "8": 0.8055343847100896,
                    "10": 0.8341443395673331,
                    "30": 0.9304244591663247,
                    "50": 0.9493756229114146,
                    "80": 0.9445535557249223,
                    "100": 0.9204139063141232,
                    "best": {
                        "s": 50,
                        "ROC AUC": 0.9493756229114146
                    }
                }
            }
        },
        "min": {
            "1": {
                "Member size": 92200.0,
                "Nonmember size": 7400.0,
                "ROC AUC Individual": 0.5695717190889371,
                "MIA": {
                    "1": 0.5695717190889371,
                    "best": {
                        "s": 1,
                        "ROC AUC": 0.5695717190889371
                    }
                }
            },
            "3": {
                "Member size": 31348.0,
                "Nonmember size": 2516.0,
                "ROC AUC Individual": 0.5695717190889371,
                "MIA": {
                    "1": 0.5425462125971681,
                    "3": 0.60514780814298,
                    "best": {
                        "s": 3,
                        "ROC AUC": 0.60514780814298
                    }
                }
            },
            "5": {
                "Member size": 18440.0,
                "Nonmember size": 1480.0,
                "ROC AUC Individual": 0.5695717190889371,
                "MIA": {
                    "1": 0.5244004111215337,
                    "3": 0.5870882555549042,
                    "5": 0.6353269918508531,
                    "best": {
                        "s": 5,
                        "ROC AUC": 0.6353269918508531
                    }
                }
            },
            "8": {
                "Member size": 11986.0,
                "Nonmember size": 962.0,
                "ROC AUC Individual": 0.5695717190889371,
                "MIA": {
                    "1": 0.5177999592733449,
                    "3": 0.5639147439164125,
                    "5": 0.6075568759533385,
                    "8": 0.6595642768260823,
                    "best": {
                        "s": 8,
                        "ROC AUC": 0.6595642768260823
                    }
                }
            },
            "10": {
                "Member size": 9220.0,
                "Nonmember size": 740.0,
                "ROC AUC Individual": 0.5695717190889371,
                "MIA": {
                    "1": 0.5140473119540364,
                    "3": 0.5534119423110746,
                    "5": 0.600404672568447,
                    "8": 0.6574188016650055,
                    "10": 0.68332898516738,
                    "best": {
                        "s": 10,
                        "ROC AUC": 0.68332898516738
                    }
                }
            },
            "30": {
                "Member size": 3688.0,
                "Nonmember size": 296.0,
                "ROC AUC Individual": 0.5695717190889371,
                "MIA": {
                    "1": 0.4943489110042797,
                    "3": 0.5051912338043032,