{
    "average": {
        "max": {
            "1": {
                "Member size": 92200.0,
                "Nonmember size": 7400.0,
                "ROC AUC Individual": 0.41389514511976744,
                "MIA": {
                    "1": 0.41389514511976744,
                    "best": {
                        "s": 1,
                        "ROC AUC": 0.41389514511976744
                    }
                }
            },
            "3": {
                "Member size": 31348.0,
                "Nonmember size": 2516.0,
                "ROC AUC Individual": 0.41389514511976744,
                "MIA": {
                    "1": 0.4349735072884974,
                    "3": 0.37109637449816574,
                    "best": {
                        "s": 1,
                        "ROC AUC": 0.4349735072884974
                    }
                }
            },
            "5": {
                "Member size": 18440.0,
                "Nonmember size": 1480.0,
                "ROC AUC Individual": 0.41389514511976744,
                "MIA": {
                    "1": 0.44909451292980257,
                    "3": 0.3806343768744723,
                    "5": 0.3360126535896622,
                    "best": {
                        "s": 1,
                        "ROC AUC": 0.44909451292980257
                    }
                }
            },
            "8": {
                "Member size": 11986.0,
                "Nonmember size": 962.0,
                "ROC AUC Individual": 0.41389514511976744,
                "MIA": {
                    "1": 0.4582073133372323,
                    "3": 0.4023643003302778,
                    "5": 0.3558812793498429,
                    "8": 0.3030050649636644,
                    "best": {
                        "s": 1,
                        "ROC AUC": 0.4582073133372323
                    }
                }
            },
            "10": {
                "Member size": 9220.0,
                "Nonmember size": 740.0,
                "ROC AUC Individual": 0.41389514511976744,
                "MIA": {
                    "1": 0.469061024255637,
                    "3": 0.40982674405689423,
                    "5": 0.3589881992037708,
                    "8": 0.3041860609445789,
                    "10": 0.27962669402429285,
                    "best": {
                        "s": 1,
                        "ROC AUC": 0.469061024255637
                    }
                }
            },
            "30": {
                "Member size": 3688.0,
                "Nonmember size": 296.0,
                "ROC AUC Individual": 0.41389514511976744,
                "MIA": {
                    "1": 0.48591745780009843,
                    "3": 0.45599650671079245,
                    "5": 0.43383802169516456,
                    "8": 0.40779566331036915,
                    "10": 0.39296490465383593,
                    "30": 0.20160232645475643,
                    "best": {
                        "s": 1,
                        "ROC AUC": 0.48591745780009843
                    }
                }
            },
            "50": {
                "Member size": 1844.0,
                "Nonmember size": 148.0,
                "ROC AUC Individual": 0.41389514511976744,
                "MIA": {
                    "1": 0.47501468860164514,
                    "3": 0.4646713943121129,
                    "5": 0.45135650075769834,
                    "8": 0.4084783312724489,
                    "10": 0.38400778095434585,
                    "30": 0.1915667713540054,
                    "50": 0.10962036587340132,
                    "best": {
                        "s": 1,
                        "ROC AUC": 0.47501468860164514
                    }
                }
            },
            "80": {
                "Member size": 1844.0,
                "Nonmember size": 148.0,
                "ROC AUC Individual": 0.41389514511976744,
                "MIA": {
                    "1": 0.4725931677018633,
                    "3": 0.46899913392995934,
                    "5": 0.4636028513690569,
                    "8": 0.4485835683566136,
                    "10": 0.4360777517321572,
                    "30": 0.3662199932084737,
                    "50": 0.3081920198557732,
                    "80": 0.15343267524668217,
                    "best": {
                        "s": 1,
                        "ROC AUC": 0.4725931677018633
                    }
                }
            },
            "100": {
                "Member size": 922.0,
                "Nonmember size": 74.0,
                "ROC AUC Individual": 0.41389514511976744,
                "MIA": {
                    "1": 0.45475910693301996,
                    "3": 0.47506102402729167,
                    "5": 0.478560715231009,
                    "8": 0.4716054465782431,
                    "10": 0.46044466664706063,
                    "30": 0.2907760701878349,
                    "50": 0.15741785803862554,
                    "80": 0.07063220575193208,
                    "100": 0.05040727811276843,
                    "best": {
                        "s": 5,
                        "ROC AUC": 0.478560715231009
                    }
                }
            }
        },
        "min": {
            "1": {
                "Member size": 92200.0,
                "Nonmember size": 7400.0,
                "ROC AUC Individual": 0.41389514511976744,
                "MIA": {
                    "1": 0.41389514511976744,
                    "best": {
                        "s": 1,
                        "ROC AUC": 0.41389514511976744
                    }
                }
            },
            "3": {
                "Member size": 31348.0,
                "Nonmember size": 2516.0,
                "ROC AUC Individual": 0.41389514511976744,
                "MIA": {
                    "1": 0.35576401880837294,
                    "3": 0.37109637449816574,
                    "best": {
                        "s": 3,
                        "ROC AUC": 0.37109637449816574
                    }
                }
            },
            "5": {
                "Member size": 18440.0,
                "Nonmember size": 1480.0,
                "ROC AUC Individual": 0.41389514511976744,
                "MIA": {
                    "1": 0.33046803556782756,
                    "3": 0.29973929520947207,
                    "5": 0.3360126535896622,
                    "best": {
                        "s": 5,
                        "ROC AUC": 0.3360126535896622
                    }
                }
            },
            "8": {
                "Member size": 11986.0,
                "Nonmember size": 962.0,
                "ROC AUC Individual": 0.41389514511976744,
                "MIA": {
                    "1": 0.31448051306833424,
                    "3": 0.27634067833270837,
                    "5": 0.27299612304755455,
                    "8": 0.3030050649636644,
                    "best": {
                        "s": 1,
                        "ROC AUC": 0.31448051306833424
                    }
                }
            },
            "10": {
                "Member size": 9220.0,
                "Nonmember size": 740.0,
                "ROC AUC Individual": 0.41389514511976744,
                "MIA": {
                    "1": 0.30853389778448786,
                    "3": 0.24757845491380825,
                    "5": 0.2280688838718697,
                    "8": 0.24481707725787927,
                    "10": 0.27962669402429285,
                    "best": {
                        "s": 1,
                        "ROC AUC": 0.30853389778448786
                    }
                }
            },
            "30": {
                "Member size": 3688.0,
                "Nonmember size": 296.0,
                "ROC AUC Individual": 0.41389514511976744,