{
    "average": {
        "max": {
            "1": {
                "Member size": 76700.0,
                "Nonmember size": 23000.0,
                "ROC AUC Individual": 0.5251853707715247,
                "MIA": {
                    "1": 0.5251853707715247,
                    "best": {
                        "s": 1,
                        "ROC AUC": 0.5251853707715247
                    }
                }
            },
            "3": {
                "Member size": 26078.0,
                "Nonmember size": 7820.0,
                "ROC AUC Individual": 0.5251853707715247,
                "MIA": {
                    "1": 0.5483821930701092,
                    "3": 0.538939992626664,
                    "best": {
                        "s": 1,
                        "ROC AUC": 0.5483821930701092
                    }
                }
            },
            "5": {
                "Member size": 15340.0,
                "Nonmember size": 4600.0,
                "ROC AUC Individual": 0.5251853707715247,
                "MIA": {
                    "1": 0.5407707625845442,
                    "3": 0.5491911654215279,
                    "5": 0.540869103454005,
                    "best": {
                        "s": 3,
                        "ROC AUC": 0.5491911654215279
                    }
                }
            },
            "8": {
                "Member size": 9971.0,
                "Nonmember size": 2990.0,
                "ROC AUC Individual": 0.5251853707715247,
                "MIA": {
                    "1": 0.5188588507998914,
                    "3": 0.5436399823918143,
                    "5": 0.5469870475152596,
                    "8": 0.5414974228058693,
                    "best": {
                        "s": 5,
                        "ROC AUC": 0.5469870475152596
                    }
                }
            },
            "10": {
                "Member size": 7670.0,
                "Nonmember size": 2300.0,
                "ROC AUC Individual": 0.5251853707715247,
                "MIA": {
                    "1": 0.5018413621827584,
                    "3": 0.5390033915992695,
                    "5": 0.5510766612779716,
                    "8": 0.5507903991982397,
                    "10": 0.5451532233063509,
                    "best": {
                        "s": 5,
                        "ROC AUC": 0.5510766612779716
                    }
                }
            },
            "30": {
                "Member size": 3068.0,
                "Nonmember size": 920.0,
                "ROC AUC Individual": 0.5251853707715247,
                "MIA": {
                    "1": 0.44868835145518204,
                    "3": 0.4828216923491303,
                    "5": 0.5139681178321827,
                    "8": 0.5362689783246624,
                    "10": 0.5420666704469741,
                    "30": 0.5569531957682207,
                    "best": {
                        "s": 30,
                        "ROC AUC": 0.5569531957682207
                    }
                }
            },
            "50": {
                "Member size": 1534.0,
                "Nonmember size": 460.0,
                "ROC AUC Individual": 0.5251853707715247,
                "MIA": {
                    "1": 0.4072884190238648,
                    "3": 0.40812737373164787,
                    "5": 0.4401890482398957,
                    "8": 0.4949081684711751,
                    "10": 0.5235672580919448,
                    "30": 0.5891828694518452,
                    "50": 0.5815633597576861,
                    "best": {
                        "s": 30,
                        "ROC AUC": 0.5891828694518452
                    }
                }
            },
            "80": {
                "Member size": 1534.0,
                "Nonmember size": 460.0,
                "ROC AUC Individual": 0.5251853707715247,
                "MIA": {
                    "1": 0.43302959015928805,
                    "3": 0.44905130604951926,
                    "5": 0.4729303156640858,
                    "8": 0.49451771178989756,
                    "10": 0.5038585892963499,
                    "30": 0.5367151336154261,
                    "50": 0.5524554269627776,
                    "80": 0.5639065671530694,
                    "best": {
                        "s": 80,
                        "ROC AUC": 0.5639065671530694
                    }
                }
            },
            "100": {
                "Member size": 767.0,
                "Nonmember size": 230.0,
                "ROC AUC Individual": 0.5251853707715247,
                "MIA": {
                    "1": 0.3990136613570659,
                    "3": 0.3732328099314098,
                    "5": 0.3729323734482173,
                    "8": 0.3963890935887988,
                    "10": 0.4198061334391474,
                    "30": 0.5809477920752792,
                    "50": 0.605417709993171,
                    "80": 0.6096061916685636,
                    "100": 0.5992480985569276,
                    "best": {
                        "s": 80,
                        "ROC AUC": 0.6096061916685636
                    }
                }
            }
        },
        "min": {
            "1": {
                "Member size": 76700.0,
                "Nonmember size": 23000.0,
                "ROC AUC Individual": 0.5251853707715247,
                "MIA": {
                    "1": 0.5251853707715247,
                    "best": {
                        "s": 1,
                        "ROC AUC": 0.5251853707715247
                    }
                }
            },
            "3": {
                "Member size": 26078.0,
                "Nonmember size": 7820.0,
                "ROC AUC Individual": 0.5251853707715247,
                "MIA": {
                    "1": 0.5042776446499686,
                    "3": 0.538939992626664,
                    "best": {
                        "s": 3,
                        "ROC AUC": 0.538939992626664
                    }
                }
            },
            "5": {
                "Member size": 15340.0,
                "Nonmember size": 4600.0,
                "ROC AUC Individual": 0.5251853707715247,
                "MIA": {
                    "1": 0.4919384790262321,
                    "3": 0.5299522972455735,
                    "5": 0.540869103454005,
                    "best": {
                        "s": 5,
                        "ROC AUC": 0.540869103454005
                    }
                }
            },
            "8": {
                "Member size": 9971.0,
                "Nonmember size": 2990.0,
                "ROC AUC Individual": 0.5251853707715247,
                "MIA": {
                    "1": 0.48168289026557226,
                    "3": 0.5038022923424593,
                    "5": 0.534480447452371,
                    "8": 0.5414974228058693,
                    "best": {
                        "s": 8,
                        "ROC AUC": 0.5414974228058693
                    }
                }
            },
            "10": {
                "Member size": 7670.0,
                "Nonmember size": 2300.0,
                "ROC AUC Individual": 0.5251853707715247,
                "MIA": {
                    "1": 0.4826409626708467,
                    "3": 0.4953509345306807,
                    "5": 0.5182068764590599,
                    "8": 0.571301722586831,
                    "10": 0.5451532233063509,
                    "best": {
                        "s": 8,
                        "ROC AUC": 0.571301722586831
                    }
                }
            },
            "30": {
                "Member size": 3068.0,
                "Nonmember size": 920.0,
                "ROC AUC Individual": 0.5251853707715247,
                "MIA": {
                    "1": 0.47012554988690525,