{
    "average": {
        "max": {
            "1": {
                "Member size": 767.0,
                "Nonmember size": 230.0,
                "ROC AUC Individual": 0.4996315401621223,
                "MIA": {
                    "1": 0.4996315401621223,
                    "best": {
                        "s": 1,
                        "ROC AUC": 0.4996315401621223
                    }
                }
            },
            "3": {
                "Member size": 767.0,
                "Nonmember size": 230.0,
                "ROC AUC Individual": 0.5298598634567013,
                "MIA": {
                    "1": 0.5142792358709825,
                    "3": 0.5475021312872975,
                    "best": {
                        "s": 3,
                        "ROC AUC": 0.5475021312872975
                    }
                }
            },
            "5": {
                "Member size": 767.0,
                "Nonmember size": 230.0,
                "ROC AUC Individual": 0.5279099346464555,
                "MIA": {
                    "1": 0.541970409840712,
                    "3": 0.544438761011651,
                    "5": 0.5594070111541087,
                    "best": {
                        "s": 5,
                        "ROC AUC": 0.5594070111541087
                    }
                }
            },
            "8": {
                "Member size": 767.0,
                "Nonmember size": 230.0,
                "ROC AUC Individual": 0.5292465386823952,
                "MIA": {
                    "1": 0.5326625474746329,
                    "3": 0.537824951753888,
                    "5": 0.5466041489059392,
                    "8": 0.563339403596631,
                    "best": {
                        "s": 8,
                        "ROC AUC": 0.563339403596631
                    }
                }
            },
            "10": {
                "Member size": 767.0,
                "Nonmember size": 230.0,
                "ROC AUC Individual": 0.5270299022915828,
                "MIA": {
                    "1": 0.5369990363358086,
                    "3": 0.5383641730048814,
                    "5": 0.5476783177038932,
                    "8": 0.5541941725472341,
                    "10": 0.5675904848622809,
                    "best": {
                        "s": 10,
                        "ROC AUC": 0.5675904848622809
                    }
                }
            },
            "30": {
                "Member size": 767.0,
                "Nonmember size": 230.0,
                "ROC AUC Individual": 0.5242515779236022,
                "MIA": {
                    "1": 0.47762598492148967,
                    "3": 0.48279032807356115,
                    "5": 0.4986473429951691,
                    "8": 0.5149417448138676,
                    "10": 0.5229838022165387,
                    "30": 0.5766481425309197,
                    "best": {
                        "s": 30,
                        "ROC AUC": 0.5766481425309197
                    }
                }
            },
            "50": {
                "Member size": 767.0,
                "Nonmember size": 230.0,
                "ROC AUC Individual": 0.5231427251309625,
                "MIA": {
                    "1": 0.46594297375432236,
                    "3": 0.45596054645428263,
                    "5": 0.4604489911906792,
                    "8": 0.4762659846547314,
                    "10": 0.4836771810173345,
                    "30": 0.5230804205740267,
                    "50": 0.5671512296023903,
                    "best": {
                        "s": 50,
                        "ROC AUC": 0.5671512296023903
                    }
                }
            },
            "80": {
                "Member size": 767.0,
                "Nonmember size": 230.0,
                "ROC AUC Individual": 0.5240153687350482,
                "MIA": {
                    "1": 0.4334278102148404,
                    "3": 0.4186270619579389,
                    "5": 0.4212232866617539,
                    "8": 0.4363188027889576,
                    "10": 0.4475369876991101,
                    "30": 0.5039840863881785,
                    "50": 0.5234736962227547,
                    "80": 0.5725888793386904,
                    "best": {
                        "s": 80,
                        "ROC AUC": 0.5725888793386904
                    }
                }
            },
            "100": {
                "Member size": 767.0,
                "Nonmember size": 230.0,
                "ROC AUC Individual": 0.5247716673920134,
                "MIA": {
                    "1": 0.4543818377642991,
                    "3": 0.4302307125446403,
                    "5": 0.42642140468227424,
                    "8": 0.43724845530298734,
                    "10": 0.44720820815146534,
                    "30": 0.5049721875354751,
                    "50": 0.526896119437005,
                    "80": 0.5463806204650632,
                    "100": 0.5809362075737621,
                    "best": {
                        "s": 100,
                        "ROC AUC": 0.5809362075737621
                    }
                }
            }
        },
        "min": {
            "1": {
                "Member size": 767.0,
                "Nonmember size": 230.0,
                "ROC AUC Individual": 0.4996315401621223,
                "MIA": {
                    "1": 0.4996315401621223,
                    "best": {
                        "s": 1,
                        "ROC AUC": 0.4996315401621223
                    }
                }
            },
            "3": {
                "Member size": 767.0,
                "Nonmember size": 230.0,
                "ROC AUC Individual": 0.5298598634567013,
                "MIA": {
                    "1": 0.5692251006178788,
                    "3": 0.5475021312872975,
                    "best": {
                        "s": 1,
                        "ROC AUC": 0.5692251006178788
                    }
                }
            },
            "5": {
                "Member size": 767.0,
                "Nonmember size": 230.0,
                "ROC AUC Individual": 0.5279099346464555,
                "MIA": {
                    "1": 0.5538767169939833,
                    "3": 0.5563057686842854,
                    "5": 0.5594070111541087,
                    "best": {
                        "s": 5,
                        "ROC AUC": 0.5594070111541087
                    }
                }
            },
            "8": {
                "Member size": 767.0,
                "Nonmember size": 230.0,
                "ROC AUC Individual": 0.5292465386823952,
                "MIA": {
                    "1": 0.578544670223635,
                    "3": 0.5776064193034373,
                    "5": 0.5771170043250625,
                    "8": 0.563339403596631,
                    "best": {
                        "s": 1,
                        "ROC AUC": 0.578544670223635
                    }
                }
            },
            "10": {
                "Member size": 767.0,
                "Nonmember size": 230.0,
                "ROC AUC Individual": 0.5270299022915828,
                "MIA": {
                    "1": 0.5935152031827223,
                    "3": 0.5888629638060552,
                    "5": 0.5771511495561119,
                    "8": 0.5766446619622126,
                    "10": 0.5675904848622809,
                    "best": {
                        "s": 1,
                        "ROC AUC": 0.5935152031827223
                    }
                }
            },
            "30": {
                "Member size": 767.0,
                "Nonmember size": 230.0,
                "ROC AUC Individual": 0.5242515779236022,
                "MIA": {
                    "1": 0.6029454576590461,
                    "3": 0.6223793410914744,