{"1": {"ROC AUC": 0.6478128505047268, "Group size": 79}, "3": {"ROC AUC": 0.7381656804733729, "Group size": 78}, "5": {"ROC AUC": 0.7991452991452992, "Group size": 78}, "10": {"ROC AUC": 0.863905325443787, "Group size": 78}, "30": {"ROC AUC": 0.9432938856015778, "Group size": 78}, "50": {"ROC AUC": 0.859375, "Group size": 16}, "best": {"top k": 30, "ROC AUC": 0.9432938856015778}}