{
    "average": {
        "max": {
            "1": {
                "Member size": 76700.0,
                "Nonmember size": 23000.0,
                "ROC AUC Individual": 0.5898694957679215,
                "MIA": {
                    "1": 0.5898694957679215,
                    "best": {
                        "s": 1,
                        "ROC AUC": 0.5898694957679215
                    }
                }
            },
            "3": {
                "Member size": 26078.0,
                "Nonmember size": 7820.0,
                "ROC AUC Individual": 0.5898694957679215,
                "MIA": {
                    "1": 0.6317403693804056,
                    "3": 0.6298116971321744,
                    "best": {
                        "s": 1,
                        "ROC AUC": 0.6317403693804056
                    }
                }
            },
            "5": {
                "Member size": 15340.0,
                "Nonmember size": 4600.0,
                "ROC AUC Individual": 0.5898694957679215,
                "MIA": {
                    "1": 0.6491848605622863,
                    "3": 0.6818569856736125,
                    "5": 0.6597751093076007,
                    "best": {
                        "s": 3,
                        "ROC AUC": 0.6818569856736125
                    }
                }
            },
            "8": {
                "Member size": 9971.0,
                "Nonmember size": 2990.0,
                "ROC AUC Individual": 0.5898694957679215,
                "MIA": {
                    "1": 0.6462359571855371,
                    "3": 0.6870029700768033,
                    "5": 0.7055719714588128,
                    "8": 0.6873900923197642,
                    "best": {
                        "s": 5,
                        "ROC AUC": 0.7055719714588128
                    }
                }
            },
            "10": {
                "Member size": 7670.0,
                "Nonmember size": 2300.0,
                "ROC AUC Individual": 0.5898694957679215,
                "MIA": {
                    "1": 0.6525921411441887,
                    "3": 0.6982292505586498,
                    "5": 0.7247320334483073,
                    "8": 0.7372400865083308,
                    "10": 0.7111005704723199,
                    "best": {
                        "s": 8,
                        "ROC AUC": 0.7372400865083308
                    }
                }
            },
            "30": {
                "Member size": 3068.0,
                "Nonmember size": 920.0,
                "ROC AUC Individual": 0.5898694957679215,
                "MIA": {
                    "1": 0.6172289873974002,
                    "3": 0.6626478345954224,
                    "5": 0.6806181289453153,
                    "8": 0.6869217561584743,
                    "10": 0.67935527585424,
                    "30": 0.7729569090437295,
                    "best": {
                        "s": 30,
                        "ROC AUC": 0.7729569090437295
                    }
                }
            },
            "50": {
                "Member size": 1534.0,
                "Nonmember size": 460.0,
                "ROC AUC Individual": 0.5898694957679215,
                "MIA": {
                    "1": 0.6094042287852162,
                    "3": 0.6745153335978686,
                    "5": 0.7148260018718626,
                    "8": 0.7561246773873336,
                    "10": 0.7772604722442956,
                    "30": 0.883239144634084,
                    "50": 0.8386268930859715,
                    "best": {
                        "s": 30,
                        "ROC AUC": 0.883239144634084
                    }
                }
            },
            "80": {
                "Member size": 1534.0,
                "Nonmember size": 460.0,
                "ROC AUC Individual": 0.5898694957679215,
                "MIA": {
                    "1": 0.6087976872059407,
                    "3": 0.6456847896990838,
                    "5": 0.6624623964127597,
                    "8": 0.6722698376660234,
                    "10": 0.6737924281984334,
                    "30": 0.6689503876409282,
                    "50": 0.7076455454760906,
                    "80": 0.8174669590605631,
                    "best": {
                        "s": 80,
                        "ROC AUC": 0.8174669590605631
                    }
                }
            },
            "100": {
                "Member size": 767.0,
                "Nonmember size": 230.0,
                "ROC AUC Individual": 0.5898694957679215,
                "MIA": {
                    "1": 0.581877444589309,
                    "3": 0.6541125786520038,
                    "5": 0.6977212176180488,
                    "8": 0.7410237514880108,
                    "10": 0.7628819227934924,
                    "30": 0.8695652173913043,
                    "50": 0.9192627489685488,
                    "80": 0.9302286830613653,
                    "100": 0.8845509576950624,
                    "best": {
                        "s": 80,
                        "ROC AUC": 0.9302286830613653
                    }
                }
            }
        },
        "min": {
            "1": {
                "Member size": 76700.0,
                "Nonmember size": 23000.0,
                "ROC AUC Individual": 0.5898694957679215,
                "MIA": {
                    "1": 0.5898694957679215,
                    "best": {
                        "s": 1,
                        "ROC AUC": 0.5898694957679215
                    }
                }
            },
            "3": {
                "Member size": 26078.0,
                "Nonmember size": 7820.0,
                "ROC AUC Individual": 0.5898694957679215,
                "MIA": {
                    "1": 0.5916255417812095,
                    "3": 0.6298116971321744,
                    "best": {
                        "s": 3,
                        "ROC AUC": 0.6298116971321744
                    }
                }
            },
            "5": {
                "Member size": 15340.0,
                "Nonmember size": 4600.0,
                "ROC AUC Individual": 0.5898694957679215,
                "MIA": {
                    "1": 0.5914007669298706,
                    "3": 0.6312567673341596,
                    "5": 0.6597751093076007,
                    "best": {
                        "s": 5,
                        "ROC AUC": 0.6597751093076007
                    }
                }
            },
            "8": {
                "Member size": 9971.0,
                "Nonmember size": 2990.0,
                "ROC AUC Individual": 0.5898694957679215,
                "MIA": {
                    "1": 0.591382170953147,
                    "3": 0.6242960037439931,
                    "5": 0.6509780308986859,
                    "8": 0.6873900923197642,
                    "best": {
                        "s": 8,
                        "ROC AUC": 0.6873900923197642
                    }
                }
            },
            "10": {
                "Member size": 7670.0,
                "Nonmember size": 2300.0,
                "ROC AUC Individual": 0.5898694957679215,
                "MIA": {
                    "1": 0.5934102232360718,
                    "3": 0.6293074409693395,
                    "5": 0.6570555707612686,
                    "8": 0.6927469671384795,
                    "10": 0.7111005704723199,
                    "best": {
                        "s": 10,
                        "ROC AUC": 0.7111005704723199
                    }
                }
            },
            "30": {
                "Member size": 3068.0,
                "Nonmember size": 920.0,
                "ROC AUC Individual": 0.5898694957679215,
                "MIA": {
                    "1": 0.6075722980554806,