{
    "average": {
        "max": {
            "1": {
                "Member size": 700.0,
                "Nonmember size": 600.0,
                "ROC AUC Individual": 0.37650952380952385,
                "MIA": {
                    "1": 0.37650952380952385,
                    "best": {
                        "s": 1,
                        "ROC AUC": 0.37650952380952385
                    }
                }
            },
            "3": {
                "Member size": 238.0,
                "Nonmember size": 204.0,
                "ROC AUC Individual": 0.37650952380952385,
                "MIA": {
                    "1": 0.2676511781183062,
                    "3": 0.3261245674740485,
                    "best": {
                        "s": 3,
                        "ROC AUC": 0.3261245674740485
                    }
                }
            },
            "5": {
                "Member size": 140.0,
                "Nonmember size": 120.0,
                "ROC AUC Individual": 0.37650952380952385,
                "MIA": {
                    "1": 0.22107142857142856,
                    "3": 0.25577380952380957,
                    "5": 0.31172619047619043,
                    "best": {
                        "s": 5,
                        "ROC AUC": 0.31172619047619043
                    }
                }
            },
            "8": {
                "Member size": 91.0,
                "Nonmember size": 78.0,
                "ROC AUC Individual": 0.37650952380952385,
                "MIA": {
                    "1": 0.18991265145111297,
                    "3": 0.19470273316427164,
                    "5": 0.2271062271062271,
                    "8": 0.2912087912087912,
                    "best": {
                        "s": 8,
                        "ROC AUC": 0.2912087912087912
                    }
                }
            },
            "10": {
                "Member size": 70.0,
                "Nonmember size": 60.0,
                "ROC AUC Individual": 0.37650952380952385,
                "MIA": {
                    "1": 0.18285714285714286,
                    "3": 0.15880952380952382,
                    "5": 0.185,
                    "8": 0.25190476190476185,
                    "10": 0.29119047619047617,
                    "best": {
                        "s": 10,
                        "ROC AUC": 0.29119047619047617
                    }
                }
            },
            "30": {
                "Member size": 28.0,
                "Nonmember size": 24.0,
                "ROC AUC Individual": 0.37650952380952385,
                "MIA": {
                    "1": 0.18303571428571427,
                    "3": 0.16666666666666666,
                    "5": 0.17261904761904762,
                    "8": 0.20833333333333331,
                    "10": 0.2276785714285715,
                    "30": 0.2708333333333333,
                    "best": {
                        "s": 30,
                        "ROC AUC": 0.2708333333333333
                    }
                }
            },
            "50": {
                "Member size": 14.0,
                "Nonmember size": 12.0,
                "ROC AUC Individual": 0.37650952380952385,
                "MIA": {
                    "1": 0.20833333333333334,
                    "3": 0.15476190476190477,
                    "5": 0.13690476190476192,
                    "8": 0.125,
                    "10": 0.125,
                    "30": 0.17261904761904762,
                    "50": 0.24999999999999997,
                    "best": {
                        "s": 50,
                        "ROC AUC": 0.24999999999999997
                    }
                }
            },
            "80": {
                "Member size": 14.0,
                "Nonmember size": 12.0,
                "ROC AUC Individual": 0.37650952380952385,
                "MIA": {
                    "1": 0.20833333333333334,
                    "3": 0.14285714285714285,
                    "5": 0.14880952380952378,
                    "8": 0.16071428571428573,
                    "10": 0.18452380952380953,
                    "30": 0.23809523809523808,
                    "50": 0.23809523809523808,
                    "80": 0.27380952380952384,
                    "best": {
                        "s": 80,
                        "ROC AUC": 0.27380952380952384
                    }
                }
            },
            "100": {
                "Member size": 7.0,
                "Nonmember size": 6.0,
                "ROC AUC Individual": 0.37650952380952385,
                "MIA": {
                    "1": 0.19047619047619047,
                    "3": 0.16666666666666669,
                    "5": 0.14285714285714285,
                    "8": 0.11904761904761904,
                    "10": 0.11904761904761904,
                    "30": 0.11904761904761904,
                    "50": 0.16666666666666669,
                    "80": 0.21428571428571425,
                    "100": 0.23809523809523805,
                    "best": {
                        "s": 100,
                        "ROC AUC": 0.23809523809523805
                    }
                }
            }
        },
        "min": {
            "1": {
                "Member size": 700.0,
                "Nonmember size": 600.0,
                "ROC AUC Individual": 0.37650952380952385,
                "MIA": {
                    "1": 0.37650952380952385,
                    "best": {
                        "s": 1,
                        "ROC AUC": 0.37650952380952385
                    }
                }
            },
            "3": {
                "Member size": 238.0,
                "Nonmember size": 204.0,
                "ROC AUC Individual": 0.37650952380952385,
                "MIA": {
                    "1": 0.4479733069698467,
                    "3": 0.3261245674740485,
                    "best": {
                        "s": 1,
                        "ROC AUC": 0.4479733069698467
                    }
                }
            },
            "5": {
                "Member size": 140.0,
                "Nonmember size": 120.0,
                "ROC AUC Individual": 0.37650952380952385,
                "MIA": {
                    "1": 0.46684523809523815,
                    "3": 0.41178571428571425,
                    "5": 0.31172619047619043,
                    "best": {
                        "s": 1,
                        "ROC AUC": 0.46684523809523815
                    }
                }
            },
            "8": {
                "Member size": 91.0,
                "Nonmember size": 78.0,
                "ROC AUC Individual": 0.37650952380952385,
                "MIA": {
                    "1": 0.5039447731755424,
                    "3": 0.45224006762468305,
                    "5": 0.3956043956043956,
                    "8": 0.2912087912087912,
                    "best": {
                        "s": 1,
                        "ROC AUC": 0.5039447731755424
                    }
                }
            },
            "10": {
                "Member size": 70.0,
                "Nonmember size": 60.0,
                "ROC AUC Individual": 0.37650952380952385,
                "MIA": {
                    "1": 0.48880952380952375,
                    "3": 0.47452380952380957,
                    "5": 0.44619047619047625,
                    "8": 0.36500000000000005,
                    "10": 0.29119047619047617,
                    "best": {
                        "s": 1,
                        "ROC AUC": 0.48880952380952375
                    }
                }
            },
            "30": {
                "Member size": 28.0,
                "Nonmember size": 24.0,
                "ROC AUC Individual": 0.37650952380952385,
                "MIA": {
                    "1": 0.4836309523809524,