{
    "average": {
        "max": {
            "1": {
                "Member size": 76700.0,
                "Nonmember size": 23000.0,
                "ROC AUC Individual": 0.39414764363838983,
                "MIA": {
                    "1": 0.39414764363838983,
                    "best": {
                        "s": 1,
                        "ROC AUC": 0.39414764363838983
                    }
                }
            },
            "3": {
                "Member size": 26078.0,
                "Nonmember size": 7820.0,
                "ROC AUC Individual": 0.39414764363838983,
                "MIA": {
                    "1": 0.3846807733492693,
                    "3": 0.3406675576483913,
                    "best": {
                        "s": 1,
                        "ROC AUC": 0.3846807733492693
                    }
                }
            },
            "5": {
                "Member size": 15340.0,
                "Nonmember size": 4600.0,
                "ROC AUC Individual": 0.39414764363838983,
                "MIA": {
                    "1": 0.37856829726680535,
                    "3": 0.3356801791198849,
                    "5": 0.3034737503668718,
                    "best": {
                        "s": 1,
                        "ROC AUC": 0.37856829726680535
                    }
                }
            },
            "8": {
                "Member size": 9971.0,
                "Nonmember size": 2990.0,
                "ROC AUC Individual": 0.39414764363838983,
                "MIA": {
                    "1": 0.3797118835257699,
                    "3": 0.33929069678489554,
                    "5": 0.3097318307605734,
                    "8": 0.2703966585646702,
                    "best": {
                        "s": 1,
                        "ROC AUC": 0.3797118835257699
                    }
                }
            },
            "10": {
                "Member size": 7670.0,
                "Nonmember size": 2300.0,
                "ROC AUC Individual": 0.39414764363838983,
                "MIA": {
                    "1": 0.3781265626151587,
                    "3": 0.33093590289004227,
                    "5": 0.30023869360987565,
                    "8": 0.2624342666649785,
                    "10": 0.24385722409437827,
                    "best": {
                        "s": 1,
                        "ROC AUC": 0.3781265626151587
                    }
                }
            },
            "30": {
                "Member size": 3068.0,
                "Nonmember size": 920.0,
                "ROC AUC Individual": 0.39414764363838983,
                "MIA": {
                    "1": 0.3852869253342028,
                    "3": 0.35118820483722246,
                    "5": 0.33756472090219164,
                    "8": 0.3302201583607674,
                    "10": 0.32934640708366447,
                    "30": 0.17151666397924387,
                    "best": {
                        "s": 1,
                        "ROC AUC": 0.3852869253342028
                    }
                }
            },
            "50": {
                "Member size": 1534.0,
                "Nonmember size": 460.0,
                "ROC AUC Individual": 0.39414764363838983,
                "MIA": {
                    "1": 0.3861529958619126,
                    "3": 0.33038940412376977,
                    "5": 0.3007473269236223,
                    "8": 0.2744604214526788,
                    "10": 0.2616707790918631,
                    "30": 0.17245288909070267,
                    "50": 0.11521091985345973,
                    "best": {
                        "s": 1,
                        "ROC AUC": 0.3861529958619126
                    }
                }
            },
            "80": {
                "Member size": 1534.0,
                "Nonmember size": 460.0,
                "ROC AUC Individual": 0.39414764363838983,
                "MIA": {
                    "1": 0.39753415339266485,
                    "3": 0.3700116206564254,
                    "5": 0.35995774128591285,
                    "8": 0.35448679769704183,
                    "10": 0.3518959698233075,
                    "30": 0.32361608411480536,
                    "50": 0.2619957682556396,
                    "80": 0.1382662644104844,
                    "best": {
                        "s": 1,
                        "ROC AUC": 0.39753415339266485
                    }
                }
            },
            "100": {
                "Member size": 767.0,
                "Nonmember size": 230.0,
                "ROC AUC Individual": 0.39414764363838983,
                "MIA": {
                    "1": 0.4004478204183436,
                    "3": 0.3411654668102715,
                    "5": 0.30626064252469065,
                    "8": 0.27988420933136565,
                    "10": 0.2672664320581224,
                    "30": 0.19573731411056872,
                    "50": 0.14666743277407496,
                    "80": 0.09762698230291887,
                    "100": 0.0742589126868603,
                    "best": {
                        "s": 1,
                        "ROC AUC": 0.4004478204183436
                    }
                }
            }
        },
        "min": {
            "1": {
                "Member size": 76700.0,
                "Nonmember size": 23000.0,
                "ROC AUC Individual": 0.39414764363838983,
                "MIA": {
                    "1": 0.39414764363838983,
                    "best": {
                        "s": 1,
                        "ROC AUC": 0.39414764363838983
                    }
                }
            },
            "3": {
                "Member size": 26078.0,
                "Nonmember size": 7820.0,
                "ROC AUC Individual": 0.39414764363838983,
                "MIA": {
                    "1": 0.3474382935432001,
                    "3": 0.3406675576483913,
                    "best": {
                        "s": 1,
                        "ROC AUC": 0.3474382935432001
                    }
                }
            },
            "5": {
                "Member size": 15340.0,
                "Nonmember size": 4600.0,
                "ROC AUC Individual": 0.39414764363838983,
                "MIA": {
                    "1": 0.3305068754341447,
                    "3": 0.29021052116626445,
                    "5": 0.3034737503668718,
                    "best": {
                        "s": 1,
                        "ROC AUC": 0.3305068754341447
                    }
                }
            },
            "8": {
                "Member size": 9971.0,
                "Nonmember size": 2990.0,
                "ROC AUC Individual": 0.39414764363838983,
                "MIA": {
                    "1": 0.3189057827858512,
                    "3": 0.27394147643941447,
                    "5": 0.25996113714388724,
                    "8": 0.2703966585646702,
                    "best": {
                        "s": 1,
                        "ROC AUC": 0.3189057827858512
                    }
                }
            },
            "10": {
                "Member size": 7670.0,
                "Nonmember size": 2300.0,
                "ROC AUC Individual": 0.39414764363838983,
                "MIA": {
                    "1": 0.3154175285887211,
                    "3": 0.25797812014428956,
                    "5": 0.22864512240329232,
                    "8": 0.21888704143748872,
                    "10": 0.24385722409437827,
                    "best": {
                        "s": 1,
                        "ROC AUC": 0.3154175285887211
                    }
                }
            },
            "30": {
                "Member size": 3068.0,
                "Nonmember size": 920.0,
                "ROC AUC Individual": 0.39414764363838983,