{
    "average": {
        "max": {
            "1": {
                "Member size": 76700.0,
                "Nonmember size": 23000.0,
                "ROC AUC Individual": 0.5207692380756941,
                "MIA": {
                    "1": 0.5207692380756941,
                    "best": {
                        "s": 1,
                        "ROC AUC": 0.5207692380756941
                    }
                }
            },
            "3": {
                "Member size": 26078.0,
                "Nonmember size": 7820.0,
                "ROC AUC Individual": 0.5207692380756941,
                "MIA": {
                    "1": 0.5195146982309072,
                    "3": 0.5359157265859604,
                    "best": {
                        "s": 3,
                        "ROC AUC": 0.5359157265859604
                    }
                }
            },
            "5": {
                "Member size": 15340.0,
                "Nonmember size": 4600.0,
                "ROC AUC Individual": 0.5207692380756941,
                "MIA": {
                    "1": 0.5225584084994926,
                    "3": 0.5318018266484786,
                    "5": 0.5436344421395587,
                    "best": {
                        "s": 5,
                        "ROC AUC": 0.5436344421395587
                    }
                }
            },
            "8": {
                "Member size": 9971.0,
                "Nonmember size": 2990.0,
                "ROC AUC Individual": 0.5207692380756941,
                "MIA": {
                    "1": 0.5244157387527509,
                    "3": 0.5314389825851444,
                    "5": 0.5401342658196799,
                    "8": 0.5530244598333112,
                    "best": {
                        "s": 8,
                        "ROC AUC": 0.5530244598333112
                    }
                }
            },
            "10": {
                "Member size": 7670.0,
                "Nonmember size": 2300.0,
                "ROC AUC Individual": 0.5207692380756941,
                "MIA": {
                    "1": 0.524359164791056,
                    "3": 0.5322038872945474,
                    "5": 0.539474930788781,
                    "8": 0.5532151388092982,
                    "10": 0.5575114801243364,
                    "best": {
                        "s": 10,
                        "ROC AUC": 0.5575114801243364
                    }
                }
            },
            "30": {
                "Member size": 3068.0,
                "Nonmember size": 920.0,
                "ROC AUC Individual": 0.5207692380756941,
                "MIA": {
                    "1": 0.5180363193036673,
                    "3": 0.5257827788649707,
                    "5": 0.5324101647806234,
                    "8": 0.5337862910091952,
                    "10": 0.5329191026223181,
                    "30": 0.5714172827272037,
                    "best": {
                        "s": 30,
                        "ROC AUC": 0.5714172827272037
                    }
                }
            },
            "50": {
                "Member size": 1534.0,
                "Nonmember size": 460.0,
                "ROC AUC Individual": 0.5207692380756941,
                "MIA": {
                    "1": 0.5290346352247606,
                    "3": 0.5446842582620033,
                    "5": 0.5503691684144889,
                    "8": 0.5538716626041608,
                    "10": 0.553286411624475,
                    "30": 0.5611377568395959,
                    "50": 0.5797438549360067,
                    "best": {
                        "s": 50,
                        "ROC AUC": 0.5797438549360067
                    }
                }
            },
            "80": {
                "Member size": 1534.0,
                "Nonmember size": 460.0,
                "ROC AUC Individual": 0.5207692380756941,
                "MIA": {
                    "1": 0.5146604500878635,
                    "3": 0.5287370330480131,
                    "5": 0.5275863046312568,
                    "8": 0.5275655579520945,
                    "10": 0.5298529912589397,
                    "30": 0.5329154005622924,
                    "50": 0.5420253728402676,
                    "80": 0.5796165405682226,
                    "best": {
                        "s": 80,
                        "ROC AUC": 0.5796165405682226
                    }
                }
            },
            "100": {
                "Member size": 767.0,
                "Nonmember size": 230.0,
                "ROC AUC Individual": 0.5207692380756941,
                "MIA": {
                    "1": 0.5191485743438581,
                    "3": 0.5420837820985205,
                    "5": 0.5516750751091207,
                    "8": 0.5580465959979592,
                    "10": 0.5623737087070042,
                    "30": 0.5607729468599034,
                    "50": 0.5588140657320156,
                    "80": 0.5778039531142267,
                    "100": 0.5911196598969525,
                    "best": {
                        "s": 100,
                        "ROC AUC": 0.5911196598969525
                    }
                }
            }
        },
        "min": {
            "1": {
                "Member size": 76700.0,
                "Nonmember size": 23000.0,
                "ROC AUC Individual": 0.5207692380756941,
                "MIA": {
                    "1": 0.5207692380756941,
                    "best": {
                        "s": 1,
                        "ROC AUC": 0.5207692380756941
                    }
                }
            },
            "3": {
                "Member size": 26078.0,
                "Nonmember size": 7820.0,
                "ROC AUC Individual": 0.5207692380756941,
                "MIA": {
                    "1": 0.5364182915852148,
                    "3": 0.5359157265859604,
                    "best": {
                        "s": 1,
                        "ROC AUC": 0.5364182915852148
                    }
                }
            },
            "5": {
                "Member size": 15340.0,
                "Nonmember size": 4600.0,
                "ROC AUC Individual": 0.5207692380756941,
                "MIA": {
                    "1": 0.545095475527529,
                    "3": 0.5468130854506215,
                    "5": 0.5436344421395587,
                    "best": {
                        "s": 3,
                        "ROC AUC": 0.5468130854506215
                    }
                }
            },
            "8": {
                "Member size": 9971.0,
                "Nonmember size": 2990.0,
                "ROC AUC Individual": 0.5207692380756941,
                "MIA": {
                    "1": 0.5402808324117689,
                    "3": 0.5504920033921544,
                    "5": 0.5505780494306458,
                    "8": 0.5530244598333112,
                    "best": {
                        "s": 8,
                        "ROC AUC": 0.5530244598333112
                    }
                }
            },
            "10": {
                "Member size": 7670.0,
                "Nonmember size": 2300.0,
                "ROC AUC Individual": 0.5207692380756941,
                "MIA": {
                    "1": 0.5416523601288896,
                    "3": 0.5574964092547403,
                    "5": 0.5608853094261667,
                    "8": 0.5590223807407082,
                    "10": 0.5575114801243364,
                    "best": {
                        "s": 5,
                        "ROC AUC": 0.5608853094261667
                    }
                }
            },
            "30": {
                "Member size": 3068.0,
                "Nonmember size": 920.0,
                "ROC AUC Individual": 0.5207692380756941,
                "MIA": {
                    "1": 0.5290365822479155,