{
    "average": {
        "max": {
            "1": {
                "Member size": 92200.0,
                "Nonmember size": 7400.0,
                "ROC AUC Individual": 0.5585420736354576,
                "MIA": {
                    "1": 0.5585420736354576,
                    "best": {
                        "s": 1,
                        "ROC AUC": 0.5585420736354576
                    }
                }
            },
            "3": {
                "Member size": 31348.0,
                "Nonmember size": 2516.0,
                "ROC AUC Individual": 0.5585420736354576,
                "MIA": {
                    "1": 0.6165987216077662,
                    "3": 0.5839308025421784,
                    "best": {
                        "s": 1,
                        "ROC AUC": 0.6165987216077662
                    }
                }
            },
            "5": {
                "Member size": 18440.0,
                "Nonmember size": 1480.0,
                "ROC AUC Individual": 0.5585420736354576,
                "MIA": {
                    "1": 0.63651851146157,
                    "3": 0.6506584723280764,
                    "5": 0.6067990048074104,
                    "best": {
                        "s": 3,
                        "ROC AUC": 0.6506584723280764
                    }
                }
            },
            "8": {
                "Member size": 11986.0,
                "Nonmember size": 962.0,
                "ROC AUC Individual": 0.5585420736354576,
                "MIA": {
                    "1": 0.6474882511925729,
                    "3": 0.6792326234383633,
                    "5": 0.6742414833938277,
                    "8": 0.6269780093407659,
                    "best": {
                        "s": 3,
                        "ROC AUC": 0.6792326234383633
                    }
                }
            },
            "10": {
                "Member size": 9220.0,
                "Nonmember size": 740.0,
                "ROC AUC Individual": 0.5585420736354576,
                "MIA": {
                    "1": 0.6573919065486311,
                    "3": 0.6986005745441753,
                    "5": 0.7091057923433195,
                    "8": 0.6834046139414902,
                    "10": 0.6466781966348127,
                    "best": {
                        "s": 5,
                        "ROC AUC": 0.7091057923433195
                    }
                }
            },
            "30": {
                "Member size": 3688.0,
                "Nonmember size": 296.0,
                "ROC AUC Individual": 0.5585420736354576,
                "MIA": {
                    "1": 0.639641624406402,
                    "3": 0.6875229011549511,
                    "5": 0.6975774242246585,
                    "8": 0.688508566864044,
                    "10": 0.6799829248988685,
                    "30": 0.7131318886674093,
                    "best": {
                        "s": 30,
                        "ROC AUC": 0.7131318886674093
                    }
                }
            },
            "50": {
                "Member size": 1844.0,
                "Nonmember size": 148.0,
                "ROC AUC Individual": 0.5585420736354576,
                "MIA": {
                    "1": 0.6325408923022806,
                    "3": 0.714592982353286,
                    "5": 0.758881983936214,
                    "8": 0.7997046667057514,
                    "10": 0.8155779152254206,
                    "30": 0.8731642434191242,
                    "50": 0.8045010845986985,
                    "best": {
                        "s": 30,
                        "ROC AUC": 0.8731642434191242
                    }
                }
            },
            "80": {
                "Member size": 1844.0,
                "Nonmember size": 148.0,
                "ROC AUC Individual": 0.5585420736354576,
                "MIA": {
                    "1": 0.6169039837017061,
                    "3": 0.6671527818490943,
                    "5": 0.6789624494342499,
                    "8": 0.6703626077270329,
                    "10": 0.6658886380957965,
                    "30": 0.6490114029430731,
                    "50": 0.6644192999941372,
                    "80": 0.7603036876355749,
                    "best": {
                        "s": 80,
                        "ROC AUC": 0.7603036876355749
                    }
                }
            },
            "100": {
                "Member size": 922.0,
                "Nonmember size": 74.0,
                "ROC AUC Individual": 0.5585420736354576,
                "MIA": {
                    "1": 0.5821656797795626,
                    "3": 0.6756463621973383,
                    "5": 0.7279122940728147,
                    "8": 0.7784487307263879,
                    "10": 0.8065603564518965,
                    "30": 0.9055519727970921,
                    "50": 0.9271999765492174,
                    "80": 0.9139942545582458,
                    "100": 0.8696576185730199,
                    "best": {
                        "s": 50,
                        "ROC AUC": 0.9271999765492174
                    }
                }
            }
        },
        "min": {
            "1": {
                "Member size": 92200.0,
                "Nonmember size": 7400.0,
                "ROC AUC Individual": 0.5585420736354576,
                "MIA": {
                    "1": 0.5585420736354576,
                    "best": {
                        "s": 1,
                        "ROC AUC": 0.5585420736354576
                    }
                }
            },
            "3": {
                "Member size": 31348.0,
                "Nonmember size": 2516.0,
                "ROC AUC Individual": 0.5585420736354576,
                "MIA": {
                    "1": 0.5295091698950375,
                    "3": 0.5839308025421784,
                    "best": {
                        "s": 3,
                        "ROC AUC": 0.5839308025421784
                    }
                }
            },
            "5": {
                "Member size": 18440.0,
                "Nonmember size": 1480.0,
                "ROC AUC Individual": 0.5585420736354576,
                "MIA": {
                    "1": 0.5093386879287096,
                    "3": 0.5645052984112096,
                    "5": 0.6067990048074104,
                    "best": {
                        "s": 5,
                        "ROC AUC": 0.6067990048074104
                    }
                }
            },
            "8": {
                "Member size": 11986.0,
                "Nonmember size": 962.0,
                "ROC AUC Individual": 0.5585420736354576,
                "MIA": {
                    "1": 0.502107188115865,
                    "3": 0.5421807944334225,
                    "5": 0.5800749696544791,
                    "8": 0.6269780093407659,
                    "best": {
                        "s": 8,
                        "ROC AUC": 0.6269780093407659
                    }
                }
            },
            "10": {
                "Member size": 9220.0,
                "Nonmember size": 740.0,
                "ROC AUC Individual": 0.5585420736354576,
                "MIA": {
                    "1": 0.4959067391686698,
                    "3": 0.5295469601922964,
                    "5": 0.5707430966758515,
                    "8": 0.6220463739227298,
                    "10": 0.6466781966348127,
                    "best": {
                        "s": 10,
                        "ROC AUC": 0.6466781966348127
                    }
                }
            },
            "30": {
                "Member size": 3688.0,
                "Nonmember size": 296.0,
                "ROC AUC Individual": 0.5585420736354576,
                "MIA": {
                    "1": 0.47639348947646126,