{
    "average": {
        "max": {
            "1": {
                "Member size": 767.0,
                "Nonmember size": 230.0,
                "ROC AUC Individual": 0.48862876254180604,
                "MIA": {
                    "1": 0.48862876254180604,
                    "best": {
                        "s": 1,
                        "ROC AUC": 0.48862876254180604
                    }
                }
            },
            "3": {
                "Member size": 767.0,
                "Nonmember size": 230.0,
                "ROC AUC Individual": 0.5169197697801817,
                "MIA": {
                    "1": 0.5052037866334108,
                    "3": 0.5225177607274794,
                    "best": {
                        "s": 3,
                        "ROC AUC": 0.5225177607274794
                    }
                }
            },
            "5": {
                "Member size": 767.0,
                "Nonmember size": 230.0,
                "ROC AUC Individual": 0.5162024598348007,
                "MIA": {
                    "1": 0.5360183663057649,
                    "3": 0.5300824097755045,
                    "5": 0.5375312997951287,
                    "best": {
                        "s": 5,
                        "ROC AUC": 0.5375312997951287
                    }
                }
            },
            "8": {
                "Member size": 767.0,
                "Nonmember size": 230.0,
                "ROC AUC Individual": 0.5147316902856252,
                "MIA": {
                    "1": 0.5199931976645316,
                    "3": 0.523816551254399,
                    "5": 0.5278886047172493,
                    "8": 0.5341850671522876,
                    "best": {
                        "s": 8,
                        "ROC AUC": 0.5341850671522876
                    }
                }
            },
            "10": {
                "Member size": 767.0,
                "Nonmember size": 230.0,
                "ROC AUC Individual": 0.5128508401336047,
                "MIA": {
                    "1": 0.5135706592596792,
                    "3": 0.5205358156430923,
                    "5": 0.5246717817561808,
                    "8": 0.5269974960163897,
                    "10": 0.5362963806055088,
                    "best": {
                        "s": 10,
                        "ROC AUC": 0.5362963806055088
                    }
                }
            },
            "30": {
                "Member size": 767.0,
                "Nonmember size": 230.0,
                "ROC AUC Individual": 0.5124420267256484,
                "MIA": {
                    "1": 0.46678759707499573,
                    "3": 0.4728118969236009,
                    "5": 0.48682597343625833,
                    "8": 0.5007217959647627,
                    "10": 0.5055299801079852,
                    "30": 0.5368031271640903,
                    "best": {
                        "s": 30,
                        "ROC AUC": 0.5368031271640903
                    }
                }
            },
            "50": {
                "Member size": 767.0,
                "Nonmember size": 230.0,
                "ROC AUC Individual": 0.5112741972891071,
                "MIA": {
                    "1": 0.45661810554957205,
                    "3": 0.43122838841335526,
                    "5": 0.4386281076172097,
                    "8": 0.4535077761380406,
                    "10": 0.46113066182313533,
                    "30": 0.49231732301388575,
                    "50": 0.5219259940243622,
                    "best": {
                        "s": 50,
                        "ROC AUC": 0.5219259940243622
                    }
                }
            },
            "80": {
                "Member size": 767.0,
                "Nonmember size": 230.0,
                "ROC AUC Individual": 0.5129210753587516,
                "MIA": {
                    "1": 0.462264043988436,
                    "3": 0.4276705641957089,
                    "5": 0.42379952321489384,
                    "8": 0.43629242819843345,
                    "10": 0.4446531955954137,
                    "30": 0.48563623947188705,
                    "50": 0.49626269542394164,
                    "80": 0.5276459017149977,
                    "best": {
                        "s": 80,
                        "ROC AUC": 0.5276459017149977
                    }
                }
            },
            "100": {
                "Member size": 767.0,
                "Nonmember size": 230.0,
                "ROC AUC Individual": 0.5139081615939504,
                "MIA": {
                    "1": 0.48983901139391195,
                    "3": 0.4416359616801769,
                    "5": 0.4269315798424126,
                    "8": 0.43155149934810955,
                    "10": 0.44004875007085764,
                    "30": 0.4867862413440799,
                    "50": 0.5019144150589205,
                    "80": 0.5106473325720581,
                    "100": 0.536447863958781,
                    "best": {
                        "s": 100,
                        "ROC AUC": 0.536447863958781
                    }
                }
            }
        },
        "min": {
            "1": {
                "Member size": 767.0,
                "Nonmember size": 230.0,
                "ROC AUC Individual": 0.48862876254180604,
                "MIA": {
                    "1": 0.48862876254180604,
                    "best": {
                        "s": 1,
                        "ROC AUC": 0.48862876254180604
                    }
                }
            },
            "3": {
                "Member size": 767.0,
                "Nonmember size": 230.0,
                "ROC AUC Individual": 0.5169197697801817,
                "MIA": {
                    "1": 0.5420044215180544,
                    "3": 0.5225177607274794,
                    "best": {
                        "s": 1,
                        "ROC AUC": 0.5420044215180544
                    }
                }
            },
            "5": {
                "Member size": 767.0,
                "Nonmember size": 230.0,
                "ROC AUC Individual": 0.5162024598348007,
                "MIA": {
                    "1": 0.534941329856584,
                    "3": 0.5297527706734868,
                    "5": 0.5375312997951287,
                    "best": {
                        "s": 5,
                        "ROC AUC": 0.5375312997951287
                    }
                }
            },
            "8": {
                "Member size": 767.0,
                "Nonmember size": 230.0,
                "ROC AUC Individual": 0.5147316902856252,
                "MIA": {
                    "1": 0.5532977636508116,
                    "3": 0.5446221261097199,
                    "5": 0.54113362167084,
                    "8": 0.5341850671522876,
                    "best": {
                        "s": 1,
                        "ROC AUC": 0.5532977636508116
                    }
                }
            },
            "10": {
                "Member size": 767.0,
                "Nonmember size": 230.0,
                "ROC AUC Individual": 0.5128508401336047,
                "MIA": {
                    "1": 0.5600068112158021,
                    "3": 0.5538868654677898,
                    "5": 0.5437058957432279,
                    "8": 0.5370987935351695,
                    "10": 0.5362963806055088,
                    "best": {
                        "s": 1,
                        "ROC AUC": 0.5600068112158021
                    }
                }
            },
            "30": {
                "Member size": 767.0,
                "Nonmember size": 230.0,
                "ROC AUC Individual": 0.5124420267256484,
                "MIA": {
                    "1": 0.5838988348962773,