{
    "average": {
        "max": {
            "1": {
                "Member size": 769.0,
                "Nonmember size": 229.0,
                "ROC AUC Individual": 0.5215870437987291,
                "MIA": {
                    "1": 0.5013003901170351,
                    "best": {
                        "s": 1,
                        "ROC AUC": 0.5013003901170351
                    }
                }
            },
            "3": {
                "Member size": 769.0,
                "Nonmember size": 229.0,
                "ROC AUC Individual": 0.5491132298447419,
                "MIA": {
                    "1": 0.5013003901170351,
                    "3": 0.5247074122236671,
                    "best": {
                        "s": 3,
                        "ROC AUC": 0.5247074122236671
                    }
                }
            },
            "5": {
                "Member size": 769.0,
                "Nonmember size": 229.0,
                "ROC AUC Individual": 0.5509647304671751,
                "MIA": {
                    "1": 0.5013003901170351,
                    "3": 0.5247074122236671,
                    "5": 0.5949284785435631,
                    "best": {
                        "s": 5,
                        "ROC AUC": 0.5949284785435631
                    }
                }
            },
            "8": {
                "Member size": 769.0,
                "Nonmember size": 229.0,
                "ROC AUC Individual": 0.549638462089937,
                "MIA": {
                    "1": 0.5013003901170351,
                    "3": 0.5247074122236671,
                    "5": 0.5949284785435631,
                    "8": 0.7249674902470742,
                    "best": {
                        "s": 8,
                        "ROC AUC": 0.7249674902470742
                    }
                }
            },
            "10": {
                "Member size": 769.0,
                "Nonmember size": 229.0,
                "ROC AUC Individual": 0.5484959199550258,
                "MIA": {
                    "1": 0.5013003901170351,
                    "3": 0.5247074122236671,
                    "5": 0.5949284785435631,
                    "8": 0.7249674902470742,
                    "10": 0.8185955786736021,
                    "best": {
                        "s": 10,
                        "ROC AUC": 0.8185955786736021
                    }
                }
            },
            "30": {
                "Member size": 769.0,
                "Nonmember size": 229.0,
                "ROC AUC Individual": 0.5364432294218296,
                "MIA": {
                    "1": 0.5013003901170351,
                    "3": 0.5247074122236671,
                    "5": 0.5949284785435631,
                    "8": 0.7249674902470742,
                    "10": 0.8185955786736021,
                    "30": 0.9940176376056922,
                    "best": {
                        "s": 30,
                        "ROC AUC": 0.9940176376056922
                    }
                }
            }
        },
        "min": {
            "1": {
                "Member size": 769.0,
                "Nonmember size": 229.0,
                "ROC AUC Individual": 0.5215870437987291,
                "MIA": {
                    "1": 0.9933475675890541,
                    "best": {
                        "s": 1,
                        "ROC AUC": 0.9933475675890541
                    }
                }
            },
            "3": {
                "Member size": 769.0,
                "Nonmember size": 229.0,
                "ROC AUC Individual": 0.5491132298447419,
                "MIA": {
                    "1": 0.9933475675890541,
                    "3": 0.9999829643216108,
                    "best": {
                        "s": 3,
                        "ROC AUC": 0.9999829643216108
                    }
                }
            },
            "5": {
                "Member size": 769.0,
                "Nonmember size": 229.0,
                "ROC AUC Individual": 0.5509647304671751,
                "MIA": {
                    "1": 0.9933475675890541,
                    "3": 0.9999829643216108,
                    "5": 1.0,
                    "best": {
                        "s": 5,
                        "ROC AUC": 1.0
                    }
                }
            },
            "8": {
                "Member size": 769.0,
                "Nonmember size": 229.0,
                "ROC AUC Individual": 0.549638462089937,
                "MIA": {
                    "1": 0.9933475675890541,
                    "3": 0.9999829643216108,
                    "5": 1.0,
                    "8": 1.0,
                    "best": {
                        "s": 5,
                        "ROC AUC": 1.0
                    }
                }
            },
            "10": {
                "Member size": 769.0,
                "Nonmember size": 229.0,
                "ROC AUC Individual": 0.5484959199550258,
                "MIA": {
                    "1": 0.9933475675890541,
                    "3": 0.9999829643216108,
                    "5": 1.0,
                    "8": 1.0,
                    "10": 1.0,
                    "best": {
                        "s": 5,
                        "ROC AUC": 1.0
                    }
                }
            },
            "30": {
                "Member size": 769.0,
                "Nonmember size": 229.0,
                "ROC AUC Individual": 0.5364432294218296,
                "MIA": {
                    "1": 0.9933475675890541,
                    "3": 0.9999829643216108,
                    "5": 1.0,
                    "8": 1.0,
                    "10": 1.0,
                    "30": 1.0,
                    "best": {
                        "s": 5,
                        "ROC AUC": 1.0
                    }
                }
            }
        },
        "Total individual ROC AUC": 0.5373035817097931
    },
    "std": {
        "max": {
            "1": {
                "Member size": 0.0,
                "Nonmember size": 0.0,
                "ROC AUC Individual": 0.0,
                "MIA": {
                    "1": 0.0
                }
            },
            "3": {
                "Member size": 0.0,
                "Nonmember size": 0.0,
                "ROC AUC Individual": 0.0,
                "MIA": {
                    "1": 0.0,
                    "3": 0.0
                }
            },
            "5": {
                "Member size": 0.0,
                "Nonmember size": 0.0,
                "ROC AUC Individual": 0.0,
                "MIA": {
                    "1": 0.0,
                    "3": 0.0,
                    "5": 0.0
                }
            },
            "8": {
                "Member size": 0.0,
                "Nonmember size": 0.0,
                "ROC AUC Individual": 0.0,
                "MIA": {
                    "1": 0.0,
                    "3": 0.0,
                    "5": 0.0,
                    "8": 0.0
                }
            },
            "10": {
                "Member size": 0.0,
                "Nonmember size": 0.0,
                "ROC AUC Individual": 0.0,
                "MIA": {
                    "1": 0.0,
                    "3": 0.0,
                    "5": 0.0,
                    "8": 0.0,
                    "10": 0.0
                }
            },
            "30": {
                "Member size": 0.0,
                "Nonmember size": 0.0,
                "ROC AUC Individual": 0.0,
                "MIA": {
                    "1": 0.0,
                    "3": 0.0,
                    "5": 0.0,
                    "8": 0.0,
                    "10": 0.0,
                    "30": 0.0
                }
            }
        },
        "min": {
            "1": {
                "Member size": 0.0,
                "Nonmember size": 0.0,