{
    "average": {
        "max": {
            "1": {
                "Member size": 76700.0,
                "Nonmember size": 23000.0,
                "ROC AUC Individual": 0.5065951291545467,
                "MIA": {
                    "1": 0.5065951291545467,
                    "best": {
                        "s": 1,
                        "ROC AUC": 0.5065951291545467
                    }
                }
            },
            "3": {
                "Member size": 26078.0,
                "Nonmember size": 7820.0,
                "ROC AUC Individual": 0.5065951291545467,
                "MIA": {
                    "1": 0.5201662923997994,
                    "3": 0.5028270018302075,
                    "best": {
                        "s": 1,
                        "ROC AUC": 0.5201662923997994
                    }
                }
            },
            "5": {
                "Member size": 15340.0,
                "Nonmember size": 4600.0,
                "ROC AUC Individual": 0.5065951291545467,
                "MIA": {
                    "1": 0.5193335038863408,
                    "3": 0.5177435088873512,
                    "5": 0.5016956350479433,
                    "best": {
                        "s": 1,
                        "ROC AUC": 0.5193335038863408
                    }
                }
            },
            "8": {
                "Member size": 9971.0,
                "Nonmember size": 2990.0,
                "ROC AUC Individual": 0.5065951291545467,
                "MIA": {
                    "1": 0.5160670627092816,
                    "3": 0.5223013811420627,
                    "5": 0.5168350875615283,
                    "8": 0.49954071891446683,
                    "best": {
                        "s": 3,
                        "ROC AUC": 0.5223013811420627
                    }
                }
            },
            "10": {
                "Member size": 7670.0,
                "Nonmember size": 2300.0,
                "ROC AUC Individual": 0.5065951291545467,
                "MIA": {
                    "1": 0.5131205814487463,
                    "3": 0.5233960407271903,
                    "5": 0.526002768448761,
                    "8": 0.5115624592089806,
                    "10": 0.4997189352296488,
                    "best": {
                        "s": 5,
                        "ROC AUC": 0.526002768448761
                    }
                }
            },
            "30": {
                "Member size": 3068.0,
                "Nonmember size": 920.0,
                "ROC AUC Individual": 0.5065951291545467,
                "MIA": {
                    "1": 0.47966820714194586,
                    "3": 0.49520234986945166,
                    "5": 0.5059885486434329,
                    "8": 0.5119167896469521,
                    "10": 0.5135135231013737,
                    "30": 0.5007558599165725,
                    "best": {
                        "s": 10,
                        "ROC AUC": 0.5135135231013737
                    }
                }
            },
            "50": {
                "Member size": 1534.0,
                "Nonmember size": 460.0,
                "ROC AUC Individual": 0.5065951291545467,
                "MIA": {
                    "1": 0.4332166543846721,
                    "3": 0.4509373493292492,
                    "5": 0.46695028219745316,
                    "8": 0.4839759053241004,
                    "10": 0.4934200817345896,
                    "30": 0.5242181291860597,
                    "50": 0.4859417758494658,
                    "best": {
                        "s": 30,
                        "ROC AUC": 0.5242181291860597
                    }
                }
            },
            "80": {
                "Member size": 1534.0,
                "Nonmember size": 460.0,
                "ROC AUC Individual": 0.5065951291545467,
                "MIA": {
                    "1": 0.4519315798424126,
                    "3": 0.47020293634147725,
                    "5": 0.48406552916501333,
                    "8": 0.4973552851754162,
                    "10": 0.5018917155903457,
                    "30": 0.504008462783631,
                    "50": 0.5082984539164602,
                    "80": 0.4898999652388861,
                    "best": {
                        "s": 50,
                        "ROC AUC": 0.5082984539164602
                    }
                }
            },
            "100": {
                "Member size": 767.0,
                "Nonmember size": 230.0,
                "ROC AUC Individual": 0.5065951291545467,
                "MIA": {
                    "1": 0.3957882206224137,
                    "3": 0.3989286321637096,
                    "5": 0.41563174026563743,
                    "8": 0.43592348734249065,
                    "10": 0.446293563401067,
                    "30": 0.5102849358610512,
                    "50": 0.5260660243646318,
                    "80": 0.49641072135606457,
                    "100": 0.47974861948661074,
                    "best": {
                        "s": 50,
                        "ROC AUC": 0.5260660243646318
                    }
                }
            }
        },
        "min": {
            "1": {
                "Member size": 76700.0,
                "Nonmember size": 23000.0,
                "ROC AUC Individual": 0.5065951291545467,
                "MIA": {
                    "1": 0.5065951291545467,
                    "best": {
                        "s": 1,
                        "ROC AUC": 0.5065951291545467
                    }
                }
            },
            "3": {
                "Member size": 26078.0,
                "Nonmember size": 7820.0,
                "ROC AUC Individual": 0.5065951291545467,
                "MIA": {
                    "1": 0.49009758732261394,
                    "3": 0.5028270018302075,
                    "best": {
                        "s": 3,
                        "ROC AUC": 0.5028270018302075
                    }
                }
            },
            "5": {
                "Member size": 15340.0,
                "Nonmember size": 4600.0,
                "ROC AUC Individual": 0.5065951291545467,
                "MIA": {
                    "1": 0.48543549141633946,
                    "3": 0.4946983165680222,
                    "5": 0.5016956350479433,
                    "best": {
                        "s": 5,
                        "ROC AUC": 0.5016956350479433
                    }
                }
            },
            "8": {
                "Member size": 9971.0,
                "Nonmember size": 2990.0,
                "ROC AUC Individual": 0.5065951291545467,
                "MIA": {
                    "1": 0.4841867124722286,
                    "3": 0.48645684705560055,
                    "5": 0.4923086491208398,
                    "8": 0.49954071891446683,
                    "best": {
                        "s": 8,
                        "ROC AUC": 0.49954071891446683
                    }
                }
            },
            "10": {
                "Member size": 7670.0,
                "Nonmember size": 2300.0,
                "ROC AUC Individual": 0.5065951291545467,
                "MIA": {
                    "1": 0.4846299837162197,
                    "3": 0.4829427484080375,
                    "5": 0.4858919853719105,
                    "8": 0.4970634723079075,
                    "10": 0.4997189352296488,
                    "best": {
                        "s": 10,
                        "ROC AUC": 0.4997189352296488
                    }
                }
            },
            "30": {
                "Member size": 3068.0,
                "Nonmember size": 920.0,
                "ROC AUC Individual": 0.5065951291545467,
                "MIA": {
                    "1": 0.4929810930915057,