{
    "average": {
        "max": {
            "1": {
                "Member size": 76700.0,
                "Nonmember size": 23000.0,
                "ROC AUC Individual": 0.3831390633947461,
                "MIA": {
                    "1": 0.3831390633947461,
                    "best": {
                        "s": 1,
                        "ROC AUC": 0.3831390633947461
                    }
                }
            },
            "3": {
                "Member size": 26078.0,
                "Nonmember size": 7820.0,
                "ROC AUC Individual": 0.3831390633947461,
                "MIA": {
                    "1": 0.375223093593268,
                    "3": 0.3387879702777587,
                    "best": {
                        "s": 1,
                        "ROC AUC": 0.375223093593268
                    }
                }
            },
            "5": {
                "Member size": 15340.0,
                "Nonmember size": 4600.0,
                "ROC AUC Individual": 0.3831390633947461,
                "MIA": {
                    "1": 0.3789856466179481,
                    "3": 0.32621239857861173,
                    "5": 0.3073015855994131,
                    "best": {
                        "s": 1,
                        "ROC AUC": 0.3789856466179481
                    }
                }
            },
            "8": {
                "Member size": 9971.0,
                "Nonmember size": 2990.0,
                "ROC AUC Individual": 0.3831390633947461,
                "MIA": {
                    "1": 0.3864336341275988,
                    "3": 0.3414129059143104,
                    "5": 0.3071194137979748,
                    "8": 0.2799684015419322,
                    "best": {
                        "s": 1,
                        "ROC AUC": 0.3864336341275988
                    }
                }
            },
            "10": {
                "Member size": 7670.0,
                "Nonmember size": 2300.0,
                "ROC AUC Individual": 0.3831390633947461,
                "MIA": {
                    "1": 0.38702829573608033,
                    "3": 0.33672506310445555,
                    "5": 0.2983621902514296,
                    "8": 0.2562718653722858,
                    "10": 0.2558324063420797,
                    "best": {
                        "s": 1,
                        "ROC AUC": 0.38702829573608033
                    }
                }
            },
            "30": {
                "Member size": 3068.0,
                "Nonmember size": 920.0,
                "ROC AUC Individual": 0.3831390633947461,
                "MIA": {
                    "1": 0.40193982931911937,
                    "3": 0.36551705794737216,
                    "5": 0.3463490318462303,
                    "8": 0.32957089155259234,
                    "10": 0.32874228668699906,
                    "30": 0.1853709515576908,
                    "best": {
                        "s": 1,
                        "ROC AUC": 0.40193982931911937
                    }
                }
            },
            "50": {
                "Member size": 1534.0,
                "Nonmember size": 460.0,
                "ROC AUC Individual": 0.3831390633947461,
                "MIA": {
                    "1": 0.38814551329289726,
                    "3": 0.3470390538585893,
                    "5": 0.3176479764031878,
                    "8": 0.28702742562182704,
                    "10": 0.2699367537366346,
                    "30": 0.15273194558827705,
                    "50": 0.11383764127960953,
                    "best": {
                        "s": 1,
                        "ROC AUC": 0.38814551329289726
                    }
                }
            },
            "80": {
                "Member size": 1534.0,
                "Nonmember size": 460.0,
                "ROC AUC Individual": 0.3831390633947461,
                "MIA": {
                    "1": 0.4162136500198402,
                    "3": 0.39061419420667765,
                    "5": 0.3776780396494512,
                    "8": 0.3671771746220823,
                    "10": 0.36203238889361583,
                    "30": 0.3285320762218499,
                    "50": 0.2606718074208969,
                    "80": 0.14718971414348186,
                    "best": {
                        "s": 1,
                        "ROC AUC": 0.4162136500198402
                    }
                }
            },
            "100": {
                "Member size": 767.0,
                "Nonmember size": 230.0,
                "ROC AUC Individual": 0.3831390633947461,
                "MIA": {
                    "1": 0.3806473555920866,
                    "3": 0.34140354855166943,
                    "5": 0.3153562723201633,
                    "8": 0.2855847174196474,
                    "10": 0.27209341874043425,
                    "30": 0.18114996026790783,
                    "50": 0.12144281725454442,
                    "80": 0.07087356453179454,
                    "100": 0.06955130426746148,
                    "best": {
                        "s": 1,
                        "ROC AUC": 0.3806473555920866
                    }
                }
            }
        },
        "min": {
            "1": {
                "Member size": 76700.0,
                "Nonmember size": 23000.0,
                "ROC AUC Individual": 0.3831390633947461,
                "MIA": {
                    "1": 0.3831390633947461,
                    "best": {
                        "s": 1,
                        "ROC AUC": 0.3831390633947461
                    }
                }
            },
            "3": {
                "Member size": 26078.0,
                "Nonmember size": 7820.0,
                "ROC AUC Individual": 0.3831390633947461,
                "MIA": {
                    "1": 0.3473307858270114,
                    "3": 0.3387879702777587,
                    "best": {
                        "s": 1,
                        "ROC AUC": 0.3473307858270114
                    }
                }
            },
            "5": {
                "Member size": 15340.0,
                "Nonmember size": 4600.0,
                "ROC AUC Individual": 0.3831390633947461,
                "MIA": {
                    "1": 0.3476707689777959,
                    "3": 0.29530926965256526,
                    "5": 0.3073015855994131,
                    "best": {
                        "s": 1,
                        "ROC AUC": 0.3476707689777959
                    }
                }
            },
            "8": {
                "Member size": 9971.0,
                "Nonmember size": 2990.0,
                "ROC AUC Individual": 0.3831390633947461,
                "MIA": {
                    "1": 0.35408829069038195,
                    "3": 0.30324487553184776,
                    "5": 0.27279203957653353,
                    "8": 0.2799684015419322,
                    "best": {
                        "s": 1,
                        "ROC AUC": 0.35408829069038195
                    }
                }
            },
            "10": {
                "Member size": 7670.0,
                "Nonmember size": 2300.0,
                "ROC AUC Individual": 0.3831390633947461,
                "MIA": {
                    "1": 0.36334340168467627,
                    "3": 0.30415370036203515,
                    "5": 0.264011940516126,
                    "8": 0.23375862766334993,
                    "10": 0.2558324063420797,
                    "best": {
                        "s": 1,
                        "ROC AUC": 0.36334340168467627
                    }
                }
            },
            "30": {
                "Member size": 3068.0,
                "Nonmember size": 920.0,
                "ROC AUC Individual": 0.3831390633947461,