{
    "average": {
        "max": {
            "1": {
                "Member size": 700.0,
                "Nonmember size": 600.0,
                "ROC AUC Individual": 0.38057142857142856,
                "MIA": {
                    "1": 0.38057142857142856,
                    "best": {
                        "s": 1,
                        "ROC AUC": 0.38057142857142856
                    }
                }
            },
            "3": {
                "Member size": 238.0,
                "Nonmember size": 204.0,
                "ROC AUC Individual": 0.38057142857142856,
                "MIA": {
                    "1": 0.2731916295930137,
                    "3": 0.33191217663536005,
                    "best": {
                        "s": 3,
                        "ROC AUC": 0.33191217663536005
                    }
                }
            },
            "5": {
                "Member size": 140.0,
                "Nonmember size": 120.0,
                "ROC AUC Individual": 0.38057142857142856,
                "MIA": {
                    "1": 0.22625,
                    "3": 0.2625,
                    "5": 0.32,
                    "best": {
                        "s": 5,
                        "ROC AUC": 0.32
                    }
                }
            },
            "8": {
                "Member size": 91.0,
                "Nonmember size": 78.0,
                "ROC AUC Individual": 0.38057142857142856,
                "MIA": {
                    "1": 0.19202592279515354,
                    "3": 0.1989292758523528,
                    "5": 0.23119188503803892,
                    "8": 0.3005071851225697,
                    "best": {
                        "s": 8,
                        "ROC AUC": 0.3005071851225697
                    }
                }
            },
            "10": {
                "Member size": 70.0,
                "Nonmember size": 60.0,
                "ROC AUC Individual": 0.38057142857142856,
                "MIA": {
                    "1": 0.18476190476190477,
                    "3": 0.1633333333333333,
                    "5": 0.19166666666666668,
                    "8": 0.2614285714285714,
                    "10": 0.2995238095238095,
                    "best": {
                        "s": 10,
                        "ROC AUC": 0.2995238095238095
                    }
                }
            },
            "30": {
                "Member size": 28.0,
                "Nonmember size": 24.0,
                "ROC AUC Individual": 0.38057142857142856,
                "MIA": {
                    "1": 0.17559523809523808,
                    "3": 0.17113095238095236,
                    "5": 0.17559523809523808,
                    "8": 0.21726190476190477,
                    "10": 0.23214285714285718,
                    "30": 0.2767857142857143,
                    "best": {
                        "s": 30,
                        "ROC AUC": 0.2767857142857143
                    }
                }
            },
            "50": {
                "Member size": 14.0,
                "Nonmember size": 12.0,
                "ROC AUC Individual": 0.38057142857142856,
                "MIA": {
                    "1": 0.20238095238095238,
                    "3": 0.15476190476190474,
                    "5": 0.13690476190476192,
                    "8": 0.13095238095238096,
                    "10": 0.13095238095238096,
                    "30": 0.19047619047619047,
                    "50": 0.25595238095238093,
                    "best": {
                        "s": 50,
                        "ROC AUC": 0.25595238095238093
                    }
                }
            },
            "80": {
                "Member size": 14.0,
                "Nonmember size": 12.0,
                "ROC AUC Individual": 0.38057142857142856,
                "MIA": {
                    "1": 0.20238095238095238,
                    "3": 0.14285714285714285,
                    "5": 0.15476190476190477,
                    "8": 0.16666666666666669,
                    "10": 0.18452380952380953,
                    "30": 0.244047619047619,
                    "50": 0.25,
                    "80": 0.27976190476190477,
                    "best": {
                        "s": 80,
                        "ROC AUC": 0.27976190476190477
                    }
                }
            },
            "100": {
                "Member size": 7.0,
                "Nonmember size": 6.0,
                "ROC AUC Individual": 0.38057142857142856,
                "MIA": {
                    "1": 0.19047619047619047,
                    "3": 0.16666666666666669,
                    "5": 0.14285714285714285,
                    "8": 0.11904761904761904,
                    "10": 0.11904761904761904,
                    "30": 0.11904761904761904,
                    "50": 0.19047619047619047,
                    "80": 0.21428571428571425,
                    "100": 0.23809523809523805,
                    "best": {
                        "s": 100,
                        "ROC AUC": 0.23809523809523805
                    }
                }
            }
        },
        "min": {
            "1": {
                "Member size": 700.0,
                "Nonmember size": 600.0,
                "ROC AUC Individual": 0.38057142857142856,
                "MIA": {
                    "1": 0.38057142857142856,
                    "best": {
                        "s": 1,
                        "ROC AUC": 0.38057142857142856
                    }
                }
            },
            "3": {
                "Member size": 238.0,
                "Nonmember size": 204.0,
                "ROC AUC Individual": 0.38057142857142856,
                "MIA": {
                    "1": 0.4525663206459054,
                    "3": 0.33191217663536005,
                    "best": {
                        "s": 1,
                        "ROC AUC": 0.4525663206459054
                    }
                }
            },
            "5": {
                "Member size": 140.0,
                "Nonmember size": 120.0,
                "ROC AUC Individual": 0.38057142857142856,
                "MIA": {
                    "1": 0.4707142857142857,
                    "3": 0.4155952380952381,
                    "5": 0.32,
                    "best": {
                        "s": 1,
                        "ROC AUC": 0.4707142857142857
                    }
                }
            },
            "8": {
                "Member size": 91.0,
                "Nonmember size": 78.0,
                "ROC AUC Individual": 0.38057142857142856,
                "MIA": {
                    "1": 0.5061989292758524,
                    "3": 0.45703014933784164,
                    "5": 0.3992673992673993,
                    "8": 0.3005071851225697,
                    "best": {
                        "s": 1,
                        "ROC AUC": 0.5061989292758524
                    }
                }
            },
            "10": {
                "Member size": 70.0,
                "Nonmember size": 60.0,
                "ROC AUC Individual": 0.38057142857142856,
                "MIA": {
                    "1": 0.48928571428571427,
                    "3": 0.4771428571428571,
                    "5": 0.4504761904761904,
                    "8": 0.3716666666666667,
                    "10": 0.2995238095238095,
                    "best": {
                        "s": 1,
                        "ROC AUC": 0.48928571428571427
                    }
                }
            },
            "30": {
                "Member size": 28.0,
                "Nonmember size": 24.0,
                "ROC AUC Individual": 0.38057142857142856,
                "MIA": {
                    "1": 0.48214285714285715,
                    "3": 0.4866071428571429,
                    "5": 0.48363095238095244,