{
    "average": {
        "max": {
            "1": {
                "Member size": 92200.0,
                "Nonmember size": 7400.0,
                "ROC AUC Individual": 0.5554666383303043,
                "MIA": {
                    "1": 0.5554666383303043,
                    "best": {
                        "s": 1,
                        "ROC AUC": 0.5554666383303043
                    }
                }
            },
            "3": {
                "Member size": 31348.0,
                "Nonmember size": 2516.0,
                "ROC AUC Individual": 0.5554666383303043,
                "MIA": {
                    "1": 0.6170397170245177,
                    "3": 0.5763713230602947,
                    "best": {
                        "s": 1,
                        "ROC AUC": 0.6170397170245177
                    }
                }
            },
            "5": {
                "Member size": 18440.0,
                "Nonmember size": 1480.0,
                "ROC AUC Individual": 0.5554666383303043,
                "MIA": {
                    "1": 0.6400035909010964,
                    "3": 0.6405656035645191,
                    "5": 0.5890060165914287,
                    "best": {
                        "s": 3,
                        "ROC AUC": 0.6405656035645191
                    }
                }
            },
            "8": {
                "Member size": 11986.0,
                "Nonmember size": 962.0,
                "ROC AUC Individual": 0.5554666383303043,
                "MIA": {
                    "1": 0.6550428896082159,
                    "3": 0.6771144644496889,
                    "5": 0.6648041911682826,
                    "8": 0.6094298164213066,
                    "best": {
                        "s": 3,
                        "ROC AUC": 0.6771144644496889
                    }
                }
            },
            "10": {
                "Member size": 9220.0,
                "Nonmember size": 740.0,
                "ROC AUC Individual": 0.5554666383303043,
                "MIA": {
                    "1": 0.6608025297531804,
                    "3": 0.6974029723867033,
                    "5": 0.6966592894412851,
                    "8": 0.6687200269684,
                    "10": 0.622584715952395,
                    "best": {
                        "s": 3,
                        "ROC AUC": 0.6974029723867033
                    }
                }
            },
            "30": {
                "Member size": 3688.0,
                "Nonmember size": 296.0,
                "ROC AUC Individual": 0.5554666383303043,
                "MIA": {
                    "1": 0.6429054970100252,
                    "3": 0.6761932417775693,
                    "5": 0.6808971390045142,
                    "8": 0.6729541024212933,
                    "10": 0.6669823972562584,
                    "30": 0.674325423579762,
                    "best": {
                        "s": 5,
                        "ROC AUC": 0.6808971390045142
                    }
                }
            },
            "50": {
                "Member size": 1844.0,
                "Nonmember size": 148.0,
                "ROC AUC Individual": 0.5554666383303043,
                "MIA": {
                    "1": 0.609835771237615,
                    "3": 0.685206220320103,
                    "5": 0.7200452893240311,
                    "8": 0.7489703640734009,
                    "10": 0.7609998827460867,
                    "30": 0.814577592777159,
                    "50": 0.7275935099958961,
                    "best": {
                        "s": 30,
                        "ROC AUC": 0.814577592777159
                    }
                }
            },
            "80": {
                "Member size": 1844.0,
                "Nonmember size": 148.0,
                "ROC AUC Individual": 0.5554666383303043,
                "MIA": {
                    "1": 0.5753411356041508,
                    "3": 0.6124794805651639,
                    "5": 0.6239044087471419,
                    "8": 0.6291551855543178,
                    "10": 0.6308920091458052,
                    "30": 0.6272461452775986,
                    "50": 0.6404115612358563,
                    "80": 0.711331857888257,
                    "best": {
                        "s": 80,
                        "ROC AUC": 0.711331857888257
                    }
                }
            },
            "100": {
                "Member size": 922.0,
                "Nonmember size": 74.0,
                "ROC AUC Individual": 0.5554666383303043,
                "MIA": {
                    "1": 0.5227839010376971,
                    "3": 0.5882482265345605,
                    "5": 0.627865392507475,
                    "8": 0.6741806882804715,
                    "10": 0.6964882452951866,
                    "30": 0.8104590490707626,
                    "50": 0.8583719294131442,
                    "80": 0.85753649528053,
                    "100": 0.7901301518438177,
                    "best": {
                        "s": 50,
                        "ROC AUC": 0.8583719294131442
                    }
                }
            }
        },
        "min": {
            "1": {
                "Member size": 92200.0,
                "Nonmember size": 7400.0,
                "ROC AUC Individual": 0.5554666383303043,
                "MIA": {
                    "1": 0.5554666383303043,
                    "best": {
                        "s": 1,
                        "ROC AUC": 0.5554666383303043
                    }
                }
            },
            "3": {
                "Member size": 31348.0,
                "Nonmember size": 2516.0,
                "ROC AUC Individual": 0.5554666383303043,
                "MIA": {
                    "1": 0.5273022846458435,
                    "3": 0.5763713230602947,
                    "best": {
                        "s": 3,
                        "ROC AUC": 0.5763713230602947
                    }
                }
            },
            "5": {
                "Member size": 18440.0,
                "Nonmember size": 1480.0,
                "ROC AUC Individual": 0.5554666383303043,
                "MIA": {
                    "1": 0.5113116315882043,
                    "3": 0.5523734756991264,
                    "5": 0.5890060165914287,
                    "best": {
                        "s": 5,
                        "ROC AUC": 0.5890060165914287
                    }
                }
            },
            "8": {
                "Member size": 11986.0,
                "Nonmember size": 962.0,
                "ROC AUC Individual": 0.5554666383303043,
                "MIA": {
                    "1": 0.5075086734939896,
                    "3": 0.5346990060822866,
                    "5": 0.5647241601688456,
                    "8": 0.6094298164213066,
                    "best": {
                        "s": 8,
                        "ROC AUC": 0.6094298164213066
                    }
                }
            },
            "10": {
                "Member size": 9220.0,
                "Nonmember size": 740.0,
                "ROC AUC Individual": 0.5554666383303043,
                "MIA": {
                    "1": 0.4953434073987219,
                    "3": 0.520607228703758,
                    "5": 0.5527532684528347,
                    "8": 0.6012044908248813,
                    "10": 0.622584715952395,
                    "best": {
                        "s": 10,
                        "ROC AUC": 0.622584715952395
                    }
                }
            },
            "30": {
                "Member size": 3688.0,
                "Nonmember size": 296.0,
                "ROC AUC Individual": 0.5554666383303043,
                "MIA": {
                    "1": 0.49528236208008447,