{
    "average": {
        "max": {
            "1": {
                "Member size": 900.0,
                "Nonmember size": 900.0,
                "ROC AUC Individual": 0.6823962962962963,
                "MIA": {
                    "1": 0.6823962962962963,
                    "best": {
                        "s": 1,
                        "ROC AUC": 0.6823962962962963
                    }
                }
            },
            "3": {
                "Member size": 306.0,
                "Nonmember size": 306.0,
                "ROC AUC Individual": 0.6823962962962963,
                "MIA": {
                    "1": 0.6819492502883505,
                    "3": 0.7002434960912469,
                    "best": {
                        "s": 3,
                        "ROC AUC": 0.7002434960912469
                    }
                }
            },
            "5": {
                "Member size": 180.0,
                "Nonmember size": 180.0,
                "ROC AUC Individual": 0.6823962962962963,
                "MIA": {
                    "1": 0.6780246913580247,
                    "3": 0.6968827160493827,
                    "5": 0.7080246913580247,
                    "best": {
                        "s": 5,
                        "ROC AUC": 0.7080246913580247
                    }
                }
            },
            "8": {
                "Member size": 117.0,
                "Nonmember size": 117.0,
                "ROC AUC Individual": 0.6823962962962963,
                "MIA": {
                    "1": 0.6541748849441157,
                    "3": 0.6936226166995398,
                    "5": 0.7069910146833224,
                    "8": 0.7132003798670465,
                    "best": {
                        "s": 8,
                        "ROC AUC": 0.7132003798670465
                    }
                }
            },
            "10": {
                "Member size": 90.0,
                "Nonmember size": 90.0,
                "ROC AUC Individual": 0.6823962962962963,
                "MIA": {
                    "1": 0.6460493827160494,
                    "3": 0.6902469135802469,
                    "5": 0.6982716049382716,
                    "8": 0.7034567901234567,
                    "10": 0.7125925925925927,
                    "best": {
                        "s": 10,
                        "ROC AUC": 0.7125925925925927
                    }
                }
            },
            "30": {
                "Member size": 36.0,
                "Nonmember size": 36.0,
                "ROC AUC Individual": 0.6823962962962963,
                "MIA": {
                    "1": 0.6010802469135803,
                    "3": 0.6489197530864198,
                    "5": 0.6751543209876545,
                    "8": 0.7037037037037037,
                    "10": 0.7098765432098765,
                    "30": 0.7214506172839507,
                    "best": {
                        "s": 30,
                        "ROC AUC": 0.7214506172839507
                    }
                }
            },
            "50": {
                "Member size": 18.0,
                "Nonmember size": 18.0,
                "ROC AUC Individual": 0.6823962962962963,
                "MIA": {
                    "1": 0.5555555555555556,
                    "3": 0.5895061728395061,
                    "5": 0.6296296296296297,
                    "8": 0.6697530864197531,
                    "10": 0.6851851851851851,
                    "30": 0.7098765432098766,
                    "50": 0.7191358024691358,
                    "best": {
                        "s": 50,
                        "ROC AUC": 0.7191358024691358
                    }
                }
            },
            "80": {
                "Member size": 18.0,
                "Nonmember size": 18.0,
                "ROC AUC Individual": 0.6823962962962963,
                "MIA": {
                    "1": 0.5648148148148148,
                    "3": 0.595679012345679,
                    "5": 0.6358024691358025,
                    "8": 0.6481481481481481,
                    "10": 0.6697530864197531,
                    "30": 0.712962962962963,
                    "50": 0.7314814814814815,
                    "80": 0.7438271604938271,
                    "best": {
                        "s": 80,
                        "ROC AUC": 0.7438271604938271
                    }
                }
            },
            "100": {
                "Member size": 9.0,
                "Nonmember size": 9.0,
                "ROC AUC Individual": 0.6823962962962963,
                "MIA": {
                    "1": 0.5061728395061729,
                    "3": 0.5308641975308642,
                    "5": 0.5679012345679013,
                    "8": 0.6172839506172839,
                    "10": 0.6419753086419753,
                    "30": 0.7283950617283951,
                    "50": 0.7160493827160495,
                    "80": 0.691358024691358,
                    "100": 0.7160493827160495,
                    "best": {
                        "s": 30,
                        "ROC AUC": 0.7283950617283951
                    }
                }
            }
        },
        "min": {
            "1": {
                "Member size": 900.0,
                "Nonmember size": 900.0,
                "ROC AUC Individual": 0.6823962962962963,
                "MIA": {
                    "1": 0.6823962962962963,
                    "best": {
                        "s": 1,
                        "ROC AUC": 0.6823962962962963
                    }
                }
            },
            "3": {
                "Member size": 306.0,
                "Nonmember size": 306.0,
                "ROC AUC Individual": 0.6823962962962963,
                "MIA": {
                    "1": 0.6944444444444444,
                    "3": 0.7002434960912469,
                    "best": {
                        "s": 3,
                        "ROC AUC": 0.7002434960912469
                    }
                }
            },
            "5": {
                "Member size": 180.0,
                "Nonmember size": 180.0,
                "ROC AUC Individual": 0.6823962962962963,
                "MIA": {
                    "1": 0.6920679012345679,
                    "3": 0.7155864197530863,
                    "5": 0.7080246913580247,
                    "best": {
                        "s": 3,
                        "ROC AUC": 0.7155864197530863
                    }
                }
            },
            "8": {
                "Member size": 117.0,
                "Nonmember size": 117.0,
                "ROC AUC Individual": 0.6823962962962963,
                "MIA": {
                    "1": 0.7059682957118855,
                    "3": 0.7170721016874863,
                    "5": 0.7202133099568997,
                    "8": 0.7132003798670465,
                    "best": {
                        "s": 5,
                        "ROC AUC": 0.7202133099568997
                    }
                }
            },
            "10": {
                "Member size": 90.0,
                "Nonmember size": 90.0,
                "ROC AUC Individual": 0.6823962962962963,
                "MIA": {
                    "1": 0.6962962962962963,
                    "3": 0.7097530864197531,
                    "5": 0.7238271604938271,
                    "8": 0.7187654320987655,
                    "10": 0.7125925925925927,
                    "best": {
                        "s": 5,
                        "ROC AUC": 0.7238271604938271
                    }
                }
            },
            "30": {
                "Member size": 36.0,
                "Nonmember size": 36.0,
                "ROC AUC Individual": 0.6823962962962963,
                "MIA": {
                    "1": 0.7260802469135803,
                    "3": 0.7145061728395062,