{
    "average": {
        "max": {
            "1": {
                "Member size": 769.0,
                "Nonmember size": 229.0,
                "ROC AUC Individual": 0.4688956905412235,
                "MIA": {
                    "1": 0.4688956905412235,
                    "best": {
                        "s": 1,
                        "ROC AUC": 0.4688956905412235
                    }
                }
            },
            "3": {
                "Member size": 769.0,
                "Nonmember size": 229.0,
                "ROC AUC Individual": 0.4713986733623192,
                "MIA": {
                    "1": 0.4556816826707401,
                    "3": 0.441877104616101,
                    "best": {
                        "s": 1,
                        "ROC AUC": 0.4556816826707401
                    }
                }
            },
            "5": {
                "Member size": 769.0,
                "Nonmember size": 229.0,
                "ROC AUC Individual": 0.4809446851522705,
                "MIA": {
                    "1": 0.4396795021039063,
                    "3": 0.4484244836769808,
                    "5": 0.44647673778115965,
                    "best": {
                        "s": 3,
                        "ROC AUC": 0.4484244836769808
                    }
                }
            },
            "8": {
                "Member size": 769.0,
                "Nonmember size": 229.0,
                "ROC AUC Individual": 0.4722110819927201,
                "MIA": {
                    "1": 0.41501183979648043,
                    "3": 0.4060908228800519,
                    "5": 0.4109914196966513,
                    "8": 0.41368305688213014,
                    "best": {
                        "s": 1,
                        "ROC AUC": 0.41501183979648043
                    }
                }
            },
            "10": {
                "Member size": 769.0,
                "Nonmember size": 229.0,
                "ROC AUC Individual": 0.46706015298039194,
                "MIA": {
                    "1": 0.3783510599031238,
                    "3": 0.3724737508588821,
                    "5": 0.37827156007064133,
                    "8": 0.38964571467510123,
                    "10": 0.3946087756457942,
                    "best": {
                        "s": 10,
                        "ROC AUC": 0.3946087756457942
                    }
                }
            },
            "30": {
                "Member size": 769.0,
                "Nonmember size": 229.0,
                "ROC AUC Individual": 0.4665585201234471,
                "MIA": {
                    "1": 0.3293678059749803,
                    "3": 0.3230134979358436,
                    "5": 0.32592092038091774,
                    "8": 0.3327862987717276,
                    "10": 0.33573914969250596,
                    "30": 0.3649472343522562,
                    "best": {
                        "s": 30,
                        "ROC AUC": 0.3649472343522562
                    }
                }
            }
        },
        "min": {
            "1": {
                "Member size": 769.0,
                "Nonmember size": 229.0,
                "ROC AUC Individual": 0.4688956905412235,
                "MIA": {
                    "1": 0.4688956905412235,
                    "best": {
                        "s": 1,
                        "ROC AUC": 0.4688956905412235
                    }
                }
            },
            "3": {
                "Member size": 769.0,
                "Nonmember size": 229.0,
                "ROC AUC Individual": 0.4713986733623192,
                "MIA": {
                    "1": 0.4599008523517754,
                    "3": 0.441877104616101,
                    "best": {
                        "s": 1,
                        "ROC AUC": 0.4599008523517754
                    }
                }
            },
            "5": {
                "Member size": 769.0,
                "Nonmember size": 229.0,
                "ROC AUC Individual": 0.4809446851522705,
                "MIA": {
                    "1": 0.4744038932203679,
                    "3": 0.46373387998932436,
                    "5": 0.44647673778115965,
                    "best": {
                        "s": 1,
                        "ROC AUC": 0.4744038932203679
                    }
                }
            },
            "8": {
                "Member size": 769.0,
                "Nonmember size": 229.0,
                "ROC AUC Individual": 0.4722110819927201,
                "MIA": {
                    "1": 0.4745572143258699,
                    "3": 0.4621779546964526,
                    "5": 0.44749319992504305,
                    "8": 0.41368305688213014,
                    "best": {
                        "s": 1,
                        "ROC AUC": 0.4745572143258699
                    }
                }
            },
            "10": {
                "Member size": 769.0,
                "Nonmember size": 229.0,
                "ROC AUC Individual": 0.46706015298039194,
                "MIA": {
                    "1": 0.4644436999222038,
                    "3": 0.4555283615652382,
                    "5": 0.44605084582143206,
                    "8": 0.4188278317556402,
                    "10": 0.3946087756457942,
                    "best": {
                        "s": 1,
                        "ROC AUC": 0.4644436999222038
                    }
                }
            },
            "30": {
                "Member size": 769.0,
                "Nonmember size": 229.0,
                "ROC AUC Individual": 0.4665585201234471,
                "MIA": {
                    "1": 0.4975440230322372,
                    "3": 0.49336460326744314,
                    "5": 0.47971902487776896,
                    "8": 0.46335341650530093,
                    "10": 0.4545857206943742,
                    "30": 0.3649472343522562,
                    "best": {
                        "s": 1,
                        "ROC AUC": 0.4975440230322372
                    }
                }
            }
        },
        "Total individual ROC AUC": 0.4671887565133259
    },
    "std": {
        "max": {
            "1": {
                "Member size": 0.0,
                "Nonmember size": 0.0,
                "ROC AUC Individual": 0.0,
                "MIA": {
                    "1": 0.0
                }
            },
            "3": {
                "Member size": 0.0,
                "Nonmember size": 0.0,
                "ROC AUC Individual": 0.0,
                "MIA": {
                    "1": 0.0,
                    "3": 0.0
                }
            },
            "5": {
                "Member size": 0.0,
                "Nonmember size": 0.0,
                "ROC AUC Individual": 0.0,
                "MIA": {
                    "1": 0.0,
                    "3": 0.0,
                    "5": 0.0
                }
            },
            "8": {
                "Member size": 0.0,
                "Nonmember size": 0.0,
                "ROC AUC Individual": 0.0,
                "MIA": {
                    "1": 0.0,
                    "3": 0.0,
                    "5": 0.0,
                    "8": 0.0
                }
            },
            "10": {
                "Member size": 0.0,
                "Nonmember size": 0.0,
                "ROC AUC Individual": 0.0,
                "MIA": {
                    "1": 0.0,
                    "3": 0.0,
                    "5": 0.0,
                    "8": 0.0,
                    "10": 0.0
                }
            },
            "30": {
                "Member size": 0.0,
                "Nonmember size": 0.0,
                "ROC AUC Individual": 0.0,
                "MIA": {
                    "1": 0.0,
                    "3": 0.0,
                    "5": 0.0,