{
    "average": {
        "max": {
            "1": {
                "Member size": 76700.0,
                "Nonmember size": 23000.0,
                "ROC AUC Individual": 0.44571317662423093,
                "MIA": {
                    "1": 0.44571317662423093,
                    "best": {
                        "s": 1,
                        "ROC AUC": 0.44571317662423093
                    }
                }
            },
            "3": {
                "Member size": 26078.0,
                "Nonmember size": 7820.0,
                "ROC AUC Individual": 0.44571317662423093,
                "MIA": {
                    "1": 0.43269919545303376,
                    "3": 0.4152818364480829,
                    "best": {
                        "s": 1,
                        "ROC AUC": 0.43269919545303376
                    }
                }
            },
            "5": {
                "Member size": 15340.0,
                "Nonmember size": 4600.0,
                "ROC AUC Individual": 0.44571317662423093,
                "MIA": {
                    "1": 0.4218798554076749,
                    "3": 0.3948578771800287,
                    "5": 0.39600347850232853,
                    "best": {
                        "s": 1,
                        "ROC AUC": 0.4218798554076749
                    }
                }
            },
            "8": {
                "Member size": 9971.0,
                "Nonmember size": 2990.0,
                "ROC AUC Individual": 0.44571317662423093,
                "MIA": {
                    "1": 0.41389907017628746,
                    "3": 0.39218845476820013,
                    "5": 0.37690394681352485,
                    "8": 0.3756403918817357,
                    "best": {
                        "s": 1,
                        "ROC AUC": 0.41389907017628746
                    }
                }
            },
            "10": {
                "Member size": 7670.0,
                "Nonmember size": 2300.0,
                "ROC AUC Individual": 0.44571317662423093,
                "MIA": {
                    "1": 0.40534443448768703,
                    "3": 0.3815846706806163,
                    "5": 0.36580487721633476,
                    "8": 0.34926515373760336,
                    "10": 0.362422001513992,
                    "best": {
                        "s": 1,
                        "ROC AUC": 0.40534443448768703
                    }
                }
            },
            "30": {
                "Member size": 3068.0,
                "Nonmember size": 920.0,
                "ROC AUC Individual": 0.44571317662423093,
                "MIA": {
                    "1": 0.38971893700899063,
                    "3": 0.3850767931411376,
                    "5": 0.3875938622265752,
                    "8": 0.3885352896893598,
                    "10": 0.39233759674482127,
                    "30": 0.31706901792969594,
                    "best": {
                        "s": 10,
                        "ROC AUC": 0.39233759674482127
                    }
                }
            },
            "50": {
                "Member size": 1534.0,
                "Nonmember size": 460.0,
                "ROC AUC Individual": 0.44571317662423093,
                "MIA": {
                    "1": 0.3679049835395618,
                    "3": 0.3513199772662688,
                    "5": 0.34410384735689703,
                    "8": 0.33445844115221657,
                    "10": 0.3271433446128473,
                    "30": 0.2684170839972684,
                    "50": 0.25985150054774386,
                    "best": {
                        "s": 1,
                        "ROC AUC": 0.3679049835395618
                    }
                }
            },
            "80": {
                "Member size": 1534.0,
                "Nonmember size": 460.0,
                "ROC AUC Individual": 0.44571317662423093,
                "MIA": {
                    "1": 0.39659439209898967,
                    "3": 0.39019251002360167,
                    "5": 0.3924482130662417,
                    "8": 0.4011068745731846,
                    "10": 0.40410438199367893,
                    "30": 0.407368662405778,
                    "50": 0.3813159041394336,
                    "80": 0.2992697324960763,
                    "best": {
                        "s": 30,
                        "ROC AUC": 0.407368662405778
                    }
                }
            },
            "100": {
                "Member size": 767.0,
                "Nonmember size": 230.0,
                "ROC AUC Individual": 0.44571317662423093,
                "MIA": {
                    "1": 0.37934072179596473,
                    "3": 0.34889597086273616,
                    "5": 0.3373207375369906,
                    "8": 0.32796494422945593,
                    "10": 0.3251764170270886,
                    "30": 0.291867744138402,
                    "50": 0.25609476364962386,
                    "80": 0.2040663273139564,
                    "100": 0.20934389212225296,
                    "best": {
                        "s": 1,
                        "ROC AUC": 0.37934072179596473
                    }
                }
            }
        },
        "min": {
            "1": {
                "Member size": 76700.0,
                "Nonmember size": 23000.0,
                "ROC AUC Individual": 0.44571317662423093,
                "MIA": {
                    "1": 0.44571317662423093,
                    "best": {
                        "s": 1,
                        "ROC AUC": 0.44571317662423093
                    }
                }
            },
            "3": {
                "Member size": 26078.0,
                "Nonmember size": 7820.0,
                "ROC AUC Individual": 0.44571317662423093,
                "MIA": {
                    "1": 0.4324288834266311,
                    "3": 0.4152818364480829,
                    "best": {
                        "s": 1,
                        "ROC AUC": 0.4324288834266311
                    }
                }
            },
            "5": {
                "Member size": 15340.0,
                "Nonmember size": 4600.0,
                "ROC AUC Individual": 0.44571317662423093,
                "MIA": {
                    "1": 0.43485685744371,
                    "3": 0.41038895603256254,
                    "5": 0.39600347850232853,
                    "best": {
                        "s": 1,
                        "ROC AUC": 0.43485685744371
                    }
                }
            },
            "8": {
                "Member size": 9971.0,
                "Nonmember size": 2990.0,
                "ROC AUC Individual": 0.44571317662423093,
                "MIA": {
                    "1": 0.4401413783206538,
                    "3": 0.4117607517619759,
                    "5": 0.39426345511411137,
                    "8": 0.3756403918817357,
                    "best": {
                        "s": 1,
                        "ROC AUC": 0.4401413783206538
                    }
                }
            },
            "10": {
                "Member size": 7670.0,
                "Nonmember size": 2300.0,
                "ROC AUC Individual": 0.44571317662423093,
                "MIA": {
                    "1": 0.4469610818724119,
                    "3": 0.4126498353763596,
                    "5": 0.39204958857267025,
                    "8": 0.3714833950368231,
                    "10": 0.362422001513992,
                    "best": {
                        "s": 1,
                        "ROC AUC": 0.4469610818724119
                    }
                }
            },
            "30": {
                "Member size": 3068.0,
                "Nonmember size": 920.0,
                "ROC AUC Individual": 0.44571317662423093,