{
    "average": {
        "max": {
            "1": {
                "Member size": 700.0,
                "Nonmember size": 600.0,
                "ROC AUC Individual": 0.49676190476190474,
                "MIA": {
                    "1": 0.49676190476190474,
                    "best": {
                        "s": 1,
                        "ROC AUC": 0.49676190476190474
                    }
                }
            },
            "3": {
                "Member size": 238.0,
                "Nonmember size": 204.0,
                "ROC AUC Individual": 0.49676190476190474,
                "MIA": {
                    "1": 0.40095155709342556,
                    "3": 0.4864681166584281,
                    "best": {
                        "s": 3,
                        "ROC AUC": 0.4864681166584281
                    }
                }
            },
            "5": {
                "Member size": 140.0,
                "Nonmember size": 120.0,
                "ROC AUC Individual": 0.49676190476190474,
                "MIA": {
                    "1": 0.35214285714285715,
                    "3": 0.41065476190476186,
                    "5": 0.4738095238095238,
                    "best": {
                        "s": 5,
                        "ROC AUC": 0.4738095238095238
                    }
                }
            },
            "8": {
                "Member size": 91.0,
                "Nonmember size": 78.0,
                "ROC AUC Individual": 0.49676190476190474,
                "MIA": {
                    "1": 0.32783882783882784,
                    "3": 0.3774302620456466,
                    "5": 0.4277261200338124,
                    "8": 0.47971259509721054,
                    "best": {
                        "s": 8,
                        "ROC AUC": 0.47971259509721054
                    }
                }
            },
            "10": {
                "Member size": 70.0,
                "Nonmember size": 60.0,
                "ROC AUC Individual": 0.49676190476190474,
                "MIA": {
                    "1": 0.2783333333333334,
                    "3": 0.3416666666666666,
                    "5": 0.39404761904761904,
                    "8": 0.4457142857142858,
                    "10": 0.4714285714285715,
                    "best": {
                        "s": 10,
                        "ROC AUC": 0.4714285714285715
                    }
                }
            },
            "30": {
                "Member size": 28.0,
                "Nonmember size": 24.0,
                "ROC AUC Individual": 0.49676190476190474,
                "MIA": {
                    "1": 0.2782738095238095,
                    "3": 0.2976190476190476,
                    "5": 0.33333333333333337,
                    "8": 0.36755952380952384,
                    "10": 0.38839285714285715,
                    "30": 0.49404761904761907,
                    "best": {
                        "s": 30,
                        "ROC AUC": 0.49404761904761907
                    }
                }
            },
            "50": {
                "Member size": 14.0,
                "Nonmember size": 12.0,
                "ROC AUC Individual": 0.49676190476190474,
                "MIA": {
                    "1": 0.1607142857142857,
                    "3": 0.16666666666666669,
                    "5": 0.20238095238095238,
                    "8": 0.25,
                    "10": 0.2857142857142857,
                    "30": 0.3988095238095238,
                    "50": 0.45833333333333337,
                    "best": {
                        "s": 50,
                        "ROC AUC": 0.45833333333333337
                    }
                }
            },
            "80": {
                "Member size": 14.0,
                "Nonmember size": 12.0,
                "ROC AUC Individual": 0.49676190476190474,
                "MIA": {
                    "1": 0.23809523809523808,
                    "3": 0.2619047619047619,
                    "5": 0.29761904761904756,
                    "8": 0.3273809523809524,
                    "10": 0.3273809523809524,
                    "30": 0.4166666666666667,
                    "50": 0.44642857142857145,
                    "80": 0.4583333333333333,
                    "best": {
                        "s": 80,
                        "ROC AUC": 0.4583333333333333
                    }
                }
            },
            "100": {
                "Member size": 7.0,
                "Nonmember size": 6.0,
                "ROC AUC Individual": 0.49676190476190474,
                "MIA": {
                    "1": 0.11904761904761903,
                    "3": 0.09523809523809525,
                    "5": 0.14285714285714285,
                    "8": 0.1904761904761905,
                    "10": 0.2380952380952381,
                    "30": 0.35714285714285715,
                    "50": 0.380952380952381,
                    "80": 0.4285714285714286,
                    "100": 0.4523809523809524,
                    "best": {
                        "s": 100,
                        "ROC AUC": 0.4523809523809524
                    }
                }
            }
        },
        "min": {
            "1": {
                "Member size": 700.0,
                "Nonmember size": 600.0,
                "ROC AUC Individual": 0.49676190476190474,
                "MIA": {
                    "1": 0.49676190476190474,
                    "best": {
                        "s": 1,
                        "ROC AUC": 0.49676190476190474
                    }
                }
            },
            "3": {
                "Member size": 238.0,
                "Nonmember size": 204.0,
                "ROC AUC Individual": 0.49676190476190474,
                "MIA": {
                    "1": 0.5807587740978744,
                    "3": 0.4864681166584281,
                    "best": {
                        "s": 1,
                        "ROC AUC": 0.5807587740978744
                    }
                }
            },
            "5": {
                "Member size": 140.0,
                "Nonmember size": 120.0,
                "ROC AUC Individual": 0.49676190476190474,
                "MIA": {
                    "1": 0.6170238095238094,
                    "3": 0.5597023809523809,
                    "5": 0.4738095238095238,
                    "best": {
                        "s": 1,
                        "ROC AUC": 0.6170238095238094
                    }
                }
            },
            "8": {
                "Member size": 91.0,
                "Nonmember size": 78.0,
                "ROC AUC Individual": 0.49676190476190474,
                "MIA": {
                    "1": 0.6359537897999437,
                    "3": 0.5970695970695971,
                    "5": 0.5495914342068189,
                    "8": 0.47971259509721054,
                    "best": {
                        "s": 1,
                        "ROC AUC": 0.6359537897999437
                    }
                }
            },
            "10": {
                "Member size": 70.0,
                "Nonmember size": 60.0,
                "ROC AUC Individual": 0.49676190476190474,
                "MIA": {
                    "1": 0.643095238095238,
                    "3": 0.6228571428571428,
                    "5": 0.5902380952380952,
                    "8": 0.5233333333333333,
                    "10": 0.4714285714285715,
                    "best": {
                        "s": 1,
                        "ROC AUC": 0.643095238095238
                    }
                }
            },
            "30": {
                "Member size": 28.0,
                "Nonmember size": 24.0,
                "ROC AUC Individual": 0.49676190476190474,
                "MIA": {
                    "1": 0.6473214285714286,
                    "3": 0.6458333333333333,