{
    "average": {
        "max": {
            "1": {
                "Member size": 786.0,
                "Nonmember size": 10.0,
                "ROC AUC Individual": 0.6038167938931298,
                "MIA": {
                    "1": 0.6038167938931298,
                    "best": {
                        "s": 1,
                        "ROC AUC": 0.6038167938931298
                    }
                }
            },
            "3": {
                "Member size": 786.0,
                "Nonmember size": 10.0,
                "ROC AUC Individual": 0.5863867684478371,
                "MIA": {
                    "1": 0.5753180661577608,
                    "3": 0.6203562340966922,
                    "best": {
                        "s": 3,
                        "ROC AUC": 0.6203562340966922
                    }
                }
            },
            "5": {
                "Member size": 786.0,
                "Nonmember size": 10.0,
                "ROC AUC Individual": 0.5581017811704835,
                "MIA": {
                    "1": 0.5248091603053435,
                    "3": 0.5545801526717558,
                    "5": 0.5913486005089058,
                    "best": {
                        "s": 5,
                        "ROC AUC": 0.5913486005089058
                    }
                }
            },
            "8": {
                "Member size": 786.0,
                "Nonmember size": 10.0,
                "ROC AUC Individual": 0.5617595022264631,
                "MIA": {
                    "1": 0.516793893129771,
                    "3": 0.5396946564885496,
                    "5": 0.5639949109414758,
                    "8": 0.5983460559796437,
                    "best": {
                        "s": 8,
                        "ROC AUC": 0.5983460559796437
                    }
                }
            },
            "10": {
                "Member size": 786.0,
                "Nonmember size": 10.0,
                "ROC AUC Individual": 0.5582315521628498,
                "MIA": {
                    "1": 0.5404580152671756,
                    "3": 0.544910941475827,
                    "5": 0.5623409669211196,
                    "8": 0.5681933842239185,
                    "10": 0.5945292620865139,
                    "best": {
                        "s": 10,
                        "ROC AUC": 0.5945292620865139
                    }
                }
            },
            "30": {
                "Member size": 786.0,
                "Nonmember size": 10.0,
                "ROC AUC Individual": 0.5484431721798134,
                "MIA": {
                    "1": 0.5755725190839694,
                    "3": 0.5712468193384224,
                    "5": 0.5695928753180661,
                    "8": 0.561704834605598,
                    "10": 0.5614503816793893,
                    "30": 0.606234096692112,
                    "best": {
                        "s": 30,
                        "ROC AUC": 0.606234096692112
                    }
                }
            },
            "50": {
                "Member size": 786.0,
                "Nonmember size": 10.0,
                "ROC AUC Individual": 0.5468441475826972,
                "MIA": {
                    "1": 0.5494910941475827,
                    "3": 0.5651399491094148,
                    "5": 0.5647582697201018,
                    "8": 0.5623409669211196,
                    "10": 0.5596692111959287,
                    "30": 0.5604325699745547,
                    "50": 0.5989821882951654,
                    "best": {
                        "s": 50,
                        "ROC AUC": 0.5989821882951654
                    }
                }
            },
            "80": {
                "Member size": 786.0,
                "Nonmember size": 10.0,
                "ROC AUC Individual": 0.5479813732506362,
                "MIA": {
                    "1": 0.539821882951654,
                    "3": 0.546055979643766,
                    "5": 0.5540712468193384,
                    "8": 0.5572519083969465,
                    "10": 0.5585241730279897,
                    "30": 0.5632315521628499,
                    "50": 0.5655216284987277,
                    "80": 0.5941475826972011,
                    "best": {
                        "s": 80,
                        "ROC AUC": 0.5941475826972011
                    }
                }
            },
            "100": {
                "Member size": 786.0,
                "Nonmember size": 10.0,
                "ROC AUC Individual": 0.5493396246819338,
                "MIA": {
                    "1": 0.5629770992366412,
                    "3": 0.549618320610687,
                    "5": 0.5520356234096693,
                    "8": 0.5604325699745547,
                    "10": 0.5631043256997456,
                    "30": 0.5627226463104326,
                    "50": 0.5628498727735369,
                    "80": 0.5717557251908397,
                    "100": 0.5902035623409669,
                    "best": {
                        "s": 100,
                        "ROC AUC": 0.5902035623409669
                    }
                }
            }
        },
        "min": {
            "1": {
                "Member size": 786.0,
                "Nonmember size": 10.0,
                "ROC AUC Individual": 0.6038167938931298,
                "MIA": {
                    "1": 0.6038167938931298,
                    "best": {
                        "s": 1,
                        "ROC AUC": 0.6038167938931298
                    }
                }
            },
            "3": {
                "Member size": 786.0,
                "Nonmember size": 10.0,
                "ROC AUC Individual": 0.5863867684478371,
                "MIA": {
                    "1": 0.6305343511450382,
                    "3": 0.6203562340966922,
                    "best": {
                        "s": 1,
                        "ROC AUC": 0.6305343511450382
                    }
                }
            },
            "5": {
                "Member size": 786.0,
                "Nonmember size": 10.0,
                "ROC AUC Individual": 0.5581017811704835,
                "MIA": {
                    "1": 0.6231552162849873,
                    "3": 0.6091603053435114,
                    "5": 0.5913486005089058,
                    "best": {
                        "s": 1,
                        "ROC AUC": 0.6231552162849873
                    }
                }
            },
            "8": {
                "Member size": 786.0,
                "Nonmember size": 10.0,
                "ROC AUC Individual": 0.5617595022264631,
                "MIA": {
                    "1": 0.6608142493638677,
                    "3": 0.6293893129770991,
                    "5": 0.6192111959287532,
                    "8": 0.5983460559796437,
                    "best": {
                        "s": 1,
                        "ROC AUC": 0.6608142493638677
                    }
                }
            },
            "10": {
                "Member size": 786.0,
                "Nonmember size": 10.0,
                "ROC AUC Individual": 0.5582315521628498,
                "MIA": {
                    "1": 0.6647582697201018,
                    "3": 0.6337150127226462,
                    "5": 0.6169211195928753,
                    "8": 0.6047073791348602,
                    "10": 0.5945292620865139,
                    "best": {
                        "s": 1,
                        "ROC AUC": 0.6647582697201018
                    }
                }
            },
            "30": {
                "Member size": 786.0,
                "Nonmember size": 10.0,
                "ROC AUC Individual": 0.5484431721798134,
                "MIA": {
                    "1": 0.6638676844783715,
                    "3": 0.6575063613231552,