{
    "average": {
        "max": {
            "1": {
                "Member size": 769.0,
                "Nonmember size": 229.0,
                "ROC AUC Individual": 0.4949432427981669,
                "MIA": {
                    "1": 0.4949432427981669,
                    "best": {
                        "s": 1,
                        "ROC AUC": 0.4949432427981669
                    }
                }
            },
            "3": {
                "Member size": 769.0,
                "Nonmember size": 229.0,
                "ROC AUC Individual": 0.5184972764997864,
                "MIA": {
                    "1": 0.48158727094110765,
                    "3": 0.5192304416215694,
                    "best": {
                        "s": 3,
                        "ROC AUC": 0.5192304416215694
                    }
                }
            },
            "5": {
                "Member size": 769.0,
                "Nonmember size": 229.0,
                "ROC AUC Individual": 0.5272837746520463,
                "MIA": {
                    "1": 0.47042890159624307,
                    "3": 0.5048239362638487,
                    "5": 0.5422399645657889,
                    "best": {
                        "s": 5,
                        "ROC AUC": 0.5422399645657889
                    }
                }
            },
            "8": {
                "Member size": 769.0,
                "Nonmember size": 229.0,
                "ROC AUC Individual": 0.5340962004758633,
                "MIA": {
                    "1": 0.47347828802789305,
                    "3": 0.5017631927132725,
                    "5": 0.5261071771313053,
                    "8": 0.5695822283803045,
                    "best": {
                        "s": 8,
                        "ROC AUC": 0.5695822283803045
                    }
                }
            },
            "10": {
                "Member size": 769.0,
                "Nonmember size": 229.0,
                "ROC AUC Individual": 0.5339586808353793,
                "MIA": {
                    "1": 0.484205086853567,
                    "3": 0.5072089312383234,
                    "5": 0.5298323121390566,
                    "8": 0.5598605345795878,
                    "10": 0.582736308224163,
                    "best": {
                        "s": 10,
                        "ROC AUC": 0.582736308224163
                    }
                }
            },
            "30": {
                "Member size": 769.0,
                "Nonmember size": 229.0,
                "ROC AUC Individual": 0.5289914647637552,
                "MIA": {
                    "1": 0.4889182912078864,
                    "3": 0.4958007052770853,
                    "5": 0.5061243263808837,
                    "8": 0.5187136927104332,
                    "10": 0.5264649263774765,
                    "30": 0.608541188661091,
                    "best": {
                        "s": 30,
                        "ROC AUC": 0.608541188661091
                    }
                }
            }
        },
        "min": {
            "1": {
                "Member size": 769.0,
                "Nonmember size": 229.0,
                "ROC AUC Individual": 0.4949432427981669,
                "MIA": {
                    "1": 0.4949432427981669,
                    "best": {
                        "s": 1,
                        "ROC AUC": 0.4949432427981669
                    }
                }
            },
            "3": {
                "Member size": 769.0,
                "Nonmember size": 229.0,
                "ROC AUC Individual": 0.5184972764997864,
                "MIA": {
                    "1": 0.5712517248624369,
                    "3": 0.5192304416215694,
                    "best": {
                        "s": 1,
                        "ROC AUC": 0.5712517248624369
                    }
                }
            },
            "5": {
                "Member size": 769.0,
                "Nonmember size": 229.0,
                "ROC AUC Individual": 0.5272837746520463,
                "MIA": {
                    "1": 0.6006439486431082,
                    "3": 0.5869983702534342,
                    "5": 0.5422399645657889,
                    "best": {
                        "s": 1,
                        "ROC AUC": 0.6006439486431082
                    }
                }
            },
            "8": {
                "Member size": 769.0,
                "Nonmember size": 229.0,
                "ROC AUC Individual": 0.5340962004758633,
                "MIA": {
                    "1": 0.6226199737650553,
                    "3": 0.6296954588559974,
                    "5": 0.615828416647265,
                    "8": 0.5695822283803045,
                    "best": {
                        "s": 3,
                        "ROC AUC": 0.6296954588559974
                    }
                }
            },
            "10": {
                "Member size": 769.0,
                "Nonmember size": 229.0,
                "ROC AUC Individual": 0.5339586808353793,
                "MIA": {
                    "1": 0.6180089834810705,
                    "3": 0.6324949886712739,
                    "5": 0.6222167960431797,
                    "8": 0.6120976030800506,
                    "10": 0.582736308224163,
                    "best": {
                        "s": 3,
                        "ROC AUC": 0.6324949886712739
                    }
                }
            },
            "30": {
                "Member size": 769.0,
                "Nonmember size": 229.0,
                "ROC AUC Individual": 0.5289914647637552,
                "MIA": {
                    "1": 0.6321202037467135,
                    "3": 0.6449878194899519,
                    "5": 0.6501830877001455,
                    "8": 0.6536440393297769,
                    "10": 0.6551072345610129,
                    "30": 0.608541188661091,
                    "best": {
                        "s": 10,
                        "ROC AUC": 0.6551072345610129
                    }
                }
            }
        },
        "Total individual ROC AUC": 0.5296989865527167
    },
    "std": {
        "max": {
            "1": {
                "Member size": 0.0,
                "Nonmember size": 0.0,
                "ROC AUC Individual": 0.0,
                "MIA": {
                    "1": 0.0
                }
            },
            "3": {
                "Member size": 0.0,
                "Nonmember size": 0.0,
                "ROC AUC Individual": 0.0,
                "MIA": {
                    "1": 0.0,
                    "3": 0.0
                }
            },
            "5": {
                "Member size": 0.0,
                "Nonmember size": 0.0,
                "ROC AUC Individual": 0.0,
                "MIA": {
                    "1": 0.0,
                    "3": 0.0,
                    "5": 0.0
                }
            },
            "8": {
                "Member size": 0.0,
                "Nonmember size": 0.0,
                "ROC AUC Individual": 0.0,
                "MIA": {
                    "1": 0.0,
                    "3": 0.0,
                    "5": 0.0,
                    "8": 0.0
                }
            },
            "10": {
                "Member size": 0.0,
                "Nonmember size": 0.0,
                "ROC AUC Individual": 0.0,
                "MIA": {
                    "1": 0.0,
                    "3": 0.0,
                    "5": 0.0,
                    "8": 0.0,
                    "10": 0.0
                }
            },
            "30": {
                "Member size": 0.0,
                "Nonmember size": 0.0,
                "ROC AUC Individual": 0.0,
                "MIA": {
                    "1": 0.0,
                    "3": 0.0,
                    "5": 0.0,
                    "8": 0.0,