{
    "average": {
        "max": {
            "1": {
                "Member size": 767.0,
                "Nonmember size": 230.0,
                "ROC AUC Individual": 0.6031970976702001,
                "MIA": {
                    "1": 0.6031970976702001,
                    "best": {
                        "s": 1,
                        "ROC AUC": 0.6031970976702001
                    }
                }
            },
            "3": {
                "Member size": 767.0,
                "Nonmember size": 230.0,
                "ROC AUC Individual": 0.6091606805293006,
                "MIA": {
                    "1": 0.6588572076412902,
                    "3": 0.6638381201044385,
                    "best": {
                        "s": 3,
                        "ROC AUC": 0.6638381201044385
                    }
                }
            },
            "5": {
                "Member size": 767.0,
                "Nonmember size": 230.0,
                "ROC AUC Individual": 0.609406795037536,
                "MIA": {
                    "1": 0.683821778810725,
                    "3": 0.7200874106027926,
                    "5": 0.7074355772505392,
                    "best": {
                        "s": 3,
                        "ROC AUC": 0.7200874106027926
                    }
                }
            },
            "8": {
                "Member size": 767.0,
                "Nonmember size": 230.0,
                "ROC AUC Individual": 0.6134241372611657,
                "MIA": {
                    "1": 0.712130831585511,
                    "3": 0.7539334771256669,
                    "5": 0.7688443637189238,
                    "8": 0.7398660234573264,
                    "best": {
                        "s": 5,
                        "ROC AUC": 0.7688443637189238
                    }
                }
            },
            "10": {
                "Member size": 767.0,
                "Nonmember size": 230.0,
                "ROC AUC Individual": 0.6129290027086025,
                "MIA": {
                    "1": 0.700759594127317,
                    "3": 0.7658133726870247,
                    "5": 0.7939209898966966,
                    "8": 0.7999091837893064,
                    "10": 0.7701422071835204,
                    "best": {
                        "s": 8,
                        "ROC AUC": 0.7999091837893064
                    }
                }
            },
            "30": {
                "Member size": 767.0,
                "Nonmember size": 230.0,
                "ROC AUC Individual": 0.6066129077641751,
                "MIA": {
                    "1": 0.669599229068647,
                    "3": 0.7452945850834374,
                    "5": 0.7962708593483937,
                    "8": 0.8430014757634237,
                    "10": 0.8618174594165058,
                    "30": 0.845541902510774,
                    "best": {
                        "s": 10,
                        "ROC AUC": 0.8618174594165058
                    }
                }
            },
            "50": {
                "Member size": 767.0,
                "Nonmember size": 230.0,
                "ROC AUC Individual": 0.6103650415223734,
                "MIA": {
                    "1": 0.6487047219545377,
                    "3": 0.7438982858440231,
                    "5": 0.7911170393915313,
                    "8": 0.8371324781473493,
                    "10": 0.8587126802134182,
                    "30": 0.931558633216029,
                    "50": 0.8962394984469737,
                    "best": {
                        "s": 30,
                        "ROC AUC": 0.931558633216029
                    }
                }
            },
            "80": {
                "Member size": 767.0,
                "Nonmember size": 230.0,
                "ROC AUC Individual": 0.6068283258773828,
                "MIA": {
                    "1": 0.6459837877671334,
                    "3": 0.7332464146023469,
                    "5": 0.7843262853579729,
                    "8": 0.8317555694121648,
                    "10": 0.8542429567484836,
                    "30": 0.9389204222953798,
                    "50": 0.9576596633605567,
                    "80": 0.9193752808470923,
                    "best": {
                        "s": 50,
                        "ROC AUC": 0.9576596633605567
                    }
                }
            },
            "100": {
                "Member size": 767.0,
                "Nonmember size": 230.0,
                "ROC AUC Individual": 0.6061347480147378,
                "MIA": {
                    "1": 0.6532792925571113,
                    "3": 0.7252253273623944,
                    "5": 0.7784254739470997,
                    "8": 0.8273016233397661,
                    "10": 0.8498524236576228,
                    "30": 0.9412646157339084,
                    "50": 0.9603959831108068,
                    "80": 0.9614401460686979,
                    "100": 0.9285697825811432,
                    "best": {
                        "s": 80,
                        "ROC AUC": 0.9614401460686979
                    }
                }
            }
        },
        "min": {
            "1": {
                "Member size": 767.0,
                "Nonmember size": 230.0,
                "ROC AUC Individual": 0.6031970976702001,
                "MIA": {
                    "1": 0.6031970976702001,
                    "best": {
                        "s": 1,
                        "ROC AUC": 0.6031970976702001
                    }
                }
            },
            "3": {
                "Member size": 767.0,
                "Nonmember size": 230.0,
                "ROC AUC Individual": 0.6091606805293006,
                "MIA": {
                    "1": 0.6220168924664136,
                    "3": 0.6638381201044385,
                    "best": {
                        "s": 3,
                        "ROC AUC": 0.6638381201044385
                    }
                }
            },
            "5": {
                "Member size": 767.0,
                "Nonmember size": 230.0,
                "ROC AUC Individual": 0.609406795037536,
                "MIA": {
                    "1": 0.6451243046883869,
                    "3": 0.6794301282778975,
                    "5": 0.7074355772505392,
                    "best": {
                        "s": 5,
                        "ROC AUC": 0.7074355772505392
                    }
                }
            },
            "8": {
                "Member size": 767.0,
                "Nonmember size": 230.0,
                "ROC AUC Individual": 0.6134241372611657,
                "MIA": {
                    "1": 0.6412305596548984,
                    "3": 0.6726472925417187,
                    "5": 0.700681121580202,
                    "8": 0.7398660234573264,
                    "best": {
                        "s": 8,
                        "ROC AUC": 0.7398660234573264
                    }
                }
            },
            "10": {
                "Member size": 767.0,
                "Nonmember size": 230.0,
                "ROC AUC Individual": 0.6129290027086025,
                "MIA": {
                    "1": 0.6378971298664393,
                    "3": 0.6731571469167377,
                    "5": 0.7031527430002277,
                    "8": 0.7447301035688974,
                    "10": 0.7701422071835204,
                    "best": {
                        "s": 10,
                        "ROC AUC": 0.7701422071835204
                    }
                }
            },
            "30": {
                "Member size": 767.0,
                "Nonmember size": 230.0,
                "ROC AUC Individual": 0.6066129077641751,
                "MIA": {
                    "1": 0.6013912069320286,
                    "3": 0.6463454417462671,