{
    "average": {
        "max": {
            "1": {
                "Member size": 92200.0,
                "Nonmember size": 7400.0,
                "ROC AUC Individual": 0.5159422905551972,
                "MIA": {
                    "1": 0.5159422905551972,
                    "best": {
                        "s": 1,
                        "ROC AUC": 0.5159422905551972
                    }
                }
            },
            "3": {
                "Member size": 31348.0,
                "Nonmember size": 2516.0,
                "ROC AUC Individual": 0.5159422905551972,
                "MIA": {
                    "1": 0.5410555550258618,
                    "3": 0.524296144334293,
                    "best": {
                        "s": 1,
                        "ROC AUC": 0.5410555550258618
                    }
                }
            },
            "5": {
                "Member size": 18440.0,
                "Nonmember size": 1480.0,
                "ROC AUC Individual": 0.5159422905551972,
                "MIA": {
                    "1": 0.545149645306912,
                    "3": 0.5519484669050829,
                    "5": 0.5341871922084774,
                    "best": {
                        "s": 3,
                        "ROC AUC": 0.5519484669050829
                    }
                }
            },
            "8": {
                "Member size": 11986.0,
                "Nonmember size": 962.0,
                "ROC AUC Individual": 0.5159422905551972,
                "MIA": {
                    "1": 0.5494114668776775,
                    "3": 0.5646399056001926,
                    "5": 0.5622472579756077,
                    "8": 0.5383464527048709,
                    "best": {
                        "s": 3,
                        "ROC AUC": 0.5646399056001926
                    }
                }
            },
            "10": {
                "Member size": 9220.0,
                "Nonmember size": 740.0,
                "ROC AUC Individual": 0.5159422905551972,
                "MIA": {
                    "1": 0.5485467110277306,
                    "3": 0.5724273025737233,
                    "5": 0.5735790291375975,
                    "8": 0.5647027613296594,
                    "10": 0.5475580406871079,
                    "best": {
                        "s": 5,
                        "ROC AUC": 0.5735790291375975
                    }
                }
            },
            "30": {
                "Member size": 3688.0,
                "Nonmember size": 296.0,
                "ROC AUC Individual": 0.5159422905551972,
                "MIA": {
                    "1": 0.567773677962127,
                    "3": 0.573225068886674,
                    "5": 0.5782037799730315,
                    "8": 0.5777677419827636,
                    "10": 0.573595151550683,
                    "30": 0.5663336533388051,
                    "best": {
                        "s": 5,
                        "ROC AUC": 0.5782037799730315
                    }
                }
            },
            "50": {
                "Member size": 1844.0,
                "Nonmember size": 148.0,
                "ROC AUC Individual": 0.5159422905551972,
                "MIA": {
                    "1": 0.571931611655039,
                    "3": 0.6020365539074867,
                    "5": 0.6191006624846105,
                    "8": 0.6384035879697485,
                    "10": 0.6478755056575014,
                    "30": 0.6667387289675792,
                    "50": 0.594909714486721,
                    "best": {
                        "s": 30,
                        "ROC AUC": 0.6667387289675792
                    }
                }
            },
            "80": {
                "Member size": 1844.0,
                "Nonmember size": 148.0,
                "ROC AUC Individual": 0.5159422905551972,
                "MIA": {
                    "1": 0.581802925485138,
                    "3": 0.585719939027965,
                    "5": 0.5817296417892946,
                    "8": 0.5801980125461688,
                    "10": 0.579897549393211,
                    "30": 0.5776514041156123,
                    "50": 0.581253297766313,
                    "80": 0.6103872310488362,
                    "best": {
                        "s": 80,
                        "ROC AUC": 0.6103872310488362
                    }
                }
            },
            "100": {
                "Member size": 922.0,
                "Nonmember size": 74.0,
                "ROC AUC Individual": 0.5159422905551972,
                "MIA": {
                    "1": 0.5810077973852377,
                    "3": 0.601278067655508,
                    "5": 0.6212258896640674,
                    "8": 0.6471976314709503,
                    "10": 0.6596558597643196,
                    "30": 0.716494694260421,
                    "50": 0.7284545934220554,
                    "80": 0.7037140177053409,
                    "100": 0.6336841179574368,
                    "best": {
                        "s": 50,
                        "ROC AUC": 0.7284545934220554
                    }
                }
            }
        },
        "min": {
            "1": {
                "Member size": 92200.0,
                "Nonmember size": 7400.0,
                "ROC AUC Individual": 0.5159422905551972,
                "MIA": {
                    "1": 0.5159422905551972,
                    "best": {
                        "s": 1,
                        "ROC AUC": 0.5159422905551972
                    }
                }
            },
            "3": {
                "Member size": 31348.0,
                "Nonmember size": 2516.0,
                "ROC AUC Individual": 0.5159422905551972,
                "MIA": {
                    "1": 0.4989688552914277,
                    "3": 0.524296144334293,
                    "best": {
                        "s": 3,
                        "ROC AUC": 0.524296144334293
                    }
                }
            },
            "5": {
                "Member size": 18440.0,
                "Nonmember size": 1480.0,
                "ROC AUC Individual": 0.5159422905551972,
                "MIA": {
                    "1": 0.4901609859588439,
                    "3": 0.5074851966934397,
                    "5": 0.5341871922084774,
                    "best": {
                        "s": 5,
                        "ROC AUC": 0.5341871922084774
                    }
                }
            },
            "8": {
                "Member size": 11986.0,
                "Nonmember size": 962.0,
                "ROC AUC Individual": 0.5159422905551972,
                "MIA": {
                    "1": 0.4795240583868984,
                    "3": 0.48885133834241123,
                    "5": 0.5041064020289784,
                    "8": 0.5383464527048709,
                    "best": {
                        "s": 8,
                        "ROC AUC": 0.5383464527048709
                    }
                }
            },
            "10": {
                "Member size": 9220.0,
                "Nonmember size": 740.0,
                "ROC AUC Individual": 0.5159422905551972,
                "MIA": {
                    "1": 0.4712085214281527,
                    "3": 0.48265821949932575,
                    "5": 0.49842718531981,
                    "8": 0.528478190772117,
                    "10": 0.5475580406871079,
                    "best": {
                        "s": 10,
                        "ROC AUC": 0.5475580406871079
                    }
                }
            },
            "30": {
                "Member size": 3688.0,
                "Nonmember size": 296.0,
                "ROC AUC Individual": 0.5159422905551972,
                "MIA": {
                    "1": 0.45637971214164275,