{
    "average": {
        "max": {
            "1": {
                "Member size": 76700.0,
                "Nonmember size": 23000.0,
                "ROC AUC Individual": 0.41782193316440286,
                "MIA": {
                    "1": 0.41782193316440286,
                    "best": {
                        "s": 1,
                        "ROC AUC": 0.41782193316440286
                    }
                }
            },
            "3": {
                "Member size": 26078.0,
                "Nonmember size": 7820.0,
                "ROC AUC Individual": 0.41782193316440286,
                "MIA": {
                    "1": 0.4094738458873283,
                    "3": 0.37715238545345825,
                    "best": {
                        "s": 1,
                        "ROC AUC": 0.4094738458873283
                    }
                }
            },
            "5": {
                "Member size": 15340.0,
                "Nonmember size": 4600.0,
                "ROC AUC Individual": 0.41782193316440286,
                "MIA": {
                    "1": 0.40386310357339256,
                    "3": 0.37122936037361876,
                    "5": 0.3499357663275638,
                    "best": {
                        "s": 1,
                        "ROC AUC": 0.40386310357339256
                    }
                }
            },
            "8": {
                "Member size": 9971.0,
                "Nonmember size": 2990.0,
                "ROC AUC Individual": 0.41782193316440286,
                "MIA": {
                    "1": 0.40521311133390514,
                    "3": 0.375513379603694,
                    "5": 0.3525890796586475,
                    "8": 0.3255813484785579,
                    "best": {
                        "s": 1,
                        "ROC AUC": 0.40521311133390514
                    }
                }
            },
            "10": {
                "Member size": 7670.0,
                "Nonmember size": 2300.0,
                "ROC AUC Individual": 0.41782193316440286,
                "MIA": {
                    "1": 0.40193231360587794,
                    "3": 0.3687444780283655,
                    "5": 0.3448769675827449,
                    "8": 0.3153525722811316,
                    "10": 0.30407613203535816,
                    "best": {
                        "s": 1,
                        "ROC AUC": 0.40193231360587794
                    }
                }
            },
            "30": {
                "Member size": 3068.0,
                "Nonmember size": 920.0,
                "ROC AUC Individual": 0.41782193316440286,
                "MIA": {
                    "1": 0.40368987539161616,
                    "3": 0.3839959301171332,
                    "5": 0.37576221673898863,
                    "8": 0.36866692673239243,
                    "10": 0.36786828853110154,
                    "30": 0.24885357389861051,
                    "best": {
                        "s": 1,
                        "ROC AUC": 0.40368987539161616
                    }
                }
            },
            "50": {
                "Member size": 1534.0,
                "Nonmember size": 460.0,
                "ROC AUC Individual": 0.41782193316440286,
                "MIA": {
                    "1": 0.39591222152939176,
                    "3": 0.3613818661073635,
                    "5": 0.34503004364831924,
                    "8": 0.3288971713621677,
                    "10": 0.31952553710107134,
                    "30": 0.24723371690947224,
                    "50": 0.19678652813719053,
                    "best": {
                        "s": 1,
                        "ROC AUC": 0.39591222152939176
                    }
                }
            },
            "80": {
                "Member size": 1534.0,
                "Nonmember size": 460.0,
                "ROC AUC Individual": 0.41782193316440286,
                "MIA": {
                    "1": 0.408296014965138,
                    "3": 0.3874893713508305,
                    "5": 0.3870812312227198,
                    "8": 0.38792727169661584,
                    "10": 0.38749220565727566,
                    "30": 0.3644335898673785,
                    "50": 0.3158471067309995,
                    "80": 0.21928970026764627,
                    "best": {
                        "s": 1,
                        "ROC AUC": 0.408296014965138
                    }
                }
            },
            "100": {
                "Member size": 767.0,
                "Nonmember size": 230.0,
                "ROC AUC Individual": 0.41782193316440286,
                "MIA": {
                    "1": 0.40381497647525644,
                    "3": 0.3658125956578425,
                    "5": 0.34435122725469075,
                    "8": 0.3278328892919902,
                    "10": 0.3224703814976475,
                    "30": 0.2793379060143983,
                    "50": 0.23584224461025344,
                    "80": 0.18203467053807618,
                    "100": 0.156327256763938,
                    "best": {
                        "s": 1,
                        "ROC AUC": 0.40381497647525644
                    }
                }
            }
        },
        "min": {
            "1": {
                "Member size": 76700.0,
                "Nonmember size": 23000.0,
                "ROC AUC Individual": 0.41782193316440286,
                "MIA": {
                    "1": 0.41782193316440286,
                    "best": {
                        "s": 1,
                        "ROC AUC": 0.41782193316440286
                    }
                }
            },
            "3": {
                "Member size": 26078.0,
                "Nonmember size": 7820.0,
                "ROC AUC Individual": 0.41782193316440286,
                "MIA": {
                    "1": 0.3855976715866116,
                    "3": 0.37715238545345825,
                    "best": {
                        "s": 1,
                        "ROC AUC": 0.3855976715866116
                    }
                }
            },
            "5": {
                "Member size": 15340.0,
                "Nonmember size": 4600.0,
                "ROC AUC Individual": 0.41782193316440286,
                "MIA": {
                    "1": 0.3751465718627384,
                    "3": 0.3396667167688089,
                    "5": 0.3499357663275638,
                    "best": {
                        "s": 1,
                        "ROC AUC": 0.3751465718627384
                    }
                }
            },
            "8": {
                "Member size": 9971.0,
                "Nonmember size": 2990.0,
                "ROC AUC Individual": 0.41782193316440286,
                "MIA": {
                    "1": 0.3736425161772945,
                    "3": 0.3334271251792166,
                    "5": 0.31741102614791783,
                    "8": 0.3255813484785579,
                    "best": {
                        "s": 1,
                        "ROC AUC": 0.3736425161772945
                    }
                }
            },
            "10": {
                "Member size": 7670.0,
                "Nonmember size": 2300.0,
                "ROC AUC Individual": 0.41782193316440286,
                "MIA": {
                    "1": 0.37175167382387375,
                    "3": 0.32341902541347867,
                    "5": 0.295418401916147,
                    "8": 0.28494214660222567,
                    "10": 0.30407613203535816,
                    "best": {
                        "s": 1,
                        "ROC AUC": 0.37175167382387375
                    }
                }
            },
            "30": {
                "Member size": 3068.0,
                "Nonmember size": 920.0,
                "ROC AUC Individual": 0.41782193316440286,