{
    "average": {
        "max": {
            "1": {
                "Member size": 767.0,
                "Nonmember size": 230.0,
                "ROC AUC Individual": 0.540371861005612,
                "MIA": {
                    "1": 0.540371861005612,
                    "best": {
                        "s": 1,
                        "ROC AUC": 0.540371861005612
                    }
                }
            },
            "3": {
                "Member size": 767.0,
                "Nonmember size": 230.0,
                "ROC AUC Individual": 0.5408487712665406,
                "MIA": {
                    "1": 0.5410464259395726,
                    "3": 0.5645476217504826,
                    "best": {
                        "s": 3,
                        "ROC AUC": 0.5645476217504826
                    }
                }
            },
            "5": {
                "Member size": 767.0,
                "Nonmember size": 230.0,
                "ROC AUC Individual": 0.5382769726247987,
                "MIA": {
                    "1": 0.5239839011393912,
                    "3": 0.5497704211779377,
                    "5": 0.5669939834260416,
                    "best": {
                        "s": 5,
                        "ROC AUC": 0.5669939834260416
                    }
                }
            },
            "8": {
                "Member size": 767.0,
                "Nonmember size": 230.0,
                "ROC AUC Individual": 0.5382279269557437,
                "MIA": {
                    "1": 0.5308145796723541,
                    "3": 0.5584263930616179,
                    "5": 0.567960999943314,
                    "8": 0.5912972404490271,
                    "best": {
                        "s": 8,
                        "ROC AUC": 0.5912972404490271
                    }
                }
            },
            "10": {
                "Member size": 767.0,
                "Nonmember size": 230.0,
                "ROC AUC Individual": 0.5373154341550557,
                "MIA": {
                    "1": 0.5331443795703191,
                    "3": 0.5590442718666742,
                    "5": 0.5673657955898191,
                    "8": 0.5790611874219549,
                    "10": 0.5948752829282791,
                    "best": {
                        "s": 10,
                        "ROC AUC": 0.5948752829282791
                    }
                }
            },
            "30": {
                "Member size": 767.0,
                "Nonmember size": 230.0,
                "ROC AUC Individual": 0.5374889819008627,
                "MIA": {
                    "1": 0.4691400714245225,
                    "3": 0.500385465676549,
                    "5": 0.5276514936794966,
                    "8": 0.5564537157757496,
                    "10": 0.5690607108440564,
                    "30": 0.6191430059464192,
                    "best": {
                        "s": 30,
                        "ROC AUC": 0.6191430059464192
                    }
                }
            },
            "50": {
                "Member size": 767.0,
                "Nonmember size": 230.0,
                "ROC AUC Individual": 0.5319081111794478,
                "MIA": {
                    "1": 0.435751941499915,
                    "3": 0.45193583130208037,
                    "5": 0.47704211779377587,
                    "8": 0.5041891049260245,
                    "10": 0.5178277875403889,
                    "30": 0.5755512726035938,
                    "50": 0.6096803401758186,
                    "best": {
                        "s": 50,
                        "ROC AUC": 0.6096803401758186
                    }
                }
            },
            "80": {
                "Member size": 767.0,
                "Nonmember size": 230.0,
                "ROC AUC Individual": 0.5291572506582625,
                "MIA": {
                    "1": 0.4323110934754266,
                    "3": 0.41945467943994097,
                    "5": 0.4302760614477637,
                    "8": 0.45634034351794117,
                    "10": 0.47093702171078733,
                    "30": 0.5382438192668372,
                    "50": 0.5591920254235351,
                    "80": 0.5945950616999458,
                    "best": {
                        "s": 80,
                        "ROC AUC": 0.5945950616999458
                    }
                }
            },
            "100": {
                "Member size": 767.0,
                "Nonmember size": 230.0,
                "ROC AUC Individual": 0.5272821303751762,
                "MIA": {
                    "1": 0.4221557734822289,
                    "3": 0.4006235474179469,
                    "5": 0.40387166260416074,
                    "8": 0.4210022107590272,
                    "10": 0.43507737656595435,
                    "30": 0.506031404115413,
                    "50": 0.5330826036260545,
                    "80": 0.5503957602431222,
                    "100": 0.5798354668110749,
                    "best": {
                        "s": 100,
                        "ROC AUC": 0.5798354668110749
                    }
                }
            }
        },
        "min": {
            "1": {
                "Member size": 767.0,
                "Nonmember size": 230.0,
                "ROC AUC Individual": 0.540371861005612,
                "MIA": {
                    "1": 0.540371861005612,
                    "best": {
                        "s": 1,
                        "ROC AUC": 0.540371861005612
                    }
                }
            },
            "3": {
                "Member size": 767.0,
                "Nonmember size": 230.0,
                "ROC AUC Individual": 0.5408487712665406,
                "MIA": {
                    "1": 0.5578311887081231,
                    "3": 0.5645476217504826,
                    "best": {
                        "s": 3,
                        "ROC AUC": 0.5645476217504826
                    }
                }
            },
            "5": {
                "Member size": 767.0,
                "Nonmember size": 230.0,
                "ROC AUC Individual": 0.5382769726247987,
                "MIA": {
                    "1": 0.5697922579180384,
                    "3": 0.5826541037575207,
                    "5": 0.5669939834260416,
                    "best": {
                        "s": 3,
                        "ROC AUC": 0.5826541037575207
                    }
                }
            },
            "8": {
                "Member size": 767.0,
                "Nonmember size": 230.0,
                "ROC AUC Individual": 0.5382279269557437,
                "MIA": {
                    "1": 0.584407991826541,
                    "3": 0.5939891020547168,
                    "5": 0.591661936655693,
                    "8": 0.5912972404490271,
                    "best": {
                        "s": 3,
                        "ROC AUC": 0.5939891020547168
                    }
                }
            },
            "10": {
                "Member size": 767.0,
                "Nonmember size": 230.0,
                "ROC AUC Individual": 0.5373154341550557,
                "MIA": {
                    "1": 0.5909240549438075,
                    "3": 0.5953168513782325,
                    "5": 0.597625367468676,
                    "8": 0.6029458835364321,
                    "10": 0.5948752829282791,
                    "best": {
                        "s": 8,
                        "ROC AUC": 0.6029458835364321
                    }
                }
            },
            "30": {
                "Member size": 767.0,
                "Nonmember size": 230.0,
                "ROC AUC Individual": 0.5374889819008627,
                "MIA": {
                    "1": 0.6405360801274755,
                    "3": 0.6516165217739674,