{
    "average": {
        "max": {
            "1": {
                "Member size": 76700.0,
                "Nonmember size": 23000.0,
                "ROC AUC Individual": 0.504246787381149,
                "MIA": {
                    "1": 0.504246787381149,
                    "best": {
                        "s": 1,
                        "ROC AUC": 0.504246787381149
                    }
                }
            },
            "3": {
                "Member size": 26078.0,
                "Nonmember size": 7820.0,
                "ROC AUC Individual": 0.504246787381149,
                "MIA": {
                    "1": 0.519654871227744,
                    "3": 0.5058722401641391,
                    "best": {
                        "s": 1,
                        "ROC AUC": 0.519654871227744
                    }
                }
            },
            "5": {
                "Member size": 15340.0,
                "Nonmember size": 4600.0,
                "ROC AUC Individual": 0.504246787381149,
                "MIA": {
                    "1": 0.5130184197248095,
                    "3": 0.515550444891344,
                    "5": 0.5019360033269563,
                    "best": {
                        "s": 3,
                        "ROC AUC": 0.515550444891344
                    }
                }
            },
            "8": {
                "Member size": 9971.0,
                "Nonmember size": 2990.0,
                "ROC AUC Individual": 0.504246787381149,
                "MIA": {
                    "1": 0.49350933761419824,
                    "3": 0.5101099361196968,
                    "5": 0.5094769147559817,
                    "8": 0.4972356807625282,
                    "best": {
                        "s": 3,
                        "ROC AUC": 0.5101099361196968
                    }
                }
            },
            "10": {
                "Member size": 7670.0,
                "Nonmember size": 2300.0,
                "ROC AUC Individual": 0.504246787381149,
                "MIA": {
                    "1": 0.4776209398560172,
                    "3": 0.5037666260129654,
                    "5": 0.5102625592343408,
                    "8": 0.5052411341534614,
                    "10": 0.4952142603484397,
                    "best": {
                        "s": 5,
                        "ROC AUC": 0.5102625592343408
                    }
                }
            },
            "30": {
                "Member size": 3068.0,
                "Nonmember size": 920.0,
                "ROC AUC Individual": 0.504246787381149,
                "MIA": {
                    "1": 0.43269301626891904,
                    "3": 0.4511900170760168,
                    "5": 0.4752908652711851,
                    "8": 0.4968453894931939,
                    "10": 0.5010989674215005,
                    "30": 0.4951190350336711,
                    "best": {
                        "s": 10,
                        "ROC AUC": 0.5010989674215005
                    }
                }
            },
            "50": {
                "Member size": 1534.0,
                "Nonmember size": 460.0,
                "ROC AUC Individual": 0.504246787381149,
                "MIA": {
                    "1": 0.3962629669519869,
                    "3": 0.3804361997619183,
                    "5": 0.4020931353097897,
                    "8": 0.440386032537838,
                    "10": 0.462210192165977,
                    "30": 0.5137856169826315,
                    "50": 0.4928310566949476,
                    "best": {
                        "s": 30,
                        "ROC AUC": 0.5137856169826315
                    }
                }
            },
            "80": {
                "Member size": 1534.0,
                "Nonmember size": 460.0,
                "ROC AUC Individual": 0.504246787381149,
                "MIA": {
                    "1": 0.4226276855053569,
                    "3": 0.4310285698089677,
                    "5": 0.45140581599682555,
                    "8": 0.4699393458420724,
                    "10": 0.4781106513236211,
                    "30": 0.49754457303722244,
                    "50": 0.49914153925002136,
                    "80": 0.48552979227731063,
                    "best": {
                        "s": 50,
                        "ROC AUC": 0.49914153925002136
                    }
                }
            },
            "100": {
                "Member size": 767.0,
                "Nonmember size": 230.0,
                "ROC AUC Individual": 0.504246787381149,
                "MIA": {
                    "1": 0.3897908281843433,
                    "3": 0.34931126353381325,
                    "5": 0.34470268125389714,
                    "8": 0.3621506717306275,
                    "10": 0.37724051924494073,
                    "30": 0.5022050904143756,
                    "50": 0.5245240125035522,
                    "80": 0.5186506353638384,
                    "100": 0.49777038423326636,
                    "best": {
                        "s": 50,
                        "ROC AUC": 0.5245240125035522
                    }
                }
            }
        },
        "min": {
            "1": {
                "Member size": 76700.0,
                "Nonmember size": 23000.0,
                "ROC AUC Individual": 0.504246787381149,
                "MIA": {
                    "1": 0.504246787381149,
                    "best": {
                        "s": 1,
                        "ROC AUC": 0.504246787381149
                    }
                }
            },
            "3": {
                "Member size": 26078.0,
                "Nonmember size": 7820.0,
                "ROC AUC Individual": 0.504246787381149,
                "MIA": {
                    "1": 0.47140253988960623,
                    "3": 0.5058722401641391,
                    "best": {
                        "s": 3,
                        "ROC AUC": 0.5058722401641391
                    }
                }
            },
            "5": {
                "Member size": 15340.0,
                "Nonmember size": 4600.0,
                "ROC AUC Individual": 0.504246787381149,
                "MIA": {
                    "1": 0.45662262423170263,
                    "3": 0.4873826145418126,
                    "5": 0.5019360033269563,
                    "best": {
                        "s": 5,
                        "ROC AUC": 0.5019360033269563
                    }
                }
            },
            "8": {
                "Member size": 9971.0,
                "Nonmember size": 2990.0,
                "ROC AUC Individual": 0.504246787381149,
                "MIA": {
                    "1": 0.44186244917773526,
                    "3": 0.4587681153827698,
                    "5": 0.48858778299298383,
                    "8": 0.4972356807625282,
                    "best": {
                        "s": 8,
                        "ROC AUC": 0.4972356807625282
                    }
                }
            },
            "10": {
                "Member size": 7670.0,
                "Nonmember size": 2300.0,
                "ROC AUC Individual": 0.504246787381149,
                "MIA": {
                    "1": 0.4323769250404152,
                    "3": 0.43891541752291324,
                    "5": 0.46373218908829383,
                    "8": 0.513010865438207,
                    "10": 0.4952142603484397,
                    "best": {
                        "s": 8,
                        "ROC AUC": 0.513010865438207
                    }
                }
            },
            "30": {
                "Member size": 3068.0,
                "Nonmember size": 920.0,
                "ROC AUC Individual": 0.504246787381149,
                "MIA": {
                    "1": 0.4059363253848973,