{
    "average": {
        "max": {
            "1": {
                "Member size": 769.0,
                "Nonmember size": 229.0,
                "ROC AUC Individual": 0.5941192838200806,
                "MIA": {
                    "1": 0.5941192838200806,
                    "best": {
                        "s": 1,
                        "ROC AUC": 0.5941192838200806
                    }
                }
            },
            "3": {
                "Member size": 769.0,
                "Nonmember size": 229.0,
                "ROC AUC Individual": 0.5868967871341509,
                "MIA": {
                    "1": 0.6457089965417573,
                    "3": 0.6329663091067057,
                    "best": {
                        "s": 1,
                        "ROC AUC": 0.6457089965417573
                    }
                }
            },
            "5": {
                "Member size": 769.0,
                "Nonmember size": 229.0,
                "ROC AUC Individual": 0.5978462359668599,
                "MIA": {
                    "1": 0.7034656248402905,
                    "3": 0.7205069817888599,
                    "5": 0.6871454449435267,
                    "best": {
                        "s": 3,
                        "ROC AUC": 0.7205069817888599
                    }
                }
            },
            "8": {
                "Member size": 769.0,
                "Nonmember size": 229.0,
                "ROC AUC Individual": 0.605067280282338,
                "MIA": {
                    "1": 0.7020403064150686,
                    "3": 0.7596152208107847,
                    "5": 0.7782692886468561,
                    "8": 0.7307794958574909,
                    "best": {
                        "s": 5,
                        "ROC AUC": 0.7782692886468561
                    }
                }
            },
            "10": {
                "Member size": 769.0,
                "Nonmember size": 229.0,
                "ROC AUC Individual": 0.6054784780162894,
                "MIA": {
                    "1": 0.7144195660444859,
                    "3": 0.7716310526345678,
                    "5": 0.801988631523955,
                    "8": 0.7924032231503512,
                    "10": 0.7542076055312955,
                    "best": {
                        "s": 5,
                        "ROC AUC": 0.801988631523955
                    }
                }
            },
            "30": {
                "Member size": 769.0,
                "Nonmember size": 229.0,
                "ROC AUC Individual": 0.6080419758910369,
                "MIA": {
                    "1": 0.6466175660558429,
                    "3": 0.7172758814543927,
                    "5": 0.7659354574931432,
                    "8": 0.8155603886406096,
                    "10": 0.8411025491053429,
                    "30": 0.8582237834698792,
                    "best": {
                        "s": 30,
                        "ROC AUC": 0.8582237834698792
                    }
                }
            }
        },
        "min": {
            "1": {
                "Member size": 769.0,
                "Nonmember size": 229.0,
                "ROC AUC Individual": 0.5941192838200806,
                "MIA": {
                    "1": 0.5941192838200806,
                    "best": {
                        "s": 1,
                        "ROC AUC": 0.5941192838200806
                    }
                }
            },
            "3": {
                "Member size": 769.0,
                "Nonmember size": 229.0,
                "ROC AUC Individual": 0.5868967871341509,
                "MIA": {
                    "1": 0.5774129618798303,
                    "3": 0.6329663091067057,
                    "best": {
                        "s": 3,
                        "ROC AUC": 0.6329663091067057
                    }
                }
            },
            "5": {
                "Member size": 769.0,
                "Nonmember size": 229.0,
                "ROC AUC Individual": 0.5978462359668599,
                "MIA": {
                    "1": 0.5966973498162986,
                    "3": 0.6417737548338738,
                    "5": 0.6871454449435267,
                    "best": {
                        "s": 5,
                        "ROC AUC": 0.6871454449435267
                    }
                }
            },
            "8": {
                "Member size": 769.0,
                "Nonmember size": 229.0,
                "ROC AUC Individual": 0.605067280282338,
                "MIA": {
                    "1": 0.6042327982237466,
                    "3": 0.6477078494727456,
                    "5": 0.6870659451110442,
                    "8": 0.7307794958574909,
                    "best": {
                        "s": 8,
                        "ROC AUC": 0.7307794958574909
                    }
                }
            },
            "10": {
                "Member size": 769.0,
                "Nonmember size": 229.0,
                "ROC AUC Individual": 0.6054784780162894,
                "MIA": {
                    "1": 0.6035456925287194,
                    "3": 0.6526084462893453,
                    "5": 0.6846014503040869,
                    "8": 0.7296835338811252,
                    "10": 0.7542076055312955,
                    "best": {
                        "s": 10,
                        "ROC AUC": 0.7542076055312955
                    }
                }
            },
            "30": {
                "Member size": 769.0,
                "Nonmember size": 229.0,
                "ROC AUC Individual": 0.6080419758910369,
                "MIA": {
                    "1": 0.5872255126319554,
                    "3": 0.6619928129548762,
                    "5": 0.6983829148471616,
                    "8": 0.7347104712518195,
                    "10": 0.7529135803874906,
                    "30": 0.8582237834698792,
                    "best": {
                        "s": 30,
                        "ROC AUC": 0.8582237834698792
                    }
                }
            }
        },
        "Total individual ROC AUC": 0.6067016949701628
    },
    "std": {
        "max": {
            "1": {
                "Member size": 0.0,
                "Nonmember size": 0.0,
                "ROC AUC Individual": 0.0,
                "MIA": {
                    "1": 0.0
                }
            },
            "3": {
                "Member size": 0.0,
                "Nonmember size": 0.0,
                "ROC AUC Individual": 0.0,
                "MIA": {
                    "1": 0.0,
                    "3": 0.0
                }
            },
            "5": {
                "Member size": 0.0,
                "Nonmember size": 0.0,
                "ROC AUC Individual": 0.0,
                "MIA": {
                    "1": 0.0,
                    "3": 0.0,
                    "5": 0.0
                }
            },
            "8": {
                "Member size": 0.0,
                "Nonmember size": 0.0,
                "ROC AUC Individual": 0.0,
                "MIA": {
                    "1": 0.0,
                    "3": 0.0,
                    "5": 0.0,
                    "8": 0.0
                }
            },
            "10": {
                "Member size": 0.0,
                "Nonmember size": 0.0,
                "ROC AUC Individual": 0.0,
                "MIA": {
                    "1": 0.0,
                    "3": 0.0,
                    "5": 0.0,
                    "8": 0.0,
                    "10": 0.0
                }
            },
            "30": {
                "Member size": 0.0,
                "Nonmember size": 0.0,
                "ROC AUC Individual": 0.0,
                "MIA": {
                    "1": 0.0,
                    "3": 0.0,
                    "5": 0.0,
                    "8": 0.0,