{
    "1": {
        "1": {
            "ROC AUC": 0.7039000000000001,
            "Group size": 100,
            "ROC AUC Individual": 0.7039000000000001,
            "ROC AUC Individual with set label": 0.7039000000000001
        },
        "best": {
            "s": 1,
            "ROC AUC": 0.7039000000000001
        }
    },
    "3": {
        "1": {
            "ROC AUC": 0.5269499999999999,
            "Group size": 100,
            "ROC AUC Individual": 0.5224555555555556,
            "ROC AUC Individual with set label": 0.5269499999999999
        },
        "3": {
            "ROC AUC": 0.5474,
            "Group size": 100,
            "ROC AUC Individual": 0.5224555555555556,
            "ROC AUC Individual with set label": 0.5474
        },
        "best": {
            "s": 3,
            "ROC AUC": 0.5474
        }
    },
    "5": {
        "1": {
            "ROC AUC": 0.6145,
            "Group size": 100,
            "ROC AUC Individual": 0.5990039999999999,
            "ROC AUC Individual with set label": 0.6145
        },
        "3": {
            "ROC AUC": 0.6915,
            "Group size": 100,
            "ROC AUC Individual": 0.5990039999999999,
            "ROC AUC Individual with set label": 0.6915
        },
        "5": {
            "ROC AUC": 0.7041,
            "Group size": 100,
            "ROC AUC Individual": 0.5990039999999999,
            "ROC AUC Individual with set label": 0.7041
        },
        "best": {
            "s": 5,
            "ROC AUC": 0.7041
        }
    },
    "10": {
        "1": {
            "ROC AUC": 0.6477999999999999,
            "Group size": 100,
            "ROC AUC Individual": 0.591909,
            "ROC AUC Individual with set label": 0.6477999999999999
        },
        "3": {
            "ROC AUC": 0.7033,
            "Group size": 100,
            "ROC AUC Individual": 0.591909,
            "ROC AUC Individual with set label": 0.7033
        },
        "5": {
            "ROC AUC": 0.7291000000000001,
            "Group size": 100,
            "ROC AUC Individual": 0.591909,
            "ROC AUC Individual with set label": 0.7291000000000001
        },
        "10": {
            "ROC AUC": 0.7467,
            "Group size": 100,
            "ROC AUC Individual": 0.591909,
            "ROC AUC Individual with set label": 0.7467
        },
        "best": {
            "s": 10,
            "ROC AUC": 0.7467
        }
    },
    "30": {
        "1": {
            "ROC AUC": 0.7291,
            "Group size": 100,
            "ROC AUC Individual": 0.5870506666666667,
            "ROC AUC Individual with set label": 0.7291
        },
        "3": {
            "ROC AUC": 0.7642,
            "Group size": 100,
            "ROC AUC Individual": 0.5870506666666667,
            "ROC AUC Individual with set label": 0.7642
        },
        "5": {
            "ROC AUC": 0.7847999999999999,
            "Group size": 100,
            "ROC AUC Individual": 0.5870506666666667,
            "ROC AUC Individual with set label": 0.7847999999999999
        },
        "10": {
            "ROC AUC": 0.7887000000000001,
            "Group size": 100,
            "ROC AUC Individual": 0.5870506666666667,
            "ROC AUC Individual with set label": 0.7887000000000001
        },
        "30": {
            "ROC AUC": 0.827,
            "Group size": 100,
            "ROC AUC Individual": 0.5870506666666667,
            "ROC AUC Individual with set label": 0.827
        },
        "best": {
            "s": 30,
            "ROC AUC": 0.827
        }
    },
    "50": {
        "1": {
            "ROC AUC": 0.6754,
            "Group size": 100,
            "ROC AUC Individual": 0.5893784599999999,
            "ROC AUC Individual with set label": 0.6754
        },
        "3": {
            "ROC AUC": 0.7305,
            "Group size": 100,
            "ROC AUC Individual": 0.5893784599999999,
            "ROC AUC Individual with set label": 0.7305
        },
        "5": {
            "ROC AUC": 0.765,
            "Group size": 100,
            "ROC AUC Individual": 0.5893784599999999,
            "ROC AUC Individual with set label": 0.765
        },
        "10": {
            "ROC AUC": 0.805,
            "Group size": 100,
            "ROC AUC Individual": 0.5893784599999999,
            "ROC AUC Individual with set label": 0.805
        },
        "30": {
            "ROC AUC": 0.8768,
            "Group size": 100,
            "ROC AUC Individual": 0.5893784599999999,
            "ROC AUC Individual with set label": 0.8768
        },
        "50": {
            "ROC AUC": 0.8840999999999999,
            "Group size": 100,
            "ROC AUC Individual": 0.5893784599999999,
            "ROC AUC Individual with set label": 0.8840999999999999
        },
        "best": {
            "s": 50,
            "ROC AUC": 0.8840999999999999
        }
    },
    "100": {
        "1": {
            "ROC AUC": 0.7121000000000001,
            "Group size": 100,
            "ROC AUC Individual": 0.585802625,
            "ROC AUC Individual with set label": 0.7121000000000001
        },
        "3": {
            "ROC AUC": 0.7552,
            "Group size": 100,
            "ROC AUC Individual": 0.585802625,
            "ROC AUC Individual with set label": 0.7552
        },
        "5": {
            "ROC AUC": 0.7907999999999998,
            "Group size": 100,
            "ROC AUC Individual": 0.585802625,
            "ROC AUC Individual with set label": 0.7907999999999998
        },
        "10": {
            "ROC AUC": 0.84,
            "Group size": 100,
            "ROC AUC Individual": 0.585802625,
            "ROC AUC Individual with set label": 0.84
        },
        "30": {
            "ROC AUC": 0.8908999999999999,
            "Group size": 100,
            "ROC AUC Individual": 0.585802625,
            "ROC AUC Individual with set label": 0.8908999999999999
        },
        "50": {
            "ROC AUC": 0.9141,
            "Group size": 100,
            "ROC AUC Individual": 0.585802625,
            "ROC AUC Individual with set label": 0.9141
        },
        "100": {
            "ROC AUC": 0.9159,
            "Group size": 100,
            "ROC AUC Individual": 0.585802625,
            "ROC AUC Individual with set label": 0.9159
        },
        "best": {
            "s": 100,
            "ROC AUC": 0.9159
        }
    },
    "Total individual ROC AUC": 0.5809091144248708
}