{
    "average": {
        "max": {
            "1": {
                "Member size": 92200.0,
                "Nonmember size": 7400.0,
                "ROC AUC Individual": 0.42405247569053084,
                "MIA": {
                    "1": 0.42405247569053084,
                    "best": {
                        "s": 1,
                        "ROC AUC": 0.42405247569053084
                    }
                }
            },
            "3": {
                "Member size": 31348.0,
                "Nonmember size": 2516.0,
                "ROC AUC Individual": 0.42405247569053084,
                "MIA": {
                    "1": 0.4451373455358396,
                    "3": 0.3895121310704297,
                    "best": {
                        "s": 1,
                        "ROC AUC": 0.4451373455358396
                    }
                }
            },
            "5": {
                "Member size": 18440.0,
                "Nonmember size": 1480.0,
                "ROC AUC Individual": 0.42405247569053084,
                "MIA": {
                    "1": 0.4618850878067776,
                    "3": 0.4003781256552145,
                    "5": 0.36129237016820376,
                    "best": {
                        "s": 1,
                        "ROC AUC": 0.4618850878067776
                    }
                }
            },
            "8": {
                "Member size": 11986.0,
                "Nonmember size": 962.0,
                "ROC AUC Individual": 0.42405247569053084,
                "MIA": {
                    "1": 0.4669826739911438,
                    "3": 0.4212596084093636,
                    "5": 0.3815542931219745,
                    "8": 0.3351268883505836,
                    "best": {
                        "s": 1,
                        "ROC AUC": 0.4669826739911438
                    }
                }
            },
            "10": {
                "Member size": 9220.0,
                "Nonmember size": 740.0,
                "ROC AUC Individual": 0.42405247569053084,
                "MIA": {
                    "1": 0.4816076772047474,
                    "3": 0.430126653285122,
                    "5": 0.38521824741976396,
                    "8": 0.33550235404151263,
                    "10": 0.31160864636579255,
                    "best": {
                        "s": 1,
                        "ROC AUC": 0.4816076772047474
                    }
                }
            },
            "30": {
                "Member size": 3688.0,
                "Nonmember size": 296.0,
                "ROC AUC Individual": 0.42405247569053084,
                "MIA": {
                    "1": 0.5036537148395339,
                    "3": 0.4746635410921125,
                    "5": 0.4540338297481155,
                    "8": 0.4287937542770105,
                    "10": 0.41396187627103664,
                    "30": 0.2439609432926653,
                    "best": {
                        "s": 1,
                        "ROC AUC": 0.5036537148395339
                    }
                }
            },
            "50": {
                "Member size": 1844.0,
                "Nonmember size": 148.0,
                "ROC AUC Individual": 0.42405247569053084,
                "MIA": {
                    "1": 0.5029744418331374,
                    "3": 0.5008937898159455,
                    "5": 0.47905258199375844,
                    "8": 0.4400218102508179,
                    "10": 0.41570632792006834,
                    "30": 0.2362835254697625,
                    "50": 0.15595353731584913,
                    "best": {
                        "s": 1,
                        "ROC AUC": 0.5029744418331374
                    }
                }
            },
            "80": {
                "Member size": 1844.0,
                "Nonmember size": 148.0,
                "ROC AUC Individual": 0.42405247569053084,
                "MIA": {
                    "1": 0.5151841171251109,
                    "3": 0.49351187700324955,
                    "5": 0.48332259998667587,
                    "8": 0.46571221081025005,
                    "10": 0.45478561795088407,
                    "30": 0.39087068105660716,
                    "50": 0.3374022207807075,
                    "80": 0.20671922795918202,
                    "best": {
                        "s": 1,
                        "ROC AUC": 0.5151841171251109
                    }
                }
            },
            "100": {
                "Member size": 922.0,
                "Nonmember size": 74.0,
                "ROC AUC Individual": 0.42405247569053084,
                "MIA": {
                    "1": 0.5176703877790834,
                    "3": 0.5133958768343969,
                    "5": 0.5133368662780428,
                    "8": 0.5078460813754931,
                    "10": 0.49976447035270555,
                    "30": 0.3358925992513779,
                    "50": 0.2052067621920563,
                    "80": 0.11365661193839888,
                    "100": 0.08847279523255402,
                    "best": {
                        "s": 1,
                        "ROC AUC": 0.5176703877790834
                    }
                }
            }
        },
        "min": {
            "1": {
                "Member size": 92200.0,
                "Nonmember size": 7400.0,
                "ROC AUC Individual": 0.42405247569053084,
                "MIA": {
                    "1": 0.42405247569053084,
                    "best": {
                        "s": 1,
                        "ROC AUC": 0.42405247569053084
                    }
                }
            },
            "3": {
                "Member size": 31348.0,
                "Nonmember size": 2516.0,
                "ROC AUC Individual": 0.42405247569053084,
                "MIA": {
                    "1": 0.3713390149477933,
                    "3": 0.3895121310704297,
                    "best": {
                        "s": 3,
                        "ROC AUC": 0.3895121310704297
                    }
                }
            },
            "5": {
                "Member size": 18440.0,
                "Nonmember size": 1480.0,
                "ROC AUC Individual": 0.42405247569053084,
                "MIA": {
                    "1": 0.3414564932207599,
                    "3": 0.3207795739669119,
                    "5": 0.36129237016820376,
                    "best": {
                        "s": 5,
                        "ROC AUC": 0.36129237016820376
                    }
                }
            },
            "8": {
                "Member size": 11986.0,
                "Nonmember size": 962.0,
                "ROC AUC Individual": 0.42405247569053084,
                "MIA": {
                    "1": 0.33394066184861165,
                    "3": 0.30093289006307755,
                    "5": 0.2975425306234896,
                    "8": 0.3351268883505836,
                    "best": {
                        "s": 8,
                        "ROC AUC": 0.3351268883505836
                    }
                }
            },
            "10": {
                "Member size": 9220.0,
                "Nonmember size": 740.0,
                "ROC AUC Individual": 0.42405247569053084,
                "MIA": {
                    "1": 0.32002116691829513,
                    "3": 0.2705853074002343,
                    "5": 0.25432243068830984,
                    "8": 0.270128055601483,
                    "10": 0.31160864636579255,
                    "best": {
                        "s": 1,
                        "ROC AUC": 0.32002116691829513
                    }
                }
            },
            "30": {
                "Member size": 3688.0,
                "Nonmember size": 296.0,
                "ROC AUC Individual": 0.42405247569053084,