{
    "average": {
        "max": {
            "1": {
                "Member size": 769.0,
                "Nonmember size": 229.0,
                "ROC AUC Individual": 0.5910131117938002,
                "MIA": {
                    "1": 0.5910131117938002,
                    "best": {
                        "s": 1,
                        "ROC AUC": 0.5910131117938002
                    }
                }
            },
            "3": {
                "Member size": 769.0,
                "Nonmember size": 229.0,
                "ROC AUC Individual": 0.5843720365017802,
                "MIA": {
                    "1": 0.598684845628361,
                    "3": 0.6351525544999744,
                    "best": {
                        "s": 3,
                        "ROC AUC": 0.6351525544999744
                    }
                }
            },
            "5": {
                "Member size": 769.0,
                "Nonmember size": 229.0,
                "ROC AUC Individual": 0.5831752233093509,
                "MIA": {
                    "1": 0.6037728349072407,
                    "3": 0.6504960221690962,
                    "5": 0.6758962186472537,
                    "best": {
                        "s": 5,
                        "ROC AUC": 0.6758962186472537
                    }
                }
            },
            "8": {
                "Member size": 769.0,
                "Nonmember size": 229.0,
                "ROC AUC Individual": 0.5747920405051646,
                "MIA": {
                    "1": 0.6088097171509532,
                    "3": 0.6431195734266131,
                    "5": 0.6743402933543818,
                    "8": 0.6926025405875037,
                    "best": {
                        "s": 8,
                        "ROC AUC": 0.6926025405875037
                    }
                }
            },
            "10": {
                "Member size": 769.0,
                "Nonmember size": 229.0,
                "ROC AUC Individual": 0.5815813368464688,
                "MIA": {
                    "1": 0.6256523245183162,
                    "3": 0.6577191498060772,
                    "5": 0.6893771188124995,
                    "8": 0.7238175819558095,
                    "10": 0.7286670717372417,
                    "best": {
                        "s": 10,
                        "ROC AUC": 0.7286670717372417
                    }
                }
            },
            "30": {
                "Member size": 769.0,
                "Nonmember size": 229.0,
                "ROC AUC Individual": 0.5817634338298945,
                "MIA": {
                    "1": 0.6282076762766822,
                    "3": 0.6600132878291435,
                    "5": 0.6801040312093629,
                    "8": 0.7074576521428044,
                    "10": 0.7252372218215684,
                    "30": 0.8381663937409024,
                    "best": {
                        "s": 30,
                        "ROC AUC": 0.8381663937409024
                    }
                }
            }
        },
        "min": {
            "1": {
                "Member size": 769.0,
                "Nonmember size": 229.0,
                "ROC AUC Individual": 0.5910131117938002,
                "MIA": {
                    "1": 0.5910131117938002,
                    "best": {
                        "s": 1,
                        "ROC AUC": 0.5910131117938002
                    }
                }
            },
            "3": {
                "Member size": 769.0,
                "Nonmember size": 229.0,
                "ROC AUC Individual": 0.5843720365017802,
                "MIA": {
                    "1": 0.6278385699115849,
                    "3": 0.6351525544999744,
                    "best": {
                        "s": 3,
                        "ROC AUC": 0.6351525544999744
                    }
                }
            },
            "5": {
                "Member size": 769.0,
                "Nonmember size": 229.0,
                "ROC AUC Individual": 0.5831752233093509,
                "MIA": {
                    "1": 0.6307175995593438,
                    "3": 0.6611546782812137,
                    "5": 0.6758962186472537,
                    "best": {
                        "s": 5,
                        "ROC AUC": 0.6758962186472537
                    }
                }
            },
            "8": {
                "Member size": 769.0,
                "Nonmember size": 229.0,
                "ROC AUC Individual": 0.5747920405051646,
                "MIA": {
                    "1": 0.622568866729888,
                    "3": 0.656100760359112,
                    "5": 0.6762766821312769,
                    "8": 0.6926025405875037,
                    "best": {
                        "s": 8,
                        "ROC AUC": 0.6926025405875037
                    }
                }
            },
            "10": {
                "Member size": 769.0,
                "Nonmember size": 229.0,
                "ROC AUC Individual": 0.5815813368464688,
                "MIA": {
                    "1": 0.6482700268595862,
                    "3": 0.6806548514772772,
                    "5": 0.7065206898314035,
                    "8": 0.7247545442672103,
                    "10": 0.7286670717372417,
                    "best": {
                        "s": 10,
                        "ROC AUC": 0.7286670717372417
                    }
                }
            },
            "30": {
                "Member size": 769.0,
                "Nonmember size": 229.0,
                "ROC AUC Individual": 0.5817634338298945,
                "MIA": {
                    "1": 0.6206267993935298,
                    "3": 0.6931476822959551,
                    "5": 0.7289453211509305,
                    "8": 0.7610007893197653,
                    "10": 0.7770938268380079,
                    "30": 0.8381663937409024,
                    "best": {
                        "s": 30,
                        "ROC AUC": 0.8381663937409024
                    }
                }
            }
        },
        "Total individual ROC AUC": 0.5815127281630765
    },
    "std": {
        "max": {
            "1": {
                "Member size": 0.0,
                "Nonmember size": 0.0,
                "ROC AUC Individual": 0.0,
                "MIA": {
                    "1": 0.0
                }
            },
            "3": {
                "Member size": 0.0,
                "Nonmember size": 0.0,
                "ROC AUC Individual": 0.0,
                "MIA": {
                    "1": 0.0,
                    "3": 0.0
                }
            },
            "5": {
                "Member size": 0.0,
                "Nonmember size": 0.0,
                "ROC AUC Individual": 0.0,
                "MIA": {
                    "1": 0.0,
                    "3": 0.0,
                    "5": 0.0
                }
            },
            "8": {
                "Member size": 0.0,
                "Nonmember size": 0.0,
                "ROC AUC Individual": 0.0,
                "MIA": {
                    "1": 0.0,
                    "3": 0.0,
                    "5": 0.0,
                    "8": 0.0
                }
            },
            "10": {
                "Member size": 0.0,
                "Nonmember size": 0.0,
                "ROC AUC Individual": 0.0,
                "MIA": {
                    "1": 0.0,
                    "3": 0.0,
                    "5": 0.0,
                    "8": 0.0,
                    "10": 0.0
                }
            },
            "30": {
                "Member size": 0.0,
                "Nonmember size": 0.0,
                "ROC AUC Individual": 0.0,
                "MIA": {
                    "1": 0.0,
                    "3": 0.0,
                    "5": 0.0,
                    "8": 0.0,