{
    "average": {
        "max": {
            "1": {
                "Member size": 1600.0,
                "Nonmember size": 100.0,
                "ROC AUC Individual": 0.6442125000000001,
                "MIA": {
                    "1": 0.6442125000000001,
                    "best": {
                        "s": 1,
                        "ROC AUC": 0.6442125000000001
                    }
                }
            },
            "3": {
                "Member size": 544.0,
                "Nonmember size": 34.0,
                "ROC AUC Individual": 0.6442125000000001,
                "MIA": {
                    "1": 0.6693879757785466,
                    "3": 0.7034493944636678,
                    "best": {
                        "s": 3,
                        "ROC AUC": 0.7034493944636678
                    }
                }
            },
            "5": {
                "Member size": 320.0,
                "Nonmember size": 20.0,
                "ROC AUC Individual": 0.6442125000000001,
                "MIA": {
                    "1": 0.7026562500000001,
                    "3": 0.7209375,
                    "5": 0.7362500000000001,
                    "best": {
                        "s": 5,
                        "ROC AUC": 0.7362500000000001
                    }
                }
            },
            "8": {
                "Member size": 208.0,
                "Nonmember size": 13.0,
                "ROC AUC Individual": 0.6442125000000001,
                "MIA": {
                    "1": 0.691198224852071,
                    "3": 0.7000739644970414,
                    "5": 0.7278106508875739,
                    "8": 0.738905325443787,
                    "best": {
                        "s": 8,
                        "ROC AUC": 0.738905325443787
                    }
                }
            },
            "10": {
                "Member size": 160.0,
                "Nonmember size": 10.0,
                "ROC AUC Individual": 0.6442125000000001,
                "MIA": {
                    "1": 0.744375,
                    "3": 0.7350000000000001,
                    "5": 0.744375,
                    "8": 0.77125,
                    "10": 0.775625,
                    "best": {
                        "s": 10,
                        "ROC AUC": 0.775625
                    }
                }
            },
            "30": {
                "Member size": 64.0,
                "Nonmember size": 4.0,
                "ROC AUC Individual": 0.6442125000000001,
                "MIA": {
                    "1": 0.78125,
                    "3": 0.76953125,
                    "5": 0.7421875,
                    "8": 0.73046875,
                    "10": 0.703125,
                    "30": 0.828125,
                    "best": {
                        "s": 30,
                        "ROC AUC": 0.828125
                    }
                }
            },
            "50": {
                "Member size": 32.0,
                "Nonmember size": 2.0,
                "ROC AUC Individual": 0.6442125000000001,
                "MIA": {
                    "1": 0.71875,
                    "3": 0.71875,
                    "5": 0.703125,
                    "8": 0.75,
                    "10": 0.734375,
                    "30": 0.828125,
                    "50": 0.859375,
                    "best": {
                        "s": 50,
                        "ROC AUC": 0.859375
                    }
                }
            },
            "80": {
                "Member size": 32.0,
                "Nonmember size": 2.0,
                "ROC AUC Individual": 0.6442125000000001,
                "MIA": {
                    "1": 0.78125,
                    "3": 0.78125,
                    "5": 0.75,
                    "8": 0.75,
                    "10": 0.71875,
                    "30": 0.71875,
                    "50": 0.75,
                    "80": 0.875,
                    "best": {
                        "s": 80,
                        "ROC AUC": 0.875
                    }
                }
            },
            "100": {
                "Member size": 16.0,
                "Nonmember size": 1.0,
                "ROC AUC Individual": 0.6442125000000001,
                "MIA": {
                    "1": 0.8125,
                    "3": 0.6875,
                    "5": 0.6875,
                    "8": 0.6875,
                    "10": 0.6875,
                    "30": 0.75,
                    "50": 0.8125,
                    "80": 0.875,
                    "100": 0.9375,
                    "best": {
                        "s": 100,
                        "ROC AUC": 0.9375
                    }
                }
            }
        },
        "min": {
            "1": {
                "Member size": 1600.0,
                "Nonmember size": 100.0,
                "ROC AUC Individual": 0.6442125000000001,
                "MIA": {
                    "1": 0.6442125000000001,
                    "best": {
                        "s": 1,
                        "ROC AUC": 0.6442125000000001
                    }
                }
            },
            "3": {
                "Member size": 544.0,
                "Nonmember size": 34.0,
                "ROC AUC Individual": 0.6442125000000001,
                "MIA": {
                    "1": 0.6405709342560554,
                    "3": 0.7034493944636678,
                    "best": {
                        "s": 3,
                        "ROC AUC": 0.7034493944636678
                    }
                }
            },
            "5": {
                "Member size": 320.0,
                "Nonmember size": 20.0,
                "ROC AUC Individual": 0.6442125000000001,
                "MIA": {
                    "1": 0.59359375,
                    "3": 0.7123437499999999,
                    "5": 0.7362500000000001,
                    "best": {
                        "s": 5,
                        "ROC AUC": 0.7362500000000001
                    }
                }
            },
            "8": {
                "Member size": 208.0,
                "Nonmember size": 13.0,
                "ROC AUC Individual": 0.6442125000000001,
                "MIA": {
                    "1": 0.5595414201183432,
                    "3": 0.7071005917159764,
                    "5": 0.738905325443787,
                    "8": 0.738905325443787,
                    "best": {
                        "s": 5,
                        "ROC AUC": 0.738905325443787
                    }
                }
            },
            "10": {
                "Member size": 160.0,
                "Nonmember size": 10.0,
                "ROC AUC Individual": 0.6442125000000001,
                "MIA": {
                    "1": 0.594375,
                    "3": 0.7268749999999999,
                    "5": 0.76625,
                    "8": 0.768125,
                    "10": 0.775625,
                    "best": {
                        "s": 10,
                        "ROC AUC": 0.775625
                    }
                }
            },
            "30": {
                "Member size": 64.0,
                "Nonmember size": 4.0,
                "ROC AUC Individual": 0.6442125000000001,
                "MIA": {
                    "1": 0.52734375,
                    "3": 0.64453125,
                    "5": 0.71484375,
                    "8": 0.73828125,
                    "10": 0.75,
                    "30": 0.828125,
                    "best": {
                        "s": 30,
                        "ROC AUC": 0.828125
                    }
                }
            },
            "50": {
                "Member size": 32.0,
                "Nonmember size": 2.0,
                "ROC AUC Individual": 0.6442125000000001,
                "MIA": {
                    "1": 0.5625,
                    "3": 0.703125,