{
    "average": {
        "max": {
            "1": {
                "Member size": 500.0,
                "Nonmember size": 1500.0,
                "ROC AUC Individual": 0.2438906666666667,
                "MIA": {
                    "1": 0.2438906666666667,
                    "best": {
                        "s": 1,
                        "ROC AUC": 0.2438906666666667
                    }
                }
            },
            "3": {
                "Member size": 170.0,
                "Nonmember size": 510.0,
                "ROC AUC Individual": 0.2438906666666667,
                "MIA": {
                    "1": 0.21455594002306808,
                    "3": 0.22176470588235292,
                    "best": {
                        "s": 3,
                        "ROC AUC": 0.22176470588235292
                    }
                }
            },
            "5": {
                "Member size": 100.0,
                "Nonmember size": 300.0,
                "ROC AUC Individual": 0.2438906666666667,
                "MIA": {
                    "1": 0.1998,
                    "3": 0.2190666666666667,
                    "5": 0.2256333333333333,
                    "best": {
                        "s": 5,
                        "ROC AUC": 0.2256333333333333
                    }
                }
            },
            "8": {
                "Member size": 65.0,
                "Nonmember size": 195.0,
                "ROC AUC Individual": 0.2438906666666667,
                "MIA": {
                    "1": 0.1971597633136095,
                    "3": 0.20142011834319526,
                    "5": 0.21901380670611437,
                    "8": 0.23258382642998027,
                    "best": {
                        "s": 8,
                        "ROC AUC": 0.23258382642998027
                    }
                }
            },
            "10": {
                "Member size": 50.0,
                "Nonmember size": 150.0,
                "ROC AUC Individual": 0.2438906666666667,
                "MIA": {
                    "1": 0.19506666666666664,
                    "3": 0.1928,
                    "5": 0.21333333333333335,
                    "8": 0.23346666666666666,
                    "10": 0.23346666666666666,
                    "best": {
                        "s": 8,
                        "ROC AUC": 0.23346666666666666
                    }
                }
            },
            "30": {
                "Member size": 20.0,
                "Nonmember size": 60.0,
                "ROC AUC Individual": 0.2438906666666667,
                "MIA": {
                    "1": 0.21833333333333332,
                    "3": 0.17083333333333336,
                    "5": 0.1625,
                    "8": 0.16750000000000004,
                    "10": 0.18,
                    "30": 0.23583333333333334,
                    "best": {
                        "s": 30,
                        "ROC AUC": 0.23583333333333334
                    }
                }
            },
            "50": {
                "Member size": 10.0,
                "Nonmember size": 30.0,
                "ROC AUC Individual": 0.2438906666666667,
                "MIA": {
                    "1": 0.25666666666666665,
                    "3": 0.16333333333333336,
                    "5": 0.12666666666666668,
                    "8": 0.13999999999999999,
                    "10": 0.16333333333333333,
                    "30": 0.24000000000000005,
                    "50": 0.25333333333333335,
                    "best": {
                        "s": 1,
                        "ROC AUC": 0.25666666666666665
                    }
                }
            },
            "80": {
                "Member size": 10.0,
                "Nonmember size": 30.0,
                "ROC AUC Individual": 0.2438906666666667,
                "MIA": {
                    "1": 0.25,
                    "3": 0.19999999999999998,
                    "5": 0.18000000000000002,
                    "8": 0.15999999999999998,
                    "10": 0.16333333333333333,
                    "30": 0.19,
                    "50": 0.21999999999999997,
                    "80": 0.25000000000000006,
                    "best": {
                        "s": 80,
                        "ROC AUC": 0.25000000000000006
                    }
                }
            },
            "100": {
                "Member size": 5.0,
                "Nonmember size": 15.0,
                "ROC AUC Individual": 0.2438906666666667,
                "MIA": {
                    "1": 0.24,
                    "3": 0.24,
                    "5": 0.16,
                    "8": 0.13333333333333336,
                    "10": 0.13333333333333336,
                    "30": 0.1866666666666667,
                    "50": 0.24000000000000005,
                    "80": 0.2666666666666667,
                    "100": 0.2666666666666667,
                    "best": {
                        "s": 80,
                        "ROC AUC": 0.2666666666666667
                    }
                }
            }
        },
        "min": {
            "1": {
                "Member size": 500.0,
                "Nonmember size": 1500.0,
                "ROC AUC Individual": 0.2438906666666667,
                "MIA": {
                    "1": 0.2438906666666667,
                    "best": {
                        "s": 1,
                        "ROC AUC": 0.2438906666666667
                    }
                }
            },
            "3": {
                "Member size": 170.0,
                "Nonmember size": 510.0,
                "ROC AUC Individual": 0.2438906666666667,
                "MIA": {
                    "1": 0.24860438292964243,
                    "3": 0.22176470588235292,
                    "best": {
                        "s": 1,
                        "ROC AUC": 0.24860438292964243
                    }
                }
            },
            "5": {
                "Member size": 100.0,
                "Nonmember size": 300.0,
                "ROC AUC Individual": 0.2438906666666667,
                "MIA": {
                    "1": 0.25083333333333335,
                    "3": 0.23663333333333336,
                    "5": 0.2256333333333333,
                    "best": {
                        "s": 1,
                        "ROC AUC": 0.25083333333333335
                    }
                }
            },
            "8": {
                "Member size": 65.0,
                "Nonmember size": 195.0,
                "ROC AUC Individual": 0.2438906666666667,
                "MIA": {
                    "1": 0.24678500986193294,
                    "3": 0.24276134122287968,
                    "5": 0.24039447731755423,
                    "8": 0.23258382642998027,
                    "best": {
                        "s": 1,
                        "ROC AUC": 0.24678500986193294
                    }
                }
            },
            "10": {
                "Member size": 50.0,
                "Nonmember size": 150.0,
                "ROC AUC Individual": 0.2438906666666667,
                "MIA": {
                    "1": 0.24826666666666666,
                    "3": 0.2441333333333333,
                    "5": 0.24106666666666665,
                    "8": 0.24106666666666668,
                    "10": 0.23346666666666666,
                    "best": {
                        "s": 1,
                        "ROC AUC": 0.24826666666666666
                    }
                }
            },
            "30": {
                "Member size": 20.0,
                "Nonmember size": 60.0,
                "ROC AUC Individual": 0.2438906666666667,
                "MIA": {
                    "1": 0.22083333333333333,
                    "3": 0.23916666666666664,
                    "5": 0.24083333333333334,
                    "8": 0.2391666666666667,