{
    "average": {
        "max": {
            "1": {
                "Member size": 92200.0,
                "Nonmember size": 7400.0,
                "ROC AUC Individual": 0.5475499875417718,
                "MIA": {
                    "1": 0.5475499875417718,
                    "best": {
                        "s": 1,
                        "ROC AUC": 0.5475499875417718
                    }
                }
            },
            "3": {
                "Member size": 31348.0,
                "Nonmember size": 2516.0,
                "ROC AUC Individual": 0.5475499875417718,
                "MIA": {
                    "1": 0.5933417667060961,
                    "3": 0.5648343900047733,
                    "best": {
                        "s": 1,
                        "ROC AUC": 0.5933417667060961
                    }
                }
            },
            "5": {
                "Member size": 18440.0,
                "Nonmember size": 1480.0,
                "ROC AUC Individual": 0.5475499875417718,
                "MIA": {
                    "1": 0.6145726278067656,
                    "3": 0.618255078560122,
                    "5": 0.5780794175411854,
                    "best": {
                        "s": 3,
                        "ROC AUC": 0.618255078560122
                    }
                }
            },
            "8": {
                "Member size": 11986.0,
                "Nonmember size": 962.0,
                "ROC AUC Individual": 0.5475499875417718,
                "MIA": {
                    "1": 0.623232345220498,
                    "3": 0.6459174650397743,
                    "5": 0.6374103987569698,
                    "8": 0.5923377169414212,
                    "best": {
                        "s": 3,
                        "ROC AUC": 0.6459174650397743
                    }
                }
            },
            "10": {
                "Member size": 9220.0,
                "Nonmember size": 740.0,
                "ROC AUC Individual": 0.5475499875417718,
                "MIA": {
                    "1": 0.6282708711965762,
                    "3": 0.6652349475288738,
                    "5": 0.6698935920736354,
                    "8": 0.6424920853608489,
                    "10": 0.601605059506361,
                    "best": {
                        "s": 5,
                        "ROC AUC": 0.6698935920736354
                    }
                }
            },
            "30": {
                "Member size": 3688.0,
                "Nonmember size": 296.0,
                "ROC AUC Individual": 0.5475499875417718,
                "MIA": {
                    "1": 0.6170271919153427,
                    "3": 0.6428427478454594,
                    "5": 0.645899594008325,
                    "8": 0.6393123057982061,
                    "10": 0.6376615905493346,
                    "30": 0.6434564987981474,
                    "best": {
                        "s": 5,
                        "ROC AUC": 0.645899594008325
                    }
                }
            },
            "50": {
                "Member size": 1844.0,
                "Nonmember size": 148.0,
                "ROC AUC Individual": 0.5475499875417718,
                "MIA": {
                    "1": 0.5938745822829338,
                    "3": 0.6410894354224073,
                    "5": 0.6714032362080085,
                    "8": 0.704655713196928,
                    "10": 0.7177808231224718,
                    "30": 0.7762245705575423,
                    "50": 0.6912924312598933,
                    "best": {
                        "s": 30,
                        "ROC AUC": 0.7762245705575423
                    }
                }
            },
            "80": {
                "Member size": 1844.0,
                "Nonmember size": 148.0,
                "ROC AUC Individual": 0.5475499875417718,
                "MIA": {
                    "1": 0.6035150524711261,
                    "3": 0.6183531687870083,
                    "5": 0.6169241367180629,
                    "8": 0.6153961716597292,
                    "10": 0.613970803775576,
                    "30": 0.6113399190947997,
                    "50": 0.6340029020343554,
                    "80": 0.6945498915401301,
                    "best": {
                        "s": 80,
                        "ROC AUC": 0.6945498915401301
                    }
                }
            },
            "100": {
                "Member size": 922.0,
                "Nonmember size": 74.0,
                "ROC AUC Individual": 0.5475499875417718,
                "MIA": {
                    "1": 0.5189584921146744,
                    "3": 0.5627455003810753,
                    "5": 0.5978483906900393,
                    "8": 0.6332737292607141,
                    "10": 0.6549070762736705,
                    "30": 0.7652723222137539,
                    "50": 0.8165855660432667,
                    "80": 0.824514861933517,
                    "100": 0.7573137128451662,
                    "best": {
                        "s": 80,
                        "ROC AUC": 0.824514861933517
                    }
                }
            }
        },
        "min": {
            "1": {
                "Member size": 92200.0,
                "Nonmember size": 7400.0,
                "ROC AUC Individual": 0.5475499875417718,
                "MIA": {
                    "1": 0.5475499875417718,
                    "best": {
                        "s": 1,
                        "ROC AUC": 0.5475499875417718
                    }
                }
            },
            "3": {
                "Member size": 31348.0,
                "Nonmember size": 2516.0,
                "ROC AUC Individual": 0.5475499875417718,
                "MIA": {
                    "1": 0.5270769309417052,
                    "3": 0.5648343900047733,
                    "best": {
                        "s": 3,
                        "ROC AUC": 0.5648343900047733
                    }
                }
            },
            "5": {
                "Member size": 18440.0,
                "Nonmember size": 1480.0,
                "ROC AUC Individual": 0.5475499875417718,
                "MIA": {
                    "1": 0.5136867928123351,
                    "3": 0.5495218605264701,
                    "5": 0.5780794175411854,
                    "best": {
                        "s": 5,
                        "ROC AUC": 0.5780794175411854
                    }
                }
            },
            "8": {
                "Member size": 11986.0,
                "Nonmember size": 962.0,
                "ROC AUC Individual": 0.5475499875417718,
                "MIA": {
                    "1": 0.5019618348919199,
                    "3": 0.5297403450248437,
                    "5": 0.5571082062822427,
                    "8": 0.5923377169414212,
                    "best": {
                        "s": 8,
                        "ROC AUC": 0.5923377169414212
                    }
                }
            },
            "10": {
                "Member size": 9220.0,
                "Nonmember size": 740.0,
                "ROC AUC Individual": 0.5475499875417718,
                "MIA": {
                    "1": 0.4939385589494049,
                    "3": 0.5191919739696312,
                    "5": 0.5445563405053644,
                    "8": 0.5858964061675559,
                    "10": 0.601605059506361,
                    "best": {
                        "s": 10,
                        "ROC AUC": 0.601605059506361
                    }
                }
            },
            "30": {
                "Member size": 3688.0,
                "Nonmember size": 296.0,
                "ROC AUC Individual": 0.5475499875417718,
                "MIA": {
                    "1": 0.5067869862812922,