{
    "average": {
        "max": {
            "1": {
                "Member size": 92200.0,
                "Nonmember size": 7400.0,
                "ROC AUC Individual": 0.4137994880192476,
                "MIA": {
                    "1": 0.4137994880192476,
                    "best": {
                        "s": 1,
                        "ROC AUC": 0.4137994880192476
                    }
                }
            },
            "3": {
                "Member size": 31348.0,
                "Nonmember size": 2516.0,
                "ROC AUC Individual": 0.4137994880192476,
                "MIA": {
                    "1": 0.43530345756738276,
                    "3": 0.37098082045158676,
                    "best": {
                        "s": 1,
                        "ROC AUC": 0.43530345756738276
                    }
                }
            },
            "5": {
                "Member size": 18440.0,
                "Nonmember size": 1480.0,
                "ROC AUC Individual": 0.4137994880192476,
                "MIA": {
                    "1": 0.4499137846583799,
                    "3": 0.38060387323956635,
                    "5": 0.33567125686846233,
                    "best": {
                        "s": 1,
                        "ROC AUC": 0.4499137846583799
                    }
                }
            },
            "8": {
                "Member size": 11986.0,
                "Nonmember size": 962.0,
                "ROC AUC Individual": 0.4137994880192476,
                "MIA": {
                    "1": 0.458212274069123,
                    "3": 0.40249222298332027,
                    "5": 0.3552729983367766,
                    "8": 0.3028886148425457,
                    "best": {
                        "s": 1,
                        "ROC AUC": 0.458212274069123
                    }
                }
            },
            "10": {
                "Member size": 9220.0,
                "Nonmember size": 740.0,
                "ROC AUC Individual": 0.4137994880192476,
                "MIA": {
                    "1": 0.4695113980747291,
                    "3": 0.40959237552467764,
                    "5": 0.3583206716771018,
                    "8": 0.3039463846110653,
                    "10": 0.27935451355967184,
                    "best": {
                        "s": 1,
                        "ROC AUC": 0.4695113980747291
                    }
                }
            },
            "30": {
                "Member size": 3688.0,
                "Nonmember size": 296.0,
                "ROC AUC Individual": 0.4137994880192476,
                "MIA": {
                    "1": 0.48640480333634367,
                    "3": 0.45618496047067475,
                    "5": 0.433989703989704,
                    "8": 0.40771654006948127,
                    "10": 0.39323845383005684,
                    "30": 0.20069042552167088,
                    "best": {
                        "s": 1,
                        "ROC AUC": 0.48640480333634367
                    }
                }
            },
            "50": {
                "Member size": 1844.0,
                "Nonmember size": 148.0,
                "ROC AUC Individual": 0.4137994880192476,
                "MIA": {
                    "1": 0.474974294947121,
                    "3": 0.4640792125822066,
                    "5": 0.45139696037899635,
                    "8": 0.40927692398280635,
                    "10": 0.38443514397712875,
                    "30": 0.19122395718140398,
                    "50": 0.10965679132264852,
                    "best": {
                        "s": 1,
                        "ROC AUC": 0.474974294947121
                    }
                }
            },
            "80": {
                "Member size": 1844.0,
                "Nonmember size": 148.0,
                "ROC AUC Individual": 0.4137994880192476,
                "MIA": {
                    "1": 0.47366903283052353,
                    "3": 0.47001729379830315,
                    "5": 0.4639959413269935,
                    "8": 0.44896848233033004,
                    "10": 0.4362708046181436,
                    "30": 0.36599535533203403,
                    "50": 0.3076934724919462,
                    "80": 0.1519834929708638,
                    "best": {
                        "s": 1,
                        "ROC AUC": 0.47366903283052353
                    }
                }
            },
            "100": {
                "Member size": 922.0,
                "Nonmember size": 74.0,
                "ROC AUC Individual": 0.4137994880192476,
                "MIA": {
                    "1": 0.45502350176263223,
                    "3": 0.47453165897126726,
                    "5": 0.4770755521571626,
                    "8": 0.47304649589742076,
                    "10": 0.4614004646648825,
                    "30": 0.2916445857622328,
                    "50": 0.15633621770754952,
                    "80": 0.06980994152046781,
                    "100": 0.05005465637011178,
                    "best": {
                        "s": 5,
                        "ROC AUC": 0.4770755521571626
                    }
                }
            }
        },
        "min": {
            "1": {
                "Member size": 92200.0,
                "Nonmember size": 7400.0,
                "ROC AUC Individual": 0.4137994880192476,
                "MIA": {
                    "1": 0.4137994880192476,
                    "best": {
                        "s": 1,
                        "ROC AUC": 0.4137994880192476
                    }
                }
            },
            "3": {
                "Member size": 31348.0,
                "Nonmember size": 2516.0,
                "ROC AUC Individual": 0.4137994880192476,
                "MIA": {
                    "1": 0.3554082635690956,
                    "3": 0.37098082045158676,
                    "best": {
                        "s": 3,
                        "ROC AUC": 0.37098082045158676
                    }
                }
            },
            "5": {
                "Member size": 18440.0,
                "Nonmember size": 1480.0,
                "ROC AUC Individual": 0.4137994880192476,
                "MIA": {
                    "1": 0.3306993502024427,
                    "3": 0.29940383057048964,
                    "5": 0.33567125686846233,
                    "best": {
                        "s": 5,
                        "ROC AUC": 0.33567125686846233
                    }
                }
            },
            "8": {
                "Member size": 11986.0,
                "Nonmember size": 962.0,
                "ROC AUC Individual": 0.4137994880192476,
                "MIA": {
                    "1": 0.31458237433796554,
                    "3": 0.27644397458993747,
                    "5": 0.27246489793809975,
                    "8": 0.3028886148425457,
                    "best": {
                        "s": 1,
                        "ROC AUC": 0.31458237433796554
                    }
                }
            },
            "10": {
                "Member size": 9220.0,
                "Nonmember size": 740.0,
                "ROC AUC Individual": 0.4137994880192476,
                "MIA": {
                    "1": 0.30891163244057507,
                    "3": 0.24701021641752052,
                    "5": 0.22794633375868928,
                    "8": 0.24442741405736806,
                    "10": 0.27935451355967184,
                    "best": {
                        "s": 1,
                        "ROC AUC": 0.30891163244057507
                    }
                }
            },
            "30": {
                "Member size": 3688.0,
                "Nonmember size": 296.0,
                "ROC AUC Individual": 0.4137994880192476,