{
    "average": {
        "max": {
            "1": {
                "Member size": 767.0,
                "Nonmember size": 230.0,
                "ROC AUC Individual": 0.5994558131625191,
                "MIA": {
                    "1": 0.5994558131625191,
                    "best": {
                        "s": 1,
                        "ROC AUC": 0.5994558131625191
                    }
                }
            },
            "3": {
                "Member size": 767.0,
                "Nonmember size": 230.0,
                "ROC AUC Individual": 0.588112161310649,
                "MIA": {
                    "1": 0.627203673261153,
                    "3": 0.6229140651606312,
                    "best": {
                        "s": 1,
                        "ROC AUC": 0.627203673261153
                    }
                }
            },
            "5": {
                "Member size": 767.0,
                "Nonmember size": 230.0,
                "ROC AUC Individual": 0.5910138123426549,
                "MIA": {
                    "1": 0.6570262456776826,
                    "3": 0.6932260075959413,
                    "5": 0.666159609490294,
                    "best": {
                        "s": 3,
                        "ROC AUC": 0.6932260075959413
                    }
                }
            },
            "8": {
                "Member size": 767.0,
                "Nonmember size": 230.0,
                "ROC AUC Individual": 0.5917551108130832,
                "MIA": {
                    "1": 0.6263732214727056,
                    "3": 0.678935434499178,
                    "5": 0.710345218525027,
                    "8": 0.6833546720318251,
                    "best": {
                        "s": 5,
                        "ROC AUC": 0.710345218525027
                    }
                }
            },
            "10": {
                "Member size": 767.0,
                "Nonmember size": 230.0,
                "ROC AUC Individual": 0.5856235064689492,
                "MIA": {
                    "1": 0.6216711070800975,
                    "3": 0.6696729210362224,
                    "5": 0.7001643897738223,
                    "8": 0.7220934187404342,
                    "10": 0.6934772171288781,
                    "best": {
                        "s": 8,
                        "ROC AUC": 0.7220934187404342
                    }
                }
            },
            "30": {
                "Member size": 767.0,
                "Nonmember size": 230.0,
                "ROC AUC Individual": 0.5835343602330049,
                "MIA": {
                    "1": 0.5946091491412052,
                    "3": 0.6393996938949039,
                    "5": 0.6676662320730118,
                    "8": 0.7019103225440735,
                    "10": 0.7230315741737997,
                    "30": 0.7545256314135766,
                    "best": {
                        "s": 30,
                        "ROC AUC": 0.7545256314135766
                    }
                }
            },
            "50": {
                "Member size": 767.0,
                "Nonmember size": 230.0,
                "ROC AUC Individual": 0.5839961671393672,
                "MIA": {
                    "1": 0.5535457173629613,
                    "3": 0.5982313927781872,
                    "5": 0.634142055439034,
                    "8": 0.6682330933620544,
                    "10": 0.6875914063828581,
                    "30": 0.815645371577575,
                    "50": 0.798765601898016,
                    "best": {
                        "s": 30,
                        "ROC AUC": 0.815645371577575
                    }
                }
            },
            "80": {
                "Member size": 767.0,
                "Nonmember size": 230.0,
                "ROC AUC Individual": 0.5838150140309235,
                "MIA": {
                    "1": 0.5385323961226688,
                    "3": 0.5767926988265972,
                    "5": 0.6156000226744516,
                    "8": 0.6573663624511082,
                    "10": 0.6765772915367609,
                    "30": 0.793328042627969,
                    "50": 0.8627855563743552,
                    "80": 0.8453583896947839,
                    "best": {
                        "s": 50,
                        "ROC AUC": 0.8627855563743552
                    }
                }
            },
            "100": {
                "Member size": 767.0,
                "Nonmember size": 230.0,
                "ROC AUC Individual": 0.5832512018120817,
                "MIA": {
                    "1": 0.52423332010657,
                    "3": 0.558681480641687,
                    "5": 0.5923360353721444,
                    "8": 0.63288929199025,
                    "10": 0.6533133042344539,
                    "30": 0.7693781531659203,
                    "50": 0.8386259282353608,
                    "80": 0.8924165881782116,
                    "100": 0.8525307923632635,
                    "best": {
                        "s": 80,
                        "ROC AUC": 0.8924165881782116
                    }
                }
            }
        },
        "min": {
            "1": {
                "Member size": 767.0,
                "Nonmember size": 230.0,
                "ROC AUC Individual": 0.5994558131625191,
                "MIA": {
                    "1": 0.5994558131625191,
                    "best": {
                        "s": 1,
                        "ROC AUC": 0.5994558131625191
                    }
                }
            },
            "3": {
                "Member size": 767.0,
                "Nonmember size": 230.0,
                "ROC AUC Individual": 0.588112161310649,
                "MIA": {
                    "1": 0.5929652514029817,
                    "3": 0.6229140651606312,
                    "best": {
                        "s": 3,
                        "ROC AUC": 0.6229140651606312
                    }
                }
            },
            "5": {
                "Member size": 767.0,
                "Nonmember size": 230.0,
                "ROC AUC Individual": 0.5910138123426549,
                "MIA": {
                    "1": 0.5925060937588573,
                    "3": 0.6261550686797593,
                    "5": 0.666159609490294,
                    "best": {
                        "s": 5,
                        "ROC AUC": 0.666159609490294
                    }
                }
            },
            "8": {
                "Member size": 767.0,
                "Nonmember size": 230.0,
                "ROC AUC Individual": 0.5917551108130832,
                "MIA": {
                    "1": 0.5828070971033388,
                    "3": 0.6135713474855262,
                    "5": 0.6446588716085822,
                    "8": 0.6833546720318251,
                    "best": {
                        "s": 8,
                        "ROC AUC": 0.6833546720318251
                    }
                }
            },
            "10": {
                "Member size": 767.0,
                "Nonmember size": 230.0,
                "ROC AUC Individual": 0.5856235064689492,
                "MIA": {
                    "1": 0.581287042466822,
                    "3": 0.6074771682989956,
                    "5": 0.6313578163658545,
                    "8": 0.6723233270079336,
                    "10": 0.6934772171288781,
                    "best": {
                        "s": 10,
                        "ROC AUC": 0.6934772171288781
                    }
                }
            },
            "30": {
                "Member size": 767.0,
                "Nonmember size": 230.0,
                "ROC AUC Individual": 0.5835343602330049,
                "MIA": {
                    "1": 0.543679553716363,
                    "3": 0.5769915353666005,