{
    "average": {
        "max": {
            "1": {
                "Member size": 767.0,
                "Nonmember size": 230.0,
                "ROC AUC Individual": 0.5820078226857888,
                "MIA": {
                    "1": 0.5820078226857888,
                    "best": {
                        "s": 1,
                        "ROC AUC": 0.5820078226857888
                    }
                }
            },
            "3": {
                "Member size": 767.0,
                "Nonmember size": 230.0,
                "ROC AUC Individual": 0.5911001890359169,
                "MIA": {
                    "1": 0.6322260642820702,
                    "3": 0.6404870019298445,
                    "best": {
                        "s": 3,
                        "ROC AUC": 0.6404870019298445
                    }
                }
            },
            "5": {
                "Member size": 767.0,
                "Nonmember size": 230.0,
                "ROC AUC Individual": 0.5945841554965866,
                "MIA": {
                    "1": 0.6675755342667649,
                    "3": 0.6956124418208649,
                    "5": 0.6777727324327394,
                    "best": {
                        "s": 3,
                        "ROC AUC": 0.6956124418208649
                    }
                }
            },
            "8": {
                "Member size": 767.0,
                "Nonmember size": 230.0,
                "ROC AUC Individual": 0.5946659807651437,
                "MIA": {
                    "1": 0.6750807777336885,
                    "3": 0.70822454308094,
                    "5": 0.721063684867749,
                    "8": 0.697072406776561,
                    "best": {
                        "s": 5,
                        "ROC AUC": 0.721063684867749
                    }
                }
            },
            "10": {
                "Member size": 767.0,
                "Nonmember size": 230.0,
                "ROC AUC Individual": 0.5942838803517422,
                "MIA": {
                    "1": 0.6572076412901763,
                    "3": 0.7151492791463276,
                    "5": 0.7422749460778748,
                    "8": 0.7518049721875354,
                    "10": 0.7311609776172295,
                    "best": {
                        "s": 8,
                        "ROC AUC": 0.7518049721875354
                    }
                }
            },
            "30": {
                "Member size": 767.0,
                "Nonmember size": 230.0,
                "ROC AUC Individual": 0.5877880134044199,
                "MIA": {
                    "1": 0.6316592029930276,
                    "3": 0.6982716539902372,
                    "5": 0.7439493699625384,
                    "8": 0.7867805653309116,
                    "10": 0.806379838801226,
                    "30": 0.8002884499819719,
                    "best": {
                        "s": 10,
                        "ROC AUC": 0.806379838801226
                    }
                }
            },
            "50": {
                "Member size": 767.0,
                "Nonmember size": 230.0,
                "ROC AUC Individual": 0.5908716344692608,
                "MIA": {
                    "1": 0.6115412958449067,
                    "3": 0.6873992507662618,
                    "5": 0.7326541037575207,
                    "8": 0.7764558973776818,
                    "10": 0.7998013395391077,
                    "30": 0.8887354362034671,
                    "50": 0.8561244254948481,
                    "best": {
                        "s": 30,
                        "ROC AUC": 0.8887354362034671
                    }
                }
            },
            "80": {
                "Member size": 767.0,
                "Nonmember size": 230.0,
                "ROC AUC Individual": 0.5871993185907063,
                "MIA": {
                    "1": 0.5960659826540445,
                    "3": 0.6742191485743438,
                    "5": 0.7221472705628933,
                    "8": 0.7697239385522363,
                    "10": 0.7926874893713509,
                    "30": 0.8893801793620161,
                    "50": 0.9200924871370768,
                    "80": 0.8775909944579507,
                    "best": {
                        "s": 50,
                        "ROC AUC": 0.9200924871370768
                    }
                }
            },
            "100": {
                "Member size": 767.0,
                "Nonmember size": 230.0,
                "ROC AUC Individual": 0.5869703064980561,
                "MIA": {
                    "1": 0.5857547758063602,
                    "3": 0.6609545944107478,
                    "5": 0.7124985809967079,
                    "8": 0.759081621069361,
                    "10": 0.7824667953229653,
                    "30": 0.889184427394146,
                    "50": 0.9221328312221841,
                    "80": 0.9327342234394614,
                    "100": 0.8922353700268462,
                    "best": {
                        "s": 80,
                        "ROC AUC": 0.9327342234394614
                    }
                }
            }
        },
        "min": {
            "1": {
                "Member size": 767.0,
                "Nonmember size": 230.0,
                "ROC AUC Individual": 0.5820078226857888,
                "MIA": {
                    "1": 0.5820078226857888,
                    "best": {
                        "s": 1,
                        "ROC AUC": 0.5820078226857888
                    }
                }
            },
            "3": {
                "Member size": 767.0,
                "Nonmember size": 230.0,
                "ROC AUC Individual": 0.5911001890359169,
                "MIA": {
                    "1": 0.5975738336828977,
                    "3": 0.6404870019298445,
                    "best": {
                        "s": 3,
                        "ROC AUC": 0.6404870019298445
                    }
                }
            },
            "5": {
                "Member size": 767.0,
                "Nonmember size": 230.0,
                "ROC AUC Individual": 0.5945841554965866,
                "MIA": {
                    "1": 0.6116358269951186,
                    "3": 0.6533318197298218,
                    "5": 0.6777727324327394,
                    "best": {
                        "s": 5,
                        "ROC AUC": 0.6777727324327394
                    }
                }
            },
            "8": {
                "Member size": 767.0,
                "Nonmember size": 230.0,
                "ROC AUC Individual": 0.5946659807651437,
                "MIA": {
                    "1": 0.6035304801907141,
                    "3": 0.6425871268021341,
                    "5": 0.6672891361107958,
                    "8": 0.697072406776561,
                    "best": {
                        "s": 8,
                        "ROC AUC": 0.697072406776561
                    }
                }
            },
            "10": {
                "Member size": 767.0,
                "Nonmember size": 230.0,
                "ROC AUC Individual": 0.5942838803517422,
                "MIA": {
                    "1": 0.6030991031899193,
                    "3": 0.6429553850525718,
                    "5": 0.6714147507398134,
                    "8": 0.7117046571709458,
                    "10": 0.7311609776172295,
                    "best": {
                        "s": 10,
                        "ROC AUC": 0.7311609776172295
                    }
                }
            },
            "30": {
                "Member size": 767.0,
                "Nonmember size": 230.0,
                "ROC AUC Individual": 0.5877880134044199,
                "MIA": {
                    "1": 0.5522386351279424,
                    "3": 0.5889759453318606,