{
    "average": {
        "max": {
            "1": {
                "Member size": 76700.0,
                "Nonmember size": 23000.0,
                "ROC AUC Individual": 0.5012049240622191,
                "MIA": {
                    "1": 0.5012049240622191,
                    "best": {
                        "s": 1,
                        "ROC AUC": 0.5012049240622191
                    }
                }
            },
            "3": {
                "Member size": 26078.0,
                "Nonmember size": 7820.0,
                "ROC AUC Individual": 0.5012049240622191,
                "MIA": {
                    "1": 0.5238817350108996,
                    "3": 0.5036484507556585,
                    "best": {
                        "s": 1,
                        "ROC AUC": 0.5238817350108996
                    }
                }
            },
            "5": {
                "Member size": 15340.0,
                "Nonmember size": 4600.0,
                "ROC AUC Individual": 0.5012049240622191,
                "MIA": {
                    "1": 0.5238909073132068,
                    "3": 0.5205667480976536,
                    "5": 0.5030964217383541,
                    "best": {
                        "s": 1,
                        "ROC AUC": 0.5238909073132068
                    }
                }
            },
            "8": {
                "Member size": 9971.0,
                "Nonmember size": 2990.0,
                "ROC AUC Individual": 0.5012049240622191,
                "MIA": {
                    "1": 0.5024317189306918,
                    "3": 0.5194948770764478,
                    "5": 0.5156110795764244,
                    "8": 0.5003118048646664,
                    "best": {
                        "s": 3,
                        "ROC AUC": 0.5194948770764478
                    }
                }
            },
            "10": {
                "Member size": 7670.0,
                "Nonmember size": 2300.0,
                "ROC AUC Individual": 0.5012049240622191,
                "MIA": {
                    "1": 0.48686301409192645,
                    "3": 0.5174425932373105,
                    "5": 0.5209374619612543,
                    "8": 0.5121512527759036,
                    "10": 0.5006867556219812,
                    "best": {
                        "s": 5,
                        "ROC AUC": 0.5209374619612543
                    }
                }
            },
            "30": {
                "Member size": 3068.0,
                "Nonmember size": 920.0,
                "ROC AUC Individual": 0.5012049240622191,
                "MIA": {
                    "1": 0.4370089735047703,
                    "3": 0.46634795371394533,
                    "5": 0.49073995291982186,
                    "8": 0.5085492356561445,
                    "10": 0.5117317564309821,
                    "30": 0.5046386473766876,
                    "best": {
                        "s": 10,
                        "ROC AUC": 0.5117317564309821
                    }
                }
            },
            "50": {
                "Member size": 1534.0,
                "Nonmember size": 460.0,
                "ROC AUC Individual": 0.5012049240622191,
                "MIA": {
                    "1": 0.39282070177427586,
                    "3": 0.3930247718383312,
                    "5": 0.4239413865427131,
                    "8": 0.46696474122782156,
                    "10": 0.4883665891956238,
                    "30": 0.5250481832095686,
                    "50": 0.4933239554206051,
                    "best": {
                        "s": 30,
                        "ROC AUC": 0.5250481832095686
                    }
                }
            },
            "80": {
                "Member size": 1534.0,
                "Nonmember size": 460.0,
                "ROC AUC Individual": 0.5012049240622191,
                "MIA": {
                    "1": 0.40990101817975555,
                    "3": 0.4383859440142942,
                    "5": 0.4629952636206358,
                    "8": 0.4840182648401826,
                    "10": 0.4917127541904195,
                    "30": 0.5099636497884305,
                    "50": 0.5099733720648754,
                    "80": 0.5084529874942103,
                    "best": {
                        "s": 50,
                        "ROC AUC": 0.5099733720648754
                    }
                }
            },
            "100": {
                "Member size": 767.0,
                "Nonmember size": 230.0,
                "ROC AUC Individual": 0.5012049240622191,
                "MIA": {
                    "1": 0.3803525877217845,
                    "3": 0.34450427980273224,
                    "5": 0.34763335411824725,
                    "8": 0.37531319086219606,
                    "10": 0.3958732498157701,
                    "30": 0.5153676095459441,
                    "50": 0.5318116862044032,
                    "80": 0.5167147434070257,
                    "100": 0.49320173288030783,
                    "best": {
                        "s": 50,
                        "ROC AUC": 0.5318116862044032
                    }
                }
            }
        },
        "min": {
            "1": {
                "Member size": 76700.0,
                "Nonmember size": 23000.0,
                "ROC AUC Individual": 0.5012049240622191,
                "MIA": {
                    "1": 0.5012049240622191,
                    "best": {
                        "s": 1,
                        "ROC AUC": 0.5012049240622191
                    }
                }
            },
            "3": {
                "Member size": 26078.0,
                "Nonmember size": 7820.0,
                "ROC AUC Individual": 0.5012049240622191,
                "MIA": {
                    "1": 0.4662882497615328,
                    "3": 0.5036484507556585,
                    "best": {
                        "s": 3,
                        "ROC AUC": 0.5036484507556585
                    }
                }
            },
            "5": {
                "Member size": 15340.0,
                "Nonmember size": 4600.0,
                "ROC AUC Individual": 0.5012049240622191,
                "MIA": {
                    "1": 0.4514868791121224,
                    "3": 0.47593006892985723,
                    "5": 0.5030964217383541,
                    "best": {
                        "s": 5,
                        "ROC AUC": 0.5030964217383541
                    }
                }
            },
            "8": {
                "Member size": 9971.0,
                "Nonmember size": 2990.0,
                "ROC AUC Individual": 0.5012049240622191,
                "MIA": {
                    "1": 0.43950679382430247,
                    "3": 0.44882584329346775,
                    "5": 0.4758246112905086,
                    "8": 0.5003118048646664,
                    "best": {
                        "s": 8,
                        "ROC AUC": 0.5003118048646664
                    }
                }
            },
            "10": {
                "Member size": 7670.0,
                "Nonmember size": 2300.0,
                "ROC AUC Individual": 0.5012049240622191,
                "MIA": {
                    "1": 0.4315580160567225,
                    "3": 0.43102558748716574,
                    "5": 0.4496362526933073,
                    "8": 0.5047429292112329,
                    "10": 0.5006867556219812,
                    "best": {
                        "s": 8,
                        "ROC AUC": 0.5047429292112329
                    }
                }
            },
            "30": {
                "Member size": 3068.0,
                "Nonmember size": 920.0,
                "ROC AUC Individual": 0.5012049240622191,
                "MIA": {
                    "1": 0.4211295127313994,