{
    "average": {
        "max": {
            "1": {
                "Member size": 767.0,
                "Nonmember size": 230.0,
                "ROC AUC Individual": 0.6150955161272037,
                "MIA": {
                    "1": 0.6150955161272037,
                    "best": {
                        "s": 1,
                        "ROC AUC": 0.6150955161272037
                    }
                }
            },
            "3": {
                "Member size": 767.0,
                "Nonmember size": 230.0,
                "ROC AUC Individual": 0.6269256458727158,
                "MIA": {
                    "1": 0.6841448897454793,
                    "3": 0.6863945964354637,
                    "best": {
                        "s": 3,
                        "ROC AUC": 0.6863945964354637
                    }
                }
            },
            "5": {
                "Member size": 767.0,
                "Nonmember size": 230.0,
                "ROC AUC Individual": 0.6210336576625616,
                "MIA": {
                    "1": 0.7008843036109064,
                    "3": 0.7490350777613803,
                    "5": 0.7243273924395505,
                    "best": {
                        "s": 3,
                        "ROC AUC": 0.7490350777613803
                    }
                }
            },
            "8": {
                "Member size": 767.0,
                "Nonmember size": 230.0,
                "ROC AUC Individual": 0.6249535956942124,
                "MIA": {
                    "1": 0.7187971203446517,
                    "3": 0.7760074923373823,
                    "5": 0.7995856510387105,
                    "8": 0.7625117172317611,
                    "best": {
                        "s": 5,
                        "ROC AUC": 0.7995856510387105
                    }
                }
            },
            "10": {
                "Member size": 767.0,
                "Nonmember size": 230.0,
                "ROC AUC Individual": 0.6217932749070672,
                "MIA": {
                    "1": 0.7222322997562498,
                    "3": 0.779356340106709,
                    "5": 0.8108014530593711,
                    "8": 0.8227494607787491,
                    "10": 0.7891984270330825,
                    "best": {
                        "s": 8,
                        "ROC AUC": 0.8227494607787491
                    }
                }
            },
            "30": {
                "Member size": 767.0,
                "Nonmember size": 230.0,
                "ROC AUC Individual": 0.6158893404629585,
                "MIA": {
                    "1": 0.6728586814806417,
                    "3": 0.7510443864229764,
                    "5": 0.7959813826768078,
                    "8": 0.8394482915200364,
                    "10": 0.858468611647179,
                    "30": 0.8560325536408225,
                    "best": {
                        "s": 10,
                        "ROC AUC": 0.858468611647179
                    }
                }
            },
            "50": {
                "Member size": 767.0,
                "Nonmember size": 230.0,
                "ROC AUC Individual": 0.6190072541245316,
                "MIA": {
                    "1": 0.6489201292443738,
                    "3": 0.740963787035986,
                    "5": 0.7897377681916222,
                    "8": 0.8335452378249517,
                    "10": 0.8534112839141786,
                    "30": 0.9349074809853559,
                    "50": 0.9067095324874783,
                    "best": {
                        "s": 30,
                        "ROC AUC": 0.9349074809853559
                    }
                }
            },
            "80": {
                "Member size": 767.0,
                "Nonmember size": 230.0,
                "ROC AUC Individual": 0.6161050554801725,
                "MIA": {
                    "1": 0.6269060710844057,
                    "3": 0.7263760557791508,
                    "5": 0.7781359972755137,
                    "8": 0.8243160404132137,
                    "10": 0.8453626972414576,
                    "30": 0.928849104859335,
                    "50": 0.9558625741871605,
                    "80": 0.9332995356661405,
                    "best": {
                        "s": 50,
                        "ROC AUC": 0.9558625741871605
                    }
                }
            },
            "100": {
                "Member size": 767.0,
                "Nonmember size": 230.0,
                "ROC AUC Individual": 0.615832999988436,
                "MIA": {
                    "1": 0.6346550649056176,
                    "3": 0.721784479337906,
                    "5": 0.7807331628303495,
                    "8": 0.8286615515771526,
                    "10": 0.8483660130718954,
                    "30": 0.9307132708155725,
                    "50": 0.9564063771504544,
                    "80": 0.9651629245034328,
                    "100": 0.9421310965422682,
                    "best": {
                        "s": 80,
                        "ROC AUC": 0.9651629245034328
                    }
                }
            }
        },
        "min": {
            "1": {
                "Member size": 767.0,
                "Nonmember size": 230.0,
                "ROC AUC Individual": 0.6150955161272037,
                "MIA": {
                    "1": 0.6150955161272037,
                    "best": {
                        "s": 1,
                        "ROC AUC": 0.6150955161272037
                    }
                }
            },
            "3": {
                "Member size": 767.0,
                "Nonmember size": 230.0,
                "ROC AUC Individual": 0.6269256458727158,
                "MIA": {
                    "1": 0.6289382688056232,
                    "3": 0.6863945964354637,
                    "best": {
                        "s": 3,
                        "ROC AUC": 0.6863945964354637
                    }
                }
            },
            "5": {
                "Member size": 767.0,
                "Nonmember size": 230.0,
                "ROC AUC Individual": 0.6210336576625616,
                "MIA": {
                    "1": 0.6367096151663072,
                    "3": 0.6846463843796118,
                    "5": 0.7243273924395505,
                    "best": {
                        "s": 5,
                        "ROC AUC": 0.7243273924395505
                    }
                }
            },
            "8": {
                "Member size": 767.0,
                "Nonmember size": 230.0,
                "ROC AUC Individual": 0.6249535956942124,
                "MIA": {
                    "1": 0.6303242446573324,
                    "3": 0.6833125212850493,
                    "5": 0.7216426382109207,
                    "8": 0.7625117172317611,
                    "best": {
                        "s": 8,
                        "ROC AUC": 0.7625117172317611
                    }
                }
            },
            "10": {
                "Member size": 767.0,
                "Nonmember size": 230.0,
                "ROC AUC Individual": 0.6217932749070672,
                "MIA": {
                    "1": 0.6352508797820411,
                    "3": 0.686252696106255,
                    "5": 0.7227848820687696,
                    "8": 0.7659297194723245,
                    "10": 0.7891984270330825,
                    "best": {
                        "s": 10,
                        "ROC AUC": 0.7891984270330825
                    }
                }
            },
            "30": {
                "Member size": 767.0,
                "Nonmember size": 230.0,
                "ROC AUC Individual": 0.6158893404629585,
                "MIA": {
                    "1": 0.6101819886142802,
                    "3": 0.65621798577209,