{
    "average": {
        "max": {
            "1": {
                "Member size": 76700.0,
                "Nonmember size": 23000.0,
                "ROC AUC Individual": 0.4624370046446485,
                "MIA": {
                    "1": 0.4624370046446485,
                    "best": {
                        "s": 1,
                        "ROC AUC": 0.4624370046446485
                    }
                }
            },
            "3": {
                "Member size": 26078.0,
                "Nonmember size": 7820.0,
                "ROC AUC Individual": 0.4624370046446485,
                "MIA": {
                    "1": 0.4678631851869582,
                    "3": 0.44673423463701833,
                    "best": {
                        "s": 1,
                        "ROC AUC": 0.4678631851869582
                    }
                }
            },
            "5": {
                "Member size": 15340.0,
                "Nonmember size": 4600.0,
                "ROC AUC Individual": 0.4624370046446485,
                "MIA": {
                    "1": 0.46550513926763304,
                    "3": 0.4461585578509819,
                    "5": 0.4337904224358139,
                    "best": {
                        "s": 1,
                        "ROC AUC": 0.46550513926763304
                    }
                }
            },
            "8": {
                "Member size": 9971.0,
                "Nonmember size": 2990.0,
                "ROC AUC Individual": 0.4624370046446485,
                "MIA": {
                    "1": 0.46495254297663896,
                    "3": 0.4528562107727866,
                    "5": 0.4409104738966062,
                    "8": 0.42551401658826676,
                    "best": {
                        "s": 1,
                        "ROC AUC": 0.46495254297663896
                    }
                }
            },
            "10": {
                "Member size": 7670.0,
                "Nonmember size": 2300.0,
                "ROC AUC Individual": 0.4624370046446485,
                "MIA": {
                    "1": 0.46464736630250536,
                    "3": 0.4516660334238776,
                    "5": 0.44062067244713365,
                    "8": 0.4224153026947416,
                    "10": 0.4171518001349497,
                    "best": {
                        "s": 1,
                        "ROC AUC": 0.46464736630250536
                    }
                }
            },
            "30": {
                "Member size": 3068.0,
                "Nonmember size": 920.0,
                "ROC AUC Individual": 0.4624370046446485,
                "MIA": {
                    "1": 0.4561836378843509,
                    "3": 0.45280779375478597,
                    "5": 0.4552468873195496,
                    "8": 0.45446446297399246,
                    "10": 0.4542464004539329,
                    "30": 0.39184689307225107,
                    "best": {
                        "s": 1,
                        "ROC AUC": 0.4561836378843509
                    }
                }
            },
            "50": {
                "Member size": 1534.0,
                "Nonmember size": 460.0,
                "ROC AUC Individual": 0.4624370046446485,
                "MIA": {
                    "1": 0.439547077830055,
                    "3": 0.4344127317045519,
                    "5": 0.43527436086389665,
                    "8": 0.4396958789184287,
                    "10": 0.4405858511422255,
                    "30": 0.4148827249780198,
                    "50": 0.38133800248048444,
                    "best": {
                        "s": 10,
                        "ROC AUC": 0.4405858511422255
                    }
                }
            },
            "80": {
                "Member size": 1534.0,
                "Nonmember size": 460.0,
                "ROC AUC Individual": 0.4624370046446485,
                "MIA": {
                    "1": 0.4459483589365682,
                    "3": 0.45423161952270275,
                    "5": 0.46103395499121363,
                    "8": 0.46329856584093876,
                    "10": 0.4626183322940876,
                    "30": 0.4503332482486741,
                    "50": 0.4296001933630961,
                    "80": 0.38609870153649845,
                    "best": {
                        "s": 8,
                        "ROC AUC": 0.46329856584093876
                    }
                }
            },
            "100": {
                "Member size": 767.0,
                "Nonmember size": 230.0,
                "ROC AUC Individual": 0.4624370046446485,
                "MIA": {
                    "1": 0.42118360637152086,
                    "3": 0.4163766226404399,
                    "5": 0.4181168867978006,
                    "8": 0.4248228558471743,
                    "10": 0.42818434329119665,
                    "30": 0.4383538348166204,
                    "50": 0.42047979941877034,
                    "80": 0.38677940924412957,
                    "100": 0.37319493542200965,
                    "best": {
                        "s": 30,
                        "ROC AUC": 0.4383538348166204
                    }
                }
            }
        },
        "min": {
            "1": {
                "Member size": 76700.0,
                "Nonmember size": 23000.0,
                "ROC AUC Individual": 0.4624370046446485,
                "MIA": {
                    "1": 0.4624370046446485,
                    "best": {
                        "s": 1,
                        "ROC AUC": 0.4624370046446485
                    }
                }
            },
            "3": {
                "Member size": 26078.0,
                "Nonmember size": 7820.0,
                "ROC AUC Individual": 0.4624370046446485,
                "MIA": {
                    "1": 0.4416800166409134,
                    "3": 0.44673423463701833,
                    "best": {
                        "s": 3,
                        "ROC AUC": 0.44673423463701833
                    }
                }
            },
            "5": {
                "Member size": 15340.0,
                "Nonmember size": 4600.0,
                "ROC AUC Individual": 0.4624370046446485,
                "MIA": {
                    "1": 0.43961953332104736,
                    "3": 0.4246506509969854,
                    "5": 0.4337904224358139,
                    "best": {
                        "s": 1,
                        "ROC AUC": 0.43961953332104736
                    }
                }
            },
            "8": {
                "Member size": 9971.0,
                "Nonmember size": 2990.0,
                "ROC AUC Individual": 0.4624370046446485,
                "MIA": {
                    "1": 0.43819884884332344,
                    "3": 0.4173584201907046,
                    "5": 0.4156294756193938,
                    "8": 0.42551401658826676,
                    "best": {
                        "s": 1,
                        "ROC AUC": 0.43819884884332344
                    }
                }
            },
            "10": {
                "Member size": 7670.0,
                "Nonmember size": 2300.0,
                "ROC AUC Individual": 0.4624370046446485,
                "MIA": {
                    "1": 0.4436832234248764,
                    "3": 0.41482290075893796,
                    "5": 0.4015356319071637,
                    "8": 0.40590622772857016,
                    "10": 0.4171518001349497,
                    "best": {
                        "s": 1,
                        "ROC AUC": 0.4436832234248764
                    }
                }
            },
            "30": {
                "Member size": 3068.0,
                "Nonmember size": 920.0,
                "ROC AUC Individual": 0.4624370046446485,