{
    "1": {
        "1": {
            "ROC AUC": 0.531,
            "Group size": 100,
            "ROC AUC Individual": 0.531,
            "ROC AUC Individual with set label": 0.531
        },
        "best": {
            "s": 1,
            "ROC AUC": 0.531
        }
    },
    "3": {
        "1": {
            "ROC AUC": 0.6679499999999999,
            "Group size": 100,
            "ROC AUC Individual": 0.6237277777777778,
            "ROC AUC Individual with set label": 0.6679499999999999
        },
        "3": {
            "ROC AUC": 0.6956,
            "Group size": 100,
            "ROC AUC Individual": 0.6237277777777778,
            "ROC AUC Individual with set label": 0.6956
        },
        "best": {
            "s": 3,
            "ROC AUC": 0.6956
        }
    },
    "5": {
        "1": {
            "ROC AUC": 0.5993999999999999,
            "Group size": 100,
            "ROC AUC Individual": 0.5710479999999999,
            "ROC AUC Individual with set label": 0.5993999999999999
        },
        "3": {
            "ROC AUC": 0.6496999999999999,
            "Group size": 100,
            "ROC AUC Individual": 0.5710479999999999,
            "ROC AUC Individual with set label": 0.6496999999999999
        },
        "5": {
            "ROC AUC": 0.6381,
            "Group size": 100,
            "ROC AUC Individual": 0.5710479999999999,
            "ROC AUC Individual with set label": 0.6381
        },
        "best": {
            "s": 3,
            "ROC AUC": 0.6496999999999999
        }
    },
    "10": {
        "1": {
            "ROC AUC": 0.6597999999999999,
            "Group size": 100,
            "ROC AUC Individual": 0.5666235,
            "ROC AUC Individual with set label": 0.6597999999999999
        },
        "3": {
            "ROC AUC": 0.7145,
            "Group size": 100,
            "ROC AUC Individual": 0.5666235,
            "ROC AUC Individual with set label": 0.7145
        },
        "5": {
            "ROC AUC": 0.7271999999999998,
            "Group size": 100,
            "ROC AUC Individual": 0.5666235,
            "ROC AUC Individual with set label": 0.7271999999999998
        },
        "10": {
            "ROC AUC": 0.6917,
            "Group size": 100,
            "ROC AUC Individual": 0.5666235,
            "ROC AUC Individual with set label": 0.6917
        },
        "best": {
            "s": 5,
            "ROC AUC": 0.7271999999999998
        }
    },
    "30": {
        "1": {
            "ROC AUC": 0.6392,
            "Group size": 100,
            "ROC AUC Individual": 0.5820806111111112,
            "ROC AUC Individual with set label": 0.6392
        },
        "3": {
            "ROC AUC": 0.6887,
            "Group size": 100,
            "ROC AUC Individual": 0.5820806111111112,
            "ROC AUC Individual with set label": 0.6887
        },
        "5": {
            "ROC AUC": 0.7156000000000001,
            "Group size": 100,
            "ROC AUC Individual": 0.5820806111111112,
            "ROC AUC Individual with set label": 0.7156000000000001
        },
        "10": {
            "ROC AUC": 0.7716,
            "Group size": 100,
            "ROC AUC Individual": 0.5820806111111112,
            "ROC AUC Individual with set label": 0.7716
        },
        "30": {
            "ROC AUC": 0.8293999999999998,
            "Group size": 100,
            "ROC AUC Individual": 0.5820806111111112,
            "ROC AUC Individual with set label": 0.8293999999999998
        },
        "best": {
            "s": 30,
            "ROC AUC": 0.8293999999999998
        }
    },
    "50": {
        "1": {
            "ROC AUC": 0.6852999999999999,
            "Group size": 100,
            "ROC AUC Individual": 0.58031418,
            "ROC AUC Individual with set label": 0.6852999999999999
        },
        "3": {
            "ROC AUC": 0.7379,
            "Group size": 100,
            "ROC AUC Individual": 0.58031418,
            "ROC AUC Individual with set label": 0.7379
        },
        "5": {
            "ROC AUC": 0.7697,
            "Group size": 100,
            "ROC AUC Individual": 0.58031418,
            "ROC AUC Individual with set label": 0.7697
        },
        "10": {
            "ROC AUC": 0.8028,
            "Group size": 100,
            "ROC AUC Individual": 0.58031418,
            "ROC AUC Individual with set label": 0.8028
        },
        "30": {
            "ROC AUC": 0.8507,
            "Group size": 100,
            "ROC AUC Individual": 0.58031418,
            "ROC AUC Individual with set label": 0.8507
        },
        "50": {
            "ROC AUC": 0.8681,
            "Group size": 100,
            "ROC AUC Individual": 0.58031418,
            "ROC AUC Individual with set label": 0.8681
        },
        "best": {
            "s": 50,
            "ROC AUC": 0.8681
        }
    },
    "100": {
        "1": {
            "ROC AUC": 0.7142000000000002,
            "Group size": 100,
            "ROC AUC Individual": 0.585802625,
            "ROC AUC Individual with set label": 0.7142000000000002
        },
        "3": {
            "ROC AUC": 0.7789,
            "Group size": 100,
            "ROC AUC Individual": 0.585802625,
            "ROC AUC Individual with set label": 0.7789
        },
        "5": {
            "ROC AUC": 0.8078999999999998,
            "Group size": 100,
            "ROC AUC Individual": 0.585802625,
            "ROC AUC Individual with set label": 0.8078999999999998
        },
        "10": {
            "ROC AUC": 0.8364999999999999,
            "Group size": 100,
            "ROC AUC Individual": 0.585802625,
            "ROC AUC Individual with set label": 0.8364999999999999
        },
        "30": {
            "ROC AUC": 0.8795999999999999,
            "Group size": 100,
            "ROC AUC Individual": 0.585802625,
            "ROC AUC Individual with set label": 0.8795999999999999
        },
        "50": {
            "ROC AUC": 0.8887,
            "Group size": 100,
            "ROC AUC Individual": 0.585802625,
            "ROC AUC Individual with set label": 0.8887
        },
        "100": {
            "ROC AUC": 0.9159,
            "Group size": 100,
            "ROC AUC Individual": 0.585802625,
            "ROC AUC Individual with set label": 0.9159
        },
        "best": {
            "s": 100,
            "ROC AUC": 0.9159
        }
    },
    "Total individual ROC AUC": 0.5809091144248708
}