{
    "100": {
        "1": {
            "ROC AUC": 0.7142000000000002,
            "Group size": 100,
            "ROC AUC Individual": 0.585802625,
            "ROC AUC Individual with set label": 0.7142000000000002
        },
        "3": {
            "ROC AUC": 0.7789,
            "Group size": 100,
            "ROC AUC Individual": 0.585802625,
            "ROC AUC Individual with set label": 0.7789
        },
        "5": {
            "ROC AUC": 0.8078999999999998,
            "Group size": 100,
            "ROC AUC Individual": 0.585802625,
            "ROC AUC Individual with set label": 0.8078999999999998
        },
        "10": {
            "ROC AUC": 0.8364999999999999,
            "Group size": 100,
            "ROC AUC Individual": 0.585802625,
            "ROC AUC Individual with set label": 0.8364999999999999
        },
        "30": {
            "ROC AUC": 0.8795999999999999,
            "Group size": 100,
            "ROC AUC Individual": 0.585802625,
            "ROC AUC Individual with set label": 0.8795999999999999
        },
        "50": {
            "ROC AUC": 0.8887,
            "Group size": 100,
            "ROC AUC Individual": 0.585802625,
            "ROC AUC Individual with set label": 0.8887
        },
        "100": {
            "ROC AUC": 0.9159,
            "Group size": 100,
            "ROC AUC Individual": 0.585802625,
            "ROC AUC Individual with set label": 0.9159
        }
    },
    "best": {
        "s": 100,
        "ROC AUC": 0.9159
    },
    "Total individual ROC AUC": 0.5809091144248708
}