{
    "average": {
        "max": {
            "1": {
                "Member size": 767.0,
                "Nonmember size": 230.0,
                "ROC AUC Individual": 0.5552973187461028,
                "MIA": {
                    "1": 0.5552973187461028,
                    "best": {
                        "s": 1,
                        "ROC AUC": 0.5552973187461028
                    }
                }
            },
            "3": {
                "Member size": 767.0,
                "Nonmember size": 230.0,
                "ROC AUC Individual": 0.554521109010712,
                "MIA": {
                    "1": 0.5589535740604274,
                    "3": 0.5859348393688273,
                    "best": {
                        "s": 3,
                        "ROC AUC": 0.5859348393688273
                    }
                }
            },
            "5": {
                "Member size": 767.0,
                "Nonmember size": 230.0,
                "ROC AUC Individual": 0.5524480052618448,
                "MIA": {
                    "1": 0.5388243296865257,
                    "3": 0.571543563290063,
                    "5": 0.5939607219888751,
                    "best": {
                        "s": 5,
                        "ROC AUC": 0.5939607219888751
                    }
                }
            },
            "8": {
                "Member size": 767.0,
                "Nonmember size": 230.0,
                "ROC AUC Individual": 0.5526087620727668,
                "MIA": {
                    "1": 0.5402414829091321,
                    "3": 0.5777903746953121,
                    "5": 0.5929652514029817,
                    "8": 0.6226079700038867,
                    "best": {
                        "s": 8,
                        "ROC AUC": 0.6226079700038867
                    }
                }
            },
            "10": {
                "Member size": 767.0,
                "Nonmember size": 230.0,
                "ROC AUC Individual": 0.5505849652053822,
                "MIA": {
                    "1": 0.5438864009976758,
                    "3": 0.5760331046992802,
                    "5": 0.5897568165070006,
                    "8": 0.6093938017936202,
                    "10": 0.6265975445254807,
                    "best": {
                        "s": 10,
                        "ROC AUC": 0.6265975445254807
                    }
                }
            },
            "30": {
                "Member size": 767.0,
                "Nonmember size": 230.0,
                "ROC AUC Individual": 0.5503391308256307,
                "MIA": {
                    "1": 0.4972847344254861,
                    "3": 0.5238875347202541,
                    "5": 0.551624057593107,
                    "8": 0.5824669803299132,
                    "10": 0.5973754322317328,
                    "30": 0.6622101907547202,
                    "best": {
                        "s": 30,
                        "ROC AUC": 0.6622101907547202
                    }
                }
            },
            "50": {
                "Member size": 767.0,
                "Nonmember size": 230.0,
                "ROC AUC Individual": 0.5446759514008549,
                "MIA": {
                    "1": 0.4817073862025962,
                    "3": 0.4863839918371974,
                    "5": 0.5081004478204183,
                    "8": 0.539028399750581,
                    "10": 0.553953857491072,
                    "30": 0.6232979989796497,
                    "50": 0.6621795092207361,
                    "best": {
                        "s": 50,
                        "ROC AUC": 0.6621795092207361
                    }
                }
            },
            "80": {
                "Member size": 767.0,
                "Nonmember size": 230.0,
                "ROC AUC Individual": 0.5420895240132755,
                "MIA": {
                    "1": 0.4737203106399863,
                    "3": 0.45769514199875294,
                    "5": 0.4635791621790148,
                    "8": 0.4879712034465167,
                    "10": 0.5036789297658864,
                    "30": 0.5822908389147463,
                    "50": 0.6113251331763415,
                    "80": 0.6540021430793516,
                    "best": {
                        "s": 80,
                        "ROC AUC": 0.6540021430793516
                    }
                }
            },
            "100": {
                "Member size": 767.0,
                "Nonmember size": 230.0,
                "ROC AUC Individual": 0.5400294484407107,
                "MIA": {
                    "1": 0.4557763165353438,
                    "3": 0.4369650246584661,
                    "5": 0.43803072388186615,
                    "8": 0.45403888668442827,
                    "10": 0.4690153619409331,
                    "30": 0.5493169321467037,
                    "50": 0.5845926975925375,
                    "80": 0.6100929523547547,
                    "100": 0.6414950858960031,
                    "best": {
                        "s": 100,
                        "ROC AUC": 0.6414950858960031
                    }
                }
            }
        },
        "min": {
            "1": {
                "Member size": 767.0,
                "Nonmember size": 230.0,
                "ROC AUC Individual": 0.5552973187461028,
                "MIA": {
                    "1": 0.5552973187461028,
                    "best": {
                        "s": 1,
                        "ROC AUC": 0.5552973187461028
                    }
                }
            },
            "3": {
                "Member size": 767.0,
                "Nonmember size": 230.0,
                "ROC AUC Individual": 0.554521109010712,
                "MIA": {
                    "1": 0.5850008502919335,
                    "3": 0.5859348393688273,
                    "best": {
                        "s": 3,
                        "ROC AUC": 0.5859348393688273
                    }
                }
            },
            "5": {
                "Member size": 767.0,
                "Nonmember size": 230.0,
                "ROC AUC Individual": 0.5524480052618448,
                "MIA": {
                    "1": 0.5983028720626632,
                    "3": 0.6101997956635259,
                    "5": 0.5939607219888751,
                    "best": {
                        "s": 3,
                        "ROC AUC": 0.6101997956635259
                    }
                }
            },
            "8": {
                "Member size": 767.0,
                "Nonmember size": 230.0,
                "ROC AUC Individual": 0.5526087620727668,
                "MIA": {
                    "1": 0.6147292541718697,
                    "3": 0.6266375297990691,
                    "5": 0.6274435236689749,
                    "8": 0.6226079700038867,
                    "best": {
                        "s": 5,
                        "ROC AUC": 0.6274435236689749
                    }
                }
            },
            "10": {
                "Member size": 767.0,
                "Nonmember size": 230.0,
                "ROC AUC Individual": 0.5505849652053822,
                "MIA": {
                    "1": 0.6249233738222273,
                    "3": 0.6280932082978119,
                    "5": 0.6323144104803493,
                    "8": 0.6398237271085301,
                    "10": 0.6265975445254807,
                    "best": {
                        "s": 8,
                        "ROC AUC": 0.6398237271085301
                    }
                }
            },
            "30": {
                "Member size": 767.0,
                "Nonmember size": 230.0,
                "ROC AUC Individual": 0.5503391308256307,
                "MIA": {
                    "1": 0.6683375959079285,
                    "3": 0.6841358233129395,