{
    "average": {
        "max": {
            "1": {
                "Member size": 700.0,
                "Nonmember size": 1000.0,
                "ROC AUC Individual": 0.5050014285714286,
                "MIA": {
                    "1": 0.5050014285714286,
                    "best": {
                        "s": 1,
                        "ROC AUC": 0.5050014285714286
                    }
                }
            },
            "3": {
                "Member size": 238.0,
                "Nonmember size": 340.0,
                "ROC AUC Individual": 0.5050014285714286,
                "MIA": {
                    "1": 0.452558082056352,
                    "3": 0.5135689569945625,
                    "best": {
                        "s": 3,
                        "ROC AUC": 0.5135689569945625
                    }
                }
            },
            "5": {
                "Member size": 140.0,
                "Nonmember size": 200.0,
                "ROC AUC Individual": 0.5050014285714286,
                "MIA": {
                    "1": 0.4284285714285714,
                    "3": 0.46399999999999997,
                    "5": 0.5131785714285715,
                    "best": {
                        "s": 5,
                        "ROC AUC": 0.5131785714285715
                    }
                }
            },
            "8": {
                "Member size": 91.0,
                "Nonmember size": 130.0,
                "ROC AUC Individual": 0.5050014285714286,
                "MIA": {
                    "1": 0.4263736263736264,
                    "3": 0.45426880811496195,
                    "5": 0.4790363482671175,
                    "8": 0.5191039729501268,
                    "best": {
                        "s": 8,
                        "ROC AUC": 0.5191039729501268
                    }
                }
            },
            "10": {
                "Member size": 70.0,
                "Nonmember size": 100.0,
                "ROC AUC Individual": 0.5050014285714286,
                "MIA": {
                    "1": 0.4188571428571428,
                    "3": 0.4297142857142857,
                    "5": 0.4401428571428571,
                    "8": 0.4714285714285714,
                    "10": 0.5092857142857142,
                    "best": {
                        "s": 10,
                        "ROC AUC": 0.5092857142857142
                    }
                }
            },
            "30": {
                "Member size": 28.0,
                "Nonmember size": 40.0,
                "ROC AUC Individual": 0.5050014285714286,
                "MIA": {
                    "1": 0.39464285714285713,
                    "3": 0.4035714285714286,
                    "5": 0.41428571428571426,
                    "8": 0.42946428571428574,
                    "10": 0.4517857142857143,
                    "30": 0.5026785714285714,
                    "best": {
                        "s": 30,
                        "ROC AUC": 0.5026785714285714
                    }
                }
            },
            "50": {
                "Member size": 14.0,
                "Nonmember size": 20.0,
                "ROC AUC Individual": 0.5050014285714286,
                "MIA": {
                    "1": 0.425,
                    "3": 0.4178571428571428,
                    "5": 0.4035714285714286,
                    "8": 0.3892857142857143,
                    "10": 0.4,
                    "30": 0.42857142857142855,
                    "50": 0.5035714285714286,
                    "best": {
                        "s": 50,
                        "ROC AUC": 0.5035714285714286
                    }
                }
            },
            "80": {
                "Member size": 14.0,
                "Nonmember size": 20.0,
                "ROC AUC Individual": 0.5050014285714286,
                "MIA": {
                    "1": 0.41785714285714287,
                    "3": 0.4107142857142857,
                    "5": 0.4107142857142857,
                    "8": 0.4035714285714286,
                    "10": 0.4,
                    "30": 0.46785714285714286,
                    "50": 0.4642857142857143,
                    "80": 0.47857142857142854,
                    "best": {
                        "s": 80,
                        "ROC AUC": 0.47857142857142854
                    }
                }
            },
            "100": {
                "Member size": 7.0,
                "Nonmember size": 10.0,
                "ROC AUC Individual": 0.5050014285714286,
                "MIA": {
                    "1": 0.4714285714285714,
                    "3": 0.45714285714285713,
                    "5": 0.42857142857142855,
                    "8": 0.4,
                    "10": 0.4,
                    "30": 0.41428571428571426,
                    "50": 0.44285714285714284,
                    "80": 0.5285714285714286,
                    "100": 0.49999999999999994,
                    "best": {
                        "s": 80,
                        "ROC AUC": 0.5285714285714286
                    }
                }
            }
        },
        "min": {
            "1": {
                "Member size": 700.0,
                "Nonmember size": 1000.0,
                "ROC AUC Individual": 0.5050014285714286,
                "MIA": {
                    "1": 0.5050014285714286,
                    "best": {
                        "s": 1,
                        "ROC AUC": 0.5050014285714286
                    }
                }
            },
            "3": {
                "Member size": 238.0,
                "Nonmember size": 340.0,
                "ROC AUC Individual": 0.5050014285714286,
                "MIA": {
                    "1": 0.5817103311913,
                    "3": 0.5135689569945625,
                    "best": {
                        "s": 1,
                        "ROC AUC": 0.5817103311913
                    }
                }
            },
            "5": {
                "Member size": 140.0,
                "Nonmember size": 200.0,
                "ROC AUC Individual": 0.5050014285714286,
                "MIA": {
                    "1": 0.6214642857142857,
                    "3": 0.5745714285714285,
                    "5": 0.5131785714285715,
                    "best": {
                        "s": 1,
                        "ROC AUC": 0.6214642857142857
                    }
                }
            },
            "8": {
                "Member size": 91.0,
                "Nonmember size": 130.0,
                "ROC AUC Individual": 0.5050014285714286,
                "MIA": {
                    "1": 0.6698224852071005,
                    "3": 0.6030431107354184,
                    "5": 0.5651732882502114,
                    "8": 0.5191039729501268,
                    "best": {
                        "s": 1,
                        "ROC AUC": 0.6698224852071005
                    }
                }
            },
            "10": {
                "Member size": 70.0,
                "Nonmember size": 100.0,
                "ROC AUC Individual": 0.5050014285714286,
                "MIA": {
                    "1": 0.6568571428571429,
                    "3": 0.6388571428571429,
                    "5": 0.5964285714285714,
                    "8": 0.5491428571428572,
                    "10": 0.5092857142857142,
                    "best": {
                        "s": 1,
                        "ROC AUC": 0.6568571428571429
                    }
                }
            },
            "30": {
                "Member size": 28.0,
                "Nonmember size": 40.0,
                "ROC AUC Individual": 0.5050014285714286,
                "MIA": {
                    "1": 0.6767857142857143,
                    "3": 0.6544642857142857,
                    "5": 0.61875,
                    "8": 0.5839285714285715,