{
    "average": {
        "max": {
            "1": {
                "Member size": 92200.0,
                "Nonmember size": 7400.0,
                "ROC AUC Individual": 0.5551555952101777,
                "MIA": {
                    "1": 0.5551555952101777,
                    "best": {
                        "s": 1,
                        "ROC AUC": 0.5551555952101777
                    }
                }
            },
            "3": {
                "Member size": 31348.0,
                "Nonmember size": 2516.0,
                "ROC AUC Individual": 0.5551555952101777,
                "MIA": {
                    "1": 0.6157209528280203,
                    "3": 0.5754789102202204,
                    "best": {
                        "s": 1,
                        "ROC AUC": 0.6157209528280203
                    }
                }
            },
            "5": {
                "Member size": 18440.0,
                "Nonmember size": 1480.0,
                "ROC AUC Individual": 0.5551555952101777,
                "MIA": {
                    "1": 0.6412082099724453,
                    "3": 0.6457701566805417,
                    "5": 0.5967714134959254,
                    "best": {
                        "s": 3,
                        "ROC AUC": 0.6457701566805417
                    }
                }
            },
            "8": {
                "Member size": 11986.0,
                "Nonmember size": 962.0,
                "ROC AUC Individual": 0.5551555952101777,
                "MIA": {
                    "1": 0.6569777526310148,
                    "3": 0.6793231656613936,
                    "5": 0.6685212356203514,
                    "8": 0.6134079503009923,
                    "best": {
                        "s": 3,
                        "ROC AUC": 0.6793231656613936
                    }
                }
            },
            "10": {
                "Member size": 9220.0,
                "Nonmember size": 740.0,
                "ROC AUC Individual": 0.5551555952101777,
                "MIA": {
                    "1": 0.6691613413847688,
                    "3": 0.7032757079205019,
                    "5": 0.7052015301635692,
                    "8": 0.6727251275136308,
                    "10": 0.6329414609837603,
                    "best": {
                        "s": 5,
                        "ROC AUC": 0.7052015301635692
                    }
                }
            },
            "30": {
                "Member size": 3688.0,
                "Nonmember size": 296.0,
                "ROC AUC Individual": 0.5551555952101777,
                "MIA": {
                    "1": 0.6690938837427449,
                    "3": 0.7026248387758691,
                    "5": 0.7039283725156827,
                    "8": 0.6887966633933282,
                    "10": 0.6793041346661195,
                    "30": 0.6928588702585448,
                    "best": {
                        "s": 5,
                        "ROC AUC": 0.7039283725156827
                    }
                }
            },
            "50": {
                "Member size": 1844.0,
                "Nonmember size": 148.0,
                "ROC AUC Individual": 0.5551555952101777,
                "MIA": {
                    "1": 0.6831762619452424,
                    "3": 0.7496079322272382,
                    "5": 0.7864018438177875,
                    "8": 0.8171993169959547,
                    "10": 0.8306596998299819,
                    "30": 0.8651689922026149,
                    "50": 0.7800316585566043,
                    "best": {
                        "s": 30,
                        "ROC AUC": 0.8651689922026149
                    }
                }
            },
            "80": {
                "Member size": 1844.0,
                "Nonmember size": 148.0,
                "ROC AUC Individual": 0.5551555952101777,
                "MIA": {
                    "1": 0.6604051855543178,
                    "3": 0.6831762619452424,
                    "5": 0.6906072287037579,
                    "8": 0.6838797854253387,
                    "10": 0.6747046667057514,
                    "30": 0.6464391452189716,
                    "50": 0.6584137011197748,
                    "80": 0.740150671278654,
                    "best": {
                        "s": 80,
                        "ROC AUC": 0.740150671278654
                    }
                }
            },
            "100": {
                "Member size": 922.0,
                "Nonmember size": 74.0,
                "ROC AUC Individual": 0.5551555952101777,
                "MIA": {
                    "1": 0.6473881690801431,
                    "3": 0.7064987981473883,
                    "5": 0.7538547224013601,
                    "8": 0.8104590490707627,
                    "10": 0.8344228176115378,
                    "30": 0.9069150495397784,
                    "50": 0.9192999941373043,
                    "80": 0.8977545875593598,
                    "100": 0.8432608313302458,
                    "best": {
                        "s": 50,
                        "ROC AUC": 0.9192999941373043
                    }
                }
            }
        },
        "min": {
            "1": {
                "Member size": 92200.0,
                "Nonmember size": 7400.0,
                "ROC AUC Individual": 0.5551555952101777,
                "MIA": {
                    "1": 0.5551555952101777,
                    "best": {
                        "s": 1,
                        "ROC AUC": 0.5551555952101777
                    }
                }
            },
            "3": {
                "Member size": 31348.0,
                "Nonmember size": 2516.0,
                "ROC AUC Individual": 0.5551555952101777,
                "MIA": {
                    "1": 0.5248716749234654,
                    "3": 0.5754789102202204,
                    "best": {
                        "s": 3,
                        "ROC AUC": 0.5754789102202204
                    }
                }
            },
            "5": {
                "Member size": 18440.0,
                "Nonmember size": 1480.0,
                "ROC AUC Individual": 0.5551555952101777,
                "MIA": {
                    "1": 0.5056994379140529,
                    "3": 0.5539145585390163,
                    "5": 0.5967714134959254,
                    "best": {
                        "s": 5,
                        "ROC AUC": 0.5967714134959254
                    }
                }
            },
            "8": {
                "Member size": 11986.0,
                "Nonmember size": 962.0,
                "ROC AUC Individual": 0.5551555952101777,
                "MIA": {
                    "1": 0.4956716654530771,
                    "3": 0.5332746138686403,
                    "5": 0.5666402035916469,
                    "8": 0.6134079503009923,
                    "best": {
                        "s": 8,
                        "ROC AUC": 0.6134079503009923
                    }
                }
            },
            "10": {
                "Member size": 9220.0,
                "Nonmember size": 740.0,
                "ROC AUC Individual": 0.5551555952101777,
                "MIA": {
                    "1": 0.48753129213812507,
                    "3": 0.5237855425924841,
                    "5": 0.5587102069531571,
                    "8": 0.6056403529342792,
                    "10": 0.6329414609837603,
                    "best": {
                        "s": 10,
                        "ROC AUC": 0.6329414609837603
                    }
                }
            },
            "30": {
                "Member size": 3688.0,
                "Nonmember size": 296.0,
                "ROC AUC Individual": 0.5551555952101777,
                "MIA": {
                    "1": 0.46947734068124525,