{
    "average": {
        "max": {
            "1": {
                "Member size": 700.0,
                "Nonmember size": 600.0,
                "ROC AUC Individual": 0.45833809523809527,
                "MIA": {
                    "1": 0.45833809523809527,
                    "best": {
                        "s": 1,
                        "ROC AUC": 0.45833809523809527
                    }
                }
            },
            "3": {
                "Member size": 238.0,
                "Nonmember size": 204.0,
                "ROC AUC Individual": 0.45833809523809527,
                "MIA": {
                    "1": 0.456850387213709,
                    "3": 0.4395287526775416,
                    "best": {
                        "s": 1,
                        "ROC AUC": 0.456850387213709
                    }
                }
            },
            "5": {
                "Member size": 140.0,
                "Nonmember size": 120.0,
                "ROC AUC Individual": 0.45833809523809527,
                "MIA": {
                    "1": 0.47458333333333336,
                    "3": 0.4529761904761905,
                    "5": 0.4496428571428572,
                    "best": {
                        "s": 1,
                        "ROC AUC": 0.47458333333333336
                    }
                }
            },
            "8": {
                "Member size": 91.0,
                "Nonmember size": 78.0,
                "ROC AUC Individual": 0.45833809523809527,
                "MIA": {
                    "1": 0.4729501267962806,
                    "3": 0.4561848408002254,
                    "5": 0.44956325725556495,
                    "8": 0.4451958298112144,
                    "best": {
                        "s": 1,
                        "ROC AUC": 0.4729501267962806
                    }
                }
            },
            "10": {
                "Member size": 70.0,
                "Nonmember size": 60.0,
                "ROC AUC Individual": 0.45833809523809527,
                "MIA": {
                    "1": 0.495952380952381,
                    "3": 0.46166666666666667,
                    "5": 0.4633333333333334,
                    "8": 0.4580952380952381,
                    "10": 0.4519047619047619,
                    "best": {
                        "s": 1,
                        "ROC AUC": 0.495952380952381
                    }
                }
            },
            "30": {
                "Member size": 28.0,
                "Nonmember size": 24.0,
                "ROC AUC Individual": 0.45833809523809527,
                "MIA": {
                    "1": 0.5446428571428572,
                    "3": 0.5148809523809524,
                    "5": 0.48958333333333337,
                    "8": 0.4806547619047619,
                    "10": 0.45982142857142855,
                    "30": 0.4330357142857143,
                    "best": {
                        "s": 1,
                        "ROC AUC": 0.5446428571428572
                    }
                }
            },
            "50": {
                "Member size": 14.0,
                "Nonmember size": 12.0,
                "ROC AUC Individual": 0.45833809523809527,
                "MIA": {
                    "1": 0.5119047619047619,
                    "3": 0.47619047619047616,
                    "5": 0.4642857142857143,
                    "8": 0.4523809523809524,
                    "10": 0.4523809523809524,
                    "30": 0.44047619047619047,
                    "50": 0.4107142857142857,
                    "best": {
                        "s": 1,
                        "ROC AUC": 0.5119047619047619
                    }
                }
            },
            "80": {
                "Member size": 14.0,
                "Nonmember size": 12.0,
                "ROC AUC Individual": 0.45833809523809527,
                "MIA": {
                    "1": 0.5714285714285714,
                    "3": 0.5535714285714286,
                    "5": 0.5297619047619048,
                    "8": 0.5297619047619048,
                    "10": 0.5119047619047619,
                    "30": 0.4642857142857143,
                    "50": 0.5059523809523809,
                    "80": 0.4285714285714286,
                    "best": {
                        "s": 1,
                        "ROC AUC": 0.5714285714285714
                    }
                }
            },
            "100": {
                "Member size": 7.0,
                "Nonmember size": 6.0,
                "ROC AUC Individual": 0.45833809523809527,
                "MIA": {
                    "1": 0.5,
                    "3": 0.5238095238095238,
                    "5": 0.5238095238095238,
                    "8": 0.5238095238095238,
                    "10": 0.4285714285714286,
                    "30": 0.380952380952381,
                    "50": 0.45238095238095244,
                    "80": 0.4523809523809524,
                    "100": 0.4285714285714286,
                    "best": {
                        "s": 3,
                        "ROC AUC": 0.5238095238095238
                    }
                }
            }
        },
        "min": {
            "1": {
                "Member size": 700.0,
                "Nonmember size": 600.0,
                "ROC AUC Individual": 0.45833809523809527,
                "MIA": {
                    "1": 0.45833809523809527,
                    "best": {
                        "s": 1,
                        "ROC AUC": 0.45833809523809527
                    }
                }
            },
            "3": {
                "Member size": 238.0,
                "Nonmember size": 204.0,
                "ROC AUC Individual": 0.45833809523809527,
                "MIA": {
                    "1": 0.4352858790575054,
                    "3": 0.4395287526775416,
                    "best": {
                        "s": 3,
                        "ROC AUC": 0.4395287526775416
                    }
                }
            },
            "5": {
                "Member size": 140.0,
                "Nonmember size": 120.0,
                "ROC AUC Individual": 0.45833809523809527,
                "MIA": {
                    "1": 0.42095238095238097,
                    "3": 0.4292261904761905,
                    "5": 0.4496428571428572,
                    "best": {
                        "s": 5,
                        "ROC AUC": 0.4496428571428572
                    }
                }
            },
            "8": {
                "Member size": 91.0,
                "Nonmember size": 78.0,
                "ROC AUC Individual": 0.45833809523809527,
                "MIA": {
                    "1": 0.3906734291349676,
                    "3": 0.41321499013806706,
                    "5": 0.4282896590588898,
                    "8": 0.4451958298112144,
                    "best": {
                        "s": 8,
                        "ROC AUC": 0.4451958298112144
                    }
                }
            },
            "10": {
                "Member size": 70.0,
                "Nonmember size": 60.0,
                "ROC AUC Individual": 0.45833809523809527,
                "MIA": {
                    "1": 0.41166666666666674,
                    "3": 0.40095238095238095,
                    "5": 0.3961904761904762,
                    "8": 0.4188095238095238,
                    "10": 0.4519047619047619,
                    "best": {
                        "s": 10,
                        "ROC AUC": 0.4519047619047619
                    }
                }
            },
            "30": {
                "Member size": 28.0,
                "Nonmember size": 24.0,
                "ROC AUC Individual": 0.45833809523809527,
                "MIA": {
                    "1": 0.40327380952380953,
                    "3": 0.3675595238095238,