{
    "average": {
        "max": {
            "1": {
                "Member size": 76700.0,
                "Nonmember size": 23000.0,
                "ROC AUC Individual": 0.5201470884719978,
                "MIA": {
                    "1": 0.5201470884719978,
                    "best": {
                        "s": 1,
                        "ROC AUC": 0.5201470884719978
                    }
                }
            },
            "3": {
                "Member size": 26078.0,
                "Nonmember size": 7820.0,
                "ROC AUC Individual": 0.5201470884719978,
                "MIA": {
                    "1": 0.5541984757535496,
                    "3": 0.5439551000515053,
                    "best": {
                        "s": 1,
                        "ROC AUC": 0.5541984757535496
                    }
                }
            },
            "5": {
                "Member size": 15340.0,
                "Nonmember size": 4600.0,
                "ROC AUC Individual": 0.5201470884719978,
                "MIA": {
                    "1": 0.5761415452952883,
                    "3": 0.5688893591259545,
                    "5": 0.5593113108016814,
                    "best": {
                        "s": 1,
                        "ROC AUC": 0.5761415452952883
                    }
                }
            },
            "8": {
                "Member size": 9971.0,
                "Nonmember size": 2990.0,
                "ROC AUC Individual": 0.5201470884719978,
                "MIA": {
                    "1": 0.5815582413078194,
                    "3": 0.5851495288541209,
                    "5": 0.5785097179181885,
                    "8": 0.5715667454024864,
                    "best": {
                        "s": 3,
                        "ROC AUC": 0.5851495288541209
                    }
                }
            },
            "10": {
                "Member size": 7670.0,
                "Nonmember size": 2300.0,
                "ROC AUC Individual": 0.5201470884719978,
                "MIA": {
                    "1": 0.5905764313696588,
                    "3": 0.5998205465546866,
                    "5": 0.5961460259304212,
                    "8": 0.5866734648724699,
                    "10": 0.5823692141561915,
                    "best": {
                        "s": 3,
                        "ROC AUC": 0.5998205465546866
                    }
                }
            },
            "30": {
                "Member size": 3068.0,
                "Nonmember size": 920.0,
                "ROC AUC Individual": 0.5201470884719978,
                "MIA": {
                    "1": 0.5822356856296338,
                    "3": 0.6061819322726113,
                    "5": 0.608119558127003,
                    "8": 0.6007402365353527,
                    "10": 0.5943705862333022,
                    "30": 0.6076188259130207,
                    "best": {
                        "s": 5,
                        "ROC AUC": 0.608119558127003
                    }
                }
            },
            "50": {
                "Member size": 1534.0,
                "Nonmember size": 460.0,
                "ROC AUC Individual": 0.5201470884719978,
                "MIA": {
                    "1": 0.5780256221302648,
                    "3": 0.6227084632390454,
                    "5": 0.6431990816847117,
                    "8": 0.6565812595657843,
                    "10": 0.6599087353324642,
                    "30": 0.654000170280395,
                    "50": 0.6450561256092135,
                    "best": {
                        "s": 10,
                        "ROC AUC": 0.6599087353324642
                    }
                }
            },
            "80": {
                "Member size": 1534.0,
                "Nonmember size": 460.0,
                "ROC AUC Individual": 0.5201470884719978,
                "MIA": {
                    "1": 0.5619168414488974,
                    "3": 0.5982413128507454,
                    "5": 0.6052675585284282,
                    "8": 0.6002890992574117,
                    "10": 0.5949450144549628,
                    "30": 0.5784313725490196,
                    "50": 0.593582757995871,
                    "80": 0.6334218811913763,
                    "best": {
                        "s": 80,
                        "ROC AUC": 0.6334218811913763
                    }
                }
            },
            "100": {
                "Member size": 767.0,
                "Nonmember size": 230.0,
                "ROC AUC Individual": 0.5201470884719978,
                "MIA": {
                    "1": 0.5514426619806133,
                    "3": 0.6006802335468511,
                    "5": 0.6313020803809308,
                    "8": 0.6536420837820986,
                    "10": 0.6615894790544754,
                    "30": 0.6769627572133099,
                    "50": 0.6718357803527834,
                    "80": 0.6612847621236497,
                    "100": 0.6687923107137081,
                    "best": {
                        "s": 30,
                        "ROC AUC": 0.6769627572133099
                    }
                }
            }
        },
        "min": {
            "1": {
                "Member size": 76700.0,
                "Nonmember size": 23000.0,
                "ROC AUC Individual": 0.5201470884719978,
                "MIA": {
                    "1": 0.5201470884719978,
                    "best": {
                        "s": 1,
                        "ROC AUC": 0.5201470884719978
                    }
                }
            },
            "3": {
                "Member size": 26078.0,
                "Nonmember size": 7820.0,
                "ROC AUC Individual": 0.5201470884719978,
                "MIA": {
                    "1": 0.5112403905690243,
                    "3": 0.5439551000515053,
                    "best": {
                        "s": 3,
                        "ROC AUC": 0.5439551000515053
                    }
                }
            },
            "5": {
                "Member size": 15340.0,
                "Nonmember size": 4600.0,
                "ROC AUC Individual": 0.5201470884719978,
                "MIA": {
                    "1": 0.5146931771790162,
                    "3": 0.5256568461741342,
                    "5": 0.5593113108016814,
                    "best": {
                        "s": 5,
                        "ROC AUC": 0.5593113108016814
                    }
                }
            },
            "8": {
                "Member size": 9971.0,
                "Nonmember size": 2990.0,
                "ROC AUC Individual": 0.5201470884719978,
                "MIA": {
                    "1": 0.5243719031335055,
                    "3": 0.5241792961717552,
                    "5": 0.5346968815948766,
                    "8": 0.5715667454024864,
                    "best": {
                        "s": 8,
                        "ROC AUC": 0.5715667454024864
                    }
                }
            },
            "10": {
                "Member size": 7670.0,
                "Nonmember size": 2300.0,
                "ROC AUC Individual": 0.5201470884719978,
                "MIA": {
                    "1": 0.5293333011818506,
                    "3": 0.527445938214486,
                    "5": 0.5310513092331024,
                    "8": 0.5556730018972582,
                    "10": 0.5823692141561915,
                    "best": {
                        "s": 10,
                        "ROC AUC": 0.5823692141561915
                    }
                }
            },
            "30": {
                "Member size": 3068.0,
                "Nonmember size": 920.0,
                "ROC AUC Individual": 0.5201470884719978,
                "MIA": {
                    "1": 0.5523831344131855,