{
    "average": {
        "max": {
            "1": {
                "Member size": 92200.0,
                "Nonmember size": 7400.0,
                "ROC AUC Individual": 0.5619261842645249,
                "MIA": {
                    "1": 0.5619261842645249,
                    "best": {
                        "s": 1,
                        "ROC AUC": 0.5619261842645249
                    }
                }
            },
            "3": {
                "Member size": 31348.0,
                "Nonmember size": 2516.0,
                "ROC AUC Individual": 0.5619261842645249,
                "MIA": {
                    "1": 0.6194178934036154,
                    "3": 0.5859855353706167,
                    "best": {
                        "s": 1,
                        "ROC AUC": 0.6194178934036154
                    }
                }
            },
            "5": {
                "Member size": 18440.0,
                "Nonmember size": 1480.0,
                "ROC AUC Individual": 0.5619261842645249,
                "MIA": {
                    "1": 0.643480554171308,
                    "3": 0.6557463211584686,
                    "5": 0.6045213475405992,
                    "best": {
                        "s": 3,
                        "ROC AUC": 0.6557463211584686
                    }
                }
            },
            "8": {
                "Member size": 11986.0,
                "Nonmember size": 962.0,
                "ROC AUC Individual": 0.5619261842645249,
                "MIA": {
                    "1": 0.6495912330844752,
                    "3": 0.6794651799240486,
                    "5": 0.6716724779047489,
                    "8": 0.6259657403491877,
                    "best": {
                        "s": 3,
                        "ROC AUC": 0.6794651799240486
                    }
                }
            },
            "10": {
                "Member size": 9220.0,
                "Nonmember size": 740.0,
                "ROC AUC Individual": 0.5619261842645249,
                "MIA": {
                    "1": 0.6529375769478806,
                    "3": 0.7011188954681362,
                    "5": 0.7115351468605264,
                    "8": 0.6845674796271326,
                    "10": 0.6354739989447148,
                    "best": {
                        "s": 5,
                        "ROC AUC": 0.7115351468605264
                    }
                }
            },
            "30": {
                "Member size": 3688.0,
                "Nonmember size": 296.0,
                "ROC AUC Individual": 0.5619261842645249,
                "MIA": {
                    "1": 0.6258038305387817,
                    "3": 0.6661213138300991,
                    "5": 0.6775544864278595,
                    "8": 0.6739040423286627,
                    "10": 0.670187642903207,
                    "30": 0.6885864307908776,
                    "best": {
                        "s": 30,
                        "ROC AUC": 0.6885864307908776
                    }
                }
            },
            "50": {
                "Member size": 1844.0,
                "Nonmember size": 148.0,
                "ROC AUC Individual": 0.5619261842645249,
                "MIA": {
                    "1": 0.5891074778683238,
                    "3": 0.6548924195345021,
                    "5": 0.6937291141466847,
                    "8": 0.7308986046784312,
                    "10": 0.7493954095092924,
                    "30": 0.8214955736647711,
                    "50": 0.7458741279240195,
                    "best": {
                        "s": 30,
                        "ROC AUC": 0.8214955736647711
                    }
                }
            },
            "80": {
                "Member size": 1844.0,
                "Nonmember size": 148.0,
                "ROC AUC Individual": 0.5619261842645249,
                "MIA": {
                    "1": 0.5770211643313595,
                    "3": 0.6146999765492174,
                    "5": 0.6223727795040159,
                    "8": 0.6309543002872721,
                    "10": 0.6314196517558773,
                    "30": 0.6340505364366535,
                    "50": 0.6557681596998299,
                    "80": 0.7482338629301752,
                    "best": {
                        "s": 80,
                        "ROC AUC": 0.7482338629301752
                    }
                }
            },
            "100": {
                "Member size": 922.0,
                "Nonmember size": 74.0,
                "ROC AUC Individual": 0.5619261842645249,
                "MIA": {
                    "1": 0.5228425279943718,
                    "3": 0.5785601219440699,
                    "5": 0.6139561470364073,
                    "8": 0.6550536436653573,
                    "10": 0.6779767837251568,
                    "30": 0.8161312071290379,
                    "50": 0.8767221668523187,
                    "80": 0.8846661194817377,
                    "100": 0.831125051298587,
                    "best": {
                        "s": 80,
                        "ROC AUC": 0.8846661194817377
                    }
                }
            }
        },
        "min": {
            "1": {
                "Member size": 92200.0,
                "Nonmember size": 7400.0,
                "ROC AUC Individual": 0.5619261842645249,
                "MIA": {
                    "1": 0.5619261842645249,
                    "best": {
                        "s": 1,
                        "ROC AUC": 0.5619261842645249
                    }
                }
            },
            "3": {
                "Member size": 31348.0,
                "Nonmember size": 2516.0,
                "ROC AUC Individual": 0.5619261842645249,
                "MIA": {
                    "1": 0.5375355223063398,
                    "3": 0.5859855353706167,
                    "best": {
                        "s": 3,
                        "ROC AUC": 0.5859855353706167
                    }
                }
            },
            "5": {
                "Member size": 18440.0,
                "Nonmember size": 1480.0,
                "ROC AUC Individual": 0.5619261842645249,
                "MIA": {
                    "1": 0.5218732045494519,
                    "3": 0.5656915049539778,
                    "5": 0.6045213475405992,
                    "best": {
                        "s": 5,
                        "ROC AUC": 0.6045213475405992
                    }
                }
            },
            "8": {
                "Member size": 11986.0,
                "Nonmember size": 962.0,
                "ROC AUC Individual": 0.5619261842645249,
                "MIA": {
                    "1": 0.5164517127223618,
                    "3": 0.5480871134133274,
                    "5": 0.5819656890072376,
                    "8": 0.6259657403491877,
                    "best": {
                        "s": 8,
                        "ROC AUC": 0.6259657403491877
                    }
                }
            },
            "10": {
                "Member size": 9220.0,
                "Nonmember size": 740.0,
                "ROC AUC Individual": 0.5619261842645249,
                "MIA": {
                    "1": 0.5139307908776456,
                    "3": 0.5354037931640969,
                    "5": 0.5664008911297415,
                    "8": 0.6175442633522894,
                    "10": 0.6354739989447148,
                    "best": {
                        "s": 10,
                        "ROC AUC": 0.6354739989447148
                    }
                }
            },
            "30": {
                "Member size": 3688.0,
                "Nonmember size": 296.0,
                "ROC AUC Individual": 0.5619261842645249,
                "MIA": {
                    "1": 0.5118279885091165,