{
    "average": {
        "max": {
            "1": {
                "Member size": 400.0,
                "Nonmember size": 1300.0,
                "ROC AUC Individual": 0.37783076923076925,
                "MIA": {
                    "1": 0.37783076923076925,
                    "best": {
                        "s": 1,
                        "ROC AUC": 0.37783076923076925
                    }
                }
            },
            "3": {
                "Member size": 136.0,
                "Nonmember size": 442.0,
                "ROC AUC Individual": 0.37783076923076925,
                "MIA": {
                    "1": 0.24544184189512905,
                    "3": 0.3150286132552569,
                    "best": {
                        "s": 3,
                        "ROC AUC": 0.3150286132552569
                    }
                }
            },
            "5": {
                "Member size": 80.0,
                "Nonmember size": 260.0,
                "ROC AUC Individual": 0.37783076923076925,
                "MIA": {
                    "1": 0.18394230769230765,
                    "3": 0.2376442307692308,
                    "5": 0.3065865384615385,
                    "best": {
                        "s": 5,
                        "ROC AUC": 0.3065865384615385
                    }
                }
            },
            "8": {
                "Member size": 52.0,
                "Nonmember size": 169.0,
                "ROC AUC Individual": 0.37783076923076925,
                "MIA": {
                    "1": 0.1306326809285389,
                    "3": 0.1670459717796996,
                    "5": 0.22223486572599,
                    "8": 0.286071916249431,
                    "best": {
                        "s": 8,
                        "ROC AUC": 0.286071916249431
                    }
                }
            },
            "10": {
                "Member size": 40.0,
                "Nonmember size": 130.0,
                "ROC AUC Individual": 0.37783076923076925,
                "MIA": {
                    "1": 0.11826923076923077,
                    "3": 0.12096153846153847,
                    "5": 0.16711538461538464,
                    "8": 0.24269230769230768,
                    "10": 0.2896153846153846,
                    "best": {
                        "s": 10,
                        "ROC AUC": 0.2896153846153846
                    }
                }
            },
            "30": {
                "Member size": 16.0,
                "Nonmember size": 52.0,
                "ROC AUC Individual": 0.37783076923076925,
                "MIA": {
                    "1": 0.050480769230769246,
                    "3": 0.033653846153846145,
                    "5": 0.05528846153846154,
                    "8": 0.09975961538461538,
                    "10": 0.1322115384615385,
                    "30": 0.2391826923076923,
                    "best": {
                        "s": 30,
                        "ROC AUC": 0.2391826923076923
                    }
                }
            },
            "50": {
                "Member size": 8.0,
                "Nonmember size": 26.0,
                "ROC AUC Individual": 0.37783076923076925,
                "MIA": {
                    "1": 0.03365384615384613,
                    "3": 0.038461538461538436,
                    "5": 0.03365384615384613,
                    "8": 0.024038461538461522,
                    "10": 0.033653846153846145,
                    "30": 0.13461538461538464,
                    "50": 0.24519230769230768,
                    "best": {
                        "s": 50,
                        "ROC AUC": 0.24519230769230768
                    }
                }
            },
            "80": {
                "Member size": 8.0,
                "Nonmember size": 26.0,
                "ROC AUC Individual": 0.37783076923076925,
                "MIA": {
                    "1": 0.048076923076923045,
                    "3": 0.04807692307692306,
                    "5": 0.07692307692307693,
                    "8": 0.10096153846153846,
                    "10": 0.13942307692307693,
                    "30": 0.2259615384615385,
                    "50": 0.22115384615384615,
                    "80": 0.2596153846153846,
                    "best": {
                        "s": 80,
                        "ROC AUC": 0.2596153846153846
                    }
                }
            },
            "100": {
                "Member size": 4.0,
                "Nonmember size": 13.0,
                "ROC AUC Individual": 0.37783076923076925,
                "MIA": {
                    "1": 0.038461538461538436,
                    "3": 0.038461538461538436,
                    "5": 0.038461538461538436,
                    "8": 0.038461538461538436,
                    "10": 0.038461538461538436,
                    "30": 0.05769230769230768,
                    "50": 0.09615384615384615,
                    "80": 0.21153846153846154,
                    "100": 0.24999999999999997,
                    "best": {
                        "s": 100,
                        "ROC AUC": 0.24999999999999997
                    }
                }
            }
        },
        "min": {
            "1": {
                "Member size": 400.0,
                "Nonmember size": 1300.0,
                "ROC AUC Individual": 0.37783076923076925,
                "MIA": {
                    "1": 0.37783076923076925,
                    "best": {
                        "s": 1,
                        "ROC AUC": 0.37783076923076925
                    }
                }
            },
            "3": {
                "Member size": 136.0,
                "Nonmember size": 442.0,
                "ROC AUC Individual": 0.37783076923076925,
                "MIA": {
                    "1": 0.46483231301570405,
                    "3": 0.3150286132552569,
                    "best": {
                        "s": 1,
                        "ROC AUC": 0.46483231301570405
                    }
                }
            },
            "5": {
                "Member size": 80.0,
                "Nonmember size": 260.0,
                "ROC AUC Individual": 0.37783076923076925,
                "MIA": {
                    "1": 0.48524038461538466,
                    "3": 0.41100961538461545,
                    "5": 0.3065865384615385,
                    "best": {
                        "s": 1,
                        "ROC AUC": 0.48524038461538466
                    }
                }
            },
            "8": {
                "Member size": 52.0,
                "Nonmember size": 169.0,
                "ROC AUC Individual": 0.37783076923076925,
                "MIA": {
                    "1": 0.5194583522985889,
                    "3": 0.44276285844333174,
                    "5": 0.39337733272644515,
                    "8": 0.286071916249431,
                    "best": {
                        "s": 1,
                        "ROC AUC": 0.5194583522985889
                    }
                }
            },
            "10": {
                "Member size": 40.0,
                "Nonmember size": 130.0,
                "ROC AUC Individual": 0.37783076923076925,
                "MIA": {
                    "1": 0.5517307692307692,
                    "3": 0.48442307692307696,
                    "5": 0.4444230769230769,
                    "8": 0.37192307692307697,
                    "10": 0.2896153846153846,
                    "best": {
                        "s": 1,
                        "ROC AUC": 0.5517307692307692
                    }
                }
            },
            "30": {
                "Member size": 16.0,
                "Nonmember size": 52.0,
                "ROC AUC Individual": 0.37783076923076925,
                "MIA": {
                    "1": 0.5865384615384616,