{
    "average": {
        "max": {
            "1": {
                "Member size": 76700.0,
                "Nonmember size": 23000.0,
                "ROC AUC Individual": 0.5696543369245997,
                "MIA": {
                    "1": 0.5696543369245997,
                    "best": {
                        "s": 1,
                        "ROC AUC": 0.5696543369245997
                    }
                }
            },
            "3": {
                "Member size": 26078.0,
                "Nonmember size": 7820.0,
                "ROC AUC Individual": 0.5696543369245997,
                "MIA": {
                    "1": 0.5944169803316716,
                    "3": 0.6047678728351757,
                    "best": {
                        "s": 3,
                        "ROC AUC": 0.6047678728351757
                    }
                }
            },
            "5": {
                "Member size": 15340.0,
                "Nonmember size": 4600.0,
                "ROC AUC Individual": 0.5696543369245997,
                "MIA": {
                    "1": 0.6002006270289346,
                    "3": 0.6335192869149124,
                    "5": 0.6293672205584179,
                    "best": {
                        "s": 3,
                        "ROC AUC": 0.6335192869149124
                    }
                }
            },
            "8": {
                "Member size": 9971.0,
                "Nonmember size": 2990.0,
                "ROC AUC Individual": 0.5696543369245997,
                "MIA": {
                    "1": 0.594192589948979,
                    "3": 0.6334200905750971,
                    "5": 0.6500453671027434,
                    "8": 0.6516704825323374,
                    "best": {
                        "s": 8,
                        "ROC AUC": 0.6516704825323374
                    }
                }
            },
            "10": {
                "Member size": 7670.0,
                "Nonmember size": 2300.0,
                "ROC AUC Individual": 0.5696543369245997,
                "MIA": {
                    "1": 0.5906754403642078,
                    "3": 0.6366343805986161,
                    "5": 0.664533671508535,
                    "8": 0.6775670070682196,
                    "10": 0.667898972974904,
                    "best": {
                        "s": 8,
                        "ROC AUC": 0.6775670070682196
                    }
                }
            },
            "30": {
                "Member size": 3068.0,
                "Nonmember size": 920.0,
                "ROC AUC Individual": 0.5696543369245997,
                "MIA": {
                    "1": 0.5588508810479011,
                    "3": 0.5985221360627153,
                    "5": 0.6201604554865424,
                    "8": 0.632154556283502,
                    "10": 0.6330193630753954,
                    "30": 0.7171606719340154,
                    "best": {
                        "s": 30,
                        "ROC AUC": 0.7171606719340154
                    }
                }
            },
            "50": {
                "Member size": 1534.0,
                "Nonmember size": 460.0,
                "ROC AUC Individual": 0.5696543369245997,
                "MIA": {
                    "1": 0.5299387789807835,
                    "3": 0.5761507284167564,
                    "5": 0.61714330253387,
                    "8": 0.6591293010600306,
                    "10": 0.6811844566634544,
                    "30": 0.7973442548608356,
                    "50": 0.7637288518675873,
                    "best": {
                        "s": 30,
                        "ROC AUC": 0.7973442548608356
                    }
                }
            },
            "80": {
                "Member size": 1534.0,
                "Nonmember size": 460.0,
                "ROC AUC Individual": 0.5696543369245997,
                "MIA": {
                    "1": 0.5334405645938439,
                    "3": 0.5631129187687773,
                    "5": 0.5823139277818719,
                    "8": 0.6002720934187404,
                    "10": 0.6059761351397313,
                    "30": 0.6273679870332983,
                    "50": 0.6621807465618861,
                    "80": 0.745930589351083,
                    "best": {
                        "s": 80,
                        "ROC AUC": 0.745930589351083
                    }
                }
            },
            "100": {
                "Member size": 767.0,
                "Nonmember size": 230.0,
                "ROC AUC Individual": 0.5696543369245997,
                "MIA": {
                    "1": 0.48966611870075394,
                    "3": 0.5287341987415679,
                    "5": 0.5680063488464372,
                    "8": 0.6147497307408878,
                    "10": 0.6397936624907885,
                    "30": 0.7791621790147951,
                    "50": 0.8370730321113953,
                    "80": 0.8423643080420574,
                    "100": 0.7966659735218687,
                    "best": {
                        "s": 80,
                        "ROC AUC": 0.8423643080420574
                    }
                }
            }
        },
        "min": {
            "1": {
                "Member size": 76700.0,
                "Nonmember size": 23000.0,
                "ROC AUC Individual": 0.5696543369245997,
                "MIA": {
                    "1": 0.5696543369245997,
                    "best": {
                        "s": 1,
                        "ROC AUC": 0.5696543369245997
                    }
                }
            },
            "3": {
                "Member size": 26078.0,
                "Nonmember size": 7820.0,
                "ROC AUC Individual": 0.5696543369245997,
                "MIA": {
                    "1": 0.5783465608011515,
                    "3": 0.6047678728351757,
                    "best": {
                        "s": 3,
                        "ROC AUC": 0.6047678728351757
                    }
                }
            },
            "5": {
                "Member size": 15340.0,
                "Nonmember size": 4600.0,
                "ROC AUC Individual": 0.5696543369245997,
                "MIA": {
                    "1": 0.582169932045058,
                    "3": 0.6129541703184125,
                    "5": 0.6293672205584179,
                    "best": {
                        "s": 5,
                        "ROC AUC": 0.6293672205584179
                    }
                }
            },
            "8": {
                "Member size": 9971.0,
                "Nonmember size": 2990.0,
                "ROC AUC Individual": 0.5696543369245997,
                "MIA": {
                    "1": 0.5845354683330586,
                    "3": 0.6098785528540256,
                    "5": 0.6298254999893405,
                    "8": 0.6516704825323374,
                    "best": {
                        "s": 8,
                        "ROC AUC": 0.6516704825323374
                    }
                }
            },
            "10": {
                "Member size": 7670.0,
                "Nonmember size": 2300.0,
                "ROC AUC Individual": 0.5696543369245997,
                "MIA": {
                    "1": 0.588248960204229,
                    "3": 0.612208145919817,
                    "5": 0.6337421397679628,
                    "8": 0.662911846108593,
                    "10": 0.667898972974904,
                    "best": {
                        "s": 10,
                        "ROC AUC": 0.667898972974904
                    }
                }
            },
            "30": {
                "Member size": 3068.0,
                "Nonmember size": 920.0,
                "ROC AUC Individual": 0.5696543369245997,
                "MIA": {
                    "1": 0.5889110929853182,