{
    "average": {
        "max": {
            "1": {
                "Member size": 1600.0,
                "Nonmember size": 100.0,
                "ROC AUC Individual": 0.51079375,
                "MIA": {
                    "1": 0.51079375,
                    "best": {
                        "s": 1,
                        "ROC AUC": 0.51079375
                    }
                }
            },
            "3": {
                "Member size": 544.0,
                "Nonmember size": 34.0,
                "ROC AUC Individual": 0.51079375,
                "MIA": {
                    "1": 0.5390354671280277,
                    "3": 0.5122729238754326,
                    "best": {
                        "s": 1,
                        "ROC AUC": 0.5390354671280277
                    }
                }
            },
            "5": {
                "Member size": 320.0,
                "Nonmember size": 20.0,
                "ROC AUC Individual": 0.51079375,
                "MIA": {
                    "1": 0.52625,
                    "3": 0.5171874999999999,
                    "5": 0.5045312500000001,
                    "best": {
                        "s": 1,
                        "ROC AUC": 0.52625
                    }
                }
            },
            "8": {
                "Member size": 208.0,
                "Nonmember size": 13.0,
                "ROC AUC Individual": 0.51079375,
                "MIA": {
                    "1": 0.5073964497041421,
                    "3": 0.5262573964497042,
                    "5": 0.5506656804733727,
                    "8": 0.5129437869822485,
                    "best": {
                        "s": 5,
                        "ROC AUC": 0.5506656804733727
                    }
                }
            },
            "10": {
                "Member size": 160.0,
                "Nonmember size": 10.0,
                "ROC AUC Individual": 0.51079375,
                "MIA": {
                    "1": 0.575,
                    "3": 0.558125,
                    "5": 0.55625,
                    "8": 0.54875,
                    "10": 0.519375,
                    "best": {
                        "s": 1,
                        "ROC AUC": 0.575
                    }
                }
            },
            "30": {
                "Member size": 64.0,
                "Nonmember size": 4.0,
                "ROC AUC Individual": 0.51079375,
                "MIA": {
                    "1": 0.6875,
                    "3": 0.640625,
                    "5": 0.578125,
                    "8": 0.56640625,
                    "10": 0.54296875,
                    "30": 0.5,
                    "best": {
                        "s": 1,
                        "ROC AUC": 0.6875
                    }
                }
            },
            "50": {
                "Member size": 32.0,
                "Nonmember size": 2.0,
                "ROC AUC Individual": 0.51079375,
                "MIA": {
                    "1": 0.6875,
                    "3": 0.671875,
                    "5": 0.65625,
                    "8": 0.671875,
                    "10": 0.671875,
                    "30": 0.546875,
                    "50": 0.484375,
                    "best": {
                        "s": 1,
                        "ROC AUC": 0.6875
                    }
                }
            },
            "80": {
                "Member size": 32.0,
                "Nonmember size": 2.0,
                "ROC AUC Individual": 0.51079375,
                "MIA": {
                    "1": 0.765625,
                    "3": 0.796875,
                    "5": 0.734375,
                    "8": 0.6875,
                    "10": 0.65625,
                    "30": 0.5625,
                    "50": 0.546875,
                    "80": 0.515625,
                    "best": {
                        "s": 3,
                        "ROC AUC": 0.796875
                    }
                }
            },
            "100": {
                "Member size": 16.0,
                "Nonmember size": 1.0,
                "ROC AUC Individual": 0.51079375,
                "MIA": {
                    "1": 0.6875,
                    "3": 0.6875,
                    "5": 0.6875,
                    "8": 0.6875,
                    "10": 0.6875,
                    "30": 0.6875,
                    "50": 0.5625,
                    "80": 0.5,
                    "100": 0.4375,
                    "best": {
                        "s": 1,
                        "ROC AUC": 0.6875
                    }
                }
            }
        },
        "min": {
            "1": {
                "Member size": 1600.0,
                "Nonmember size": 100.0,
                "ROC AUC Individual": 0.51079375,
                "MIA": {
                    "1": 0.51079375,
                    "best": {
                        "s": 1,
                        "ROC AUC": 0.51079375
                    }
                }
            },
            "3": {
                "Member size": 544.0,
                "Nonmember size": 34.0,
                "ROC AUC Individual": 0.51079375,
                "MIA": {
                    "1": 0.47756271626297575,
                    "3": 0.5122729238754326,
                    "best": {
                        "s": 3,
                        "ROC AUC": 0.5122729238754326
                    }
                }
            },
            "5": {
                "Member size": 320.0,
                "Nonmember size": 20.0,
                "ROC AUC Individual": 0.51079375,
                "MIA": {
                    "1": 0.49437500000000006,
                    "3": 0.49624999999999997,
                    "5": 0.5045312500000001,
                    "best": {
                        "s": 5,
                        "ROC AUC": 0.5045312500000001
                    }
                }
            },
            "8": {
                "Member size": 208.0,
                "Nonmember size": 13.0,
                "ROC AUC Individual": 0.51079375,
                "MIA": {
                    "1": 0.3872041420118343,
                    "3": 0.4326923076923077,
                    "5": 0.47152366863905326,
                    "8": 0.5129437869822485,
                    "best": {
                        "s": 8,
                        "ROC AUC": 0.5129437869822485
                    }
                }
            },
            "10": {
                "Member size": 160.0,
                "Nonmember size": 10.0,
                "ROC AUC Individual": 0.51079375,
                "MIA": {
                    "1": 0.35687499999999994,
                    "3": 0.42499999999999993,
                    "5": 0.455,
                    "8": 0.5025,
                    "10": 0.519375,
                    "best": {
                        "s": 10,
                        "ROC AUC": 0.519375
                    }
                }
            },
            "30": {
                "Member size": 64.0,
                "Nonmember size": 4.0,
                "ROC AUC Individual": 0.51079375,
                "MIA": {
                    "1": 0.35546875,
                    "3": 0.359375,
                    "5": 0.37109375,
                    "8": 0.390625,
                    "10": 0.44140625,
                    "30": 0.5,
                    "best": {
                        "s": 30,
                        "ROC AUC": 0.5
                    }
                }
            },
            "50": {
                "Member size": 32.0,
                "Nonmember size": 2.0,
                "ROC AUC Individual": 0.51079375,
                "MIA": {
                    "1": 0.203125,
                    "3": 0.328125,
                    "5": 0.34375,
                    "8": 0.34375,
                    "10": 0.328125,
                    "30": 0.421875,