{
    "average": {
        "max": {
            "1": {
                "Member size": 76700.0,
                "Nonmember size": 23000.0,
                "ROC AUC Individual": 0.5051811299472455,
                "MIA": {
                    "1": 0.5051811299472455,
                    "best": {
                        "s": 1,
                        "ROC AUC": 0.5051811299472455
                    }
                }
            },
            "3": {
                "Member size": 26078.0,
                "Nonmember size": 7820.0,
                "ROC AUC Individual": 0.5051811299472455,
                "MIA": {
                    "1": 0.5068704504270339,
                    "3": 0.5066797186258544,
                    "best": {
                        "s": 1,
                        "ROC AUC": 0.5068704504270339
                    }
                }
            },
            "5": {
                "Member size": 15340.0,
                "Nonmember size": 4600.0,
                "ROC AUC Individual": 0.5051811299472455,
                "MIA": {
                    "1": 0.5055021061642865,
                    "3": 0.5060763449793299,
                    "5": 0.5043389285152997,
                    "best": {
                        "s": 3,
                        "ROC AUC": 0.5060763449793299
                    }
                }
            },
            "8": {
                "Member size": 9971.0,
                "Nonmember size": 2990.0,
                "ROC AUC Individual": 0.5051811299472455,
                "MIA": {
                    "1": 0.5041790253704257,
                    "3": 0.5054763034352068,
                    "5": 0.5059398436199852,
                    "8": 0.5031082146952666,
                    "best": {
                        "s": 5,
                        "ROC AUC": 0.5059398436199852
                    }
                }
            },
            "10": {
                "Member size": 7670.0,
                "Nonmember size": 2300.0,
                "ROC AUC Individual": 0.5051811299472455,
                "MIA": {
                    "1": 0.49962474558782677,
                    "3": 0.5012925540359711,
                    "5": 0.5025441416615636,
                    "8": 0.5054805462144367,
                    "10": 0.5056104312363411,
                    "best": {
                        "s": 10,
                        "ROC AUC": 0.5056104312363411
                    }
                }
            },
            "30": {
                "Member size": 3068.0,
                "Nonmember size": 920.0,
                "ROC AUC Individual": 0.5051811299472455,
                "MIA": {
                    "1": 0.4764341590612776,
                    "3": 0.4878138994388073,
                    "5": 0.4954975270676266,
                    "8": 0.4997424324017913,
                    "10": 0.5012091859871889,
                    "30": 0.5093758192614526,
                    "best": {
                        "s": 30,
                        "ROC AUC": 0.5093758192614526
                    }
                }
            },
            "50": {
                "Member size": 1534.0,
                "Nonmember size": 460.0,
                "ROC AUC Individual": 0.5051811299472455,
                "MIA": {
                    "1": 0.46057196304064396,
                    "3": 0.46117000170058386,
                    "5": 0.47310048498255763,
                    "8": 0.48584333078079356,
                    "10": 0.4900805468107434,
                    "30": 0.5030219234805298,
                    "50": 0.5129576056287725,
                    "best": {
                        "s": 50,
                        "ROC AUC": 0.5129576056287725
                    }
                }
            },
            "80": {
                "Member size": 1534.0,
                "Nonmember size": 460.0,
                "ROC AUC Individual": 0.5051811299472455,
                "MIA": {
                    "1": 0.45472620599739244,
                    "3": 0.46955388016552346,
                    "5": 0.47879371917691743,
                    "8": 0.48689841845700355,
                    "10": 0.4900076526274021,
                    "30": 0.5037512045802393,
                    "50": 0.5011191691288388,
                    "80": 0.516771313261188,
                    "best": {
                        "s": 80,
                        "ROC AUC": 0.516771313261188
                    }
                }
            },
            "100": {
                "Member size": 767.0,
                "Nonmember size": 230.0,
                "ROC AUC Individual": 0.5051811299472455,
                "MIA": {
                    "1": 0.4430927951930163,
                    "3": 0.43114335921999886,
                    "5": 0.43723711807720655,
                    "8": 0.4508134459497761,
                    "10": 0.4588742134799615,
                    "30": 0.48901989683124547,
                    "50": 0.4975939720866513,
                    "80": 0.5106598230412218,
                    "100": 0.5184869398900809,
                    "best": {
                        "s": 100,
                        "ROC AUC": 0.5184869398900809
                    }
                }
            }
        },
        "min": {
            "1": {
                "Member size": 76700.0,
                "Nonmember size": 23000.0,
                "ROC AUC Individual": 0.5051811299472455,
                "MIA": {
                    "1": 0.5051811299472455,
                    "best": {
                        "s": 1,
                        "ROC AUC": 0.5051811299472455
                    }
                }
            },
            "3": {
                "Member size": 26078.0,
                "Nonmember size": 7820.0,
                "ROC AUC Individual": 0.5051811299472455,
                "MIA": {
                    "1": 0.5070126945438228,
                    "3": 0.5066797186258544,
                    "best": {
                        "s": 1,
                        "ROC AUC": 0.5070126945438228
                    }
                }
            },
            "5": {
                "Member size": 15340.0,
                "Nonmember size": 4600.0,
                "ROC AUC Individual": 0.5051811299472455,
                "MIA": {
                    "1": 0.5076043302510956,
                    "3": 0.5094358244011289,
                    "5": 0.5043389285152997,
                    "best": {
                        "s": 3,
                        "ROC AUC": 0.5094358244011289
                    }
                }
            },
            "8": {
                "Member size": 9971.0,
                "Nonmember size": 2990.0,
                "ROC AUC Individual": 0.5051811299472455,
                "MIA": {
                    "1": 0.503020719815114,
                    "3": 0.5032524202602084,
                    "5": 0.5054496423099578,
                    "8": 0.5031082146952666,
                    "best": {
                        "s": 5,
                        "ROC AUC": 0.5054496423099578
                    }
                }
            },
            "10": {
                "Member size": 7670.0,
                "Nonmember size": 2300.0,
                "ROC AUC Individual": 0.5051811299472455,
                "MIA": {
                    "1": 0.505474937329144,
                    "3": 0.5082411840791504,
                    "5": 0.5099203967114707,
                    "8": 0.5133235854093188,
                    "10": 0.5056104312363411,
                    "best": {
                        "s": 8,
                        "ROC AUC": 0.5133235854093188
                    }
                }
            },
            "30": {
                "Member size": 3068.0,
                "Nonmember size": 920.0,
                "ROC AUC Individual": 0.5051811299472455,
                "MIA": {
                    "1": 0.5139221014492754,