{
    "average": {
        "max": {
            "1": {
                "Member size": 92200.0,
                "Nonmember size": 7400.0,
                "ROC AUC Individual": 0.5696292768364895,
                "MIA": {
                    "1": 0.5696292768364895,
                    "best": {
                        "s": 1,
                        "ROC AUC": 0.5696292768364895
                    }
                }
            },
            "3": {
                "Member size": 31348.0,
                "Nonmember size": 2516.0,
                "ROC AUC Individual": 0.5696292768364895,
                "MIA": {
                    "1": 0.6325049351117249,
                    "3": 0.6052955419879569,
                    "best": {
                        "s": 1,
                        "ROC AUC": 0.6325049351117249
                    }
                }
            },
            "5": {
                "Member size": 18440.0,
                "Nonmember size": 1480.0,
                "ROC AUC Individual": 0.5696292768364895,
                "MIA": {
                    "1": 0.6523967432725567,
                    "3": 0.6739396215629947,
                    "5": 0.6355534018291611,
                    "best": {
                        "s": 3,
                        "ROC AUC": 0.6739396215629947
                    }
                }
            },
            "8": {
                "Member size": 11986.0,
                "Nonmember size": 962.0,
                "ROC AUC Individual": 0.5696292768364895,
                "MIA": {
                    "1": 0.6634491799684524,
                    "3": 0.7028085954750396,
                    "5": 0.7010326583370134,
                    "8": 0.6597969634011682,
                    "best": {
                        "s": 3,
                        "ROC AUC": 0.7028085954750396
                    }
                }
            },
            "10": {
                "Member size": 9220.0,
                "Nonmember size": 740.0,
                "ROC AUC Individual": 0.5696292768364895,
                "MIA": {
                    "1": 0.6767340388110453,
                    "3": 0.7271513894588733,
                    "5": 0.7389529225537901,
                    "8": 0.7158470129565575,
                    "10": 0.6837192941314416,
                    "best": {
                        "s": 5,
                        "ROC AUC": 0.7389529225537901
                    }
                }
            },
            "30": {
                "Member size": 3688.0,
                "Nonmember size": 296.0,
                "ROC AUC Individual": 0.5696292768364895,
                "MIA": {
                    "1": 0.657760102157472,
                    "3": 0.7093797634402298,
                    "5": 0.7199426921498505,
                    "8": 0.7116891159054933,
                    "10": 0.7022199463563346,
                    "30": 0.7629968634578179,
                    "best": {
                        "s": 30,
                        "ROC AUC": 0.7629968634578179
                    }
                }
            },
            "50": {
                "Member size": 1844.0,
                "Nonmember size": 148.0,
                "ROC AUC Individual": 0.5696292768364895,
                "MIA": {
                    "1": 0.6548154716538664,
                    "3": 0.7344088937093276,
                    "5": 0.7783791112153368,
                    "8": 0.8233496511696078,
                    "10": 0.8424840241543061,
                    "30": 0.9038701119774872,
                    "50": 0.8617869496394442,
                    "best": {
                        "s": 30,
                        "ROC AUC": 0.9038701119774872
                    }
                }
            },
            "80": {
                "Member size": 1844.0,
                "Nonmember size": 148.0,
                "ROC AUC Individual": 0.5696292768364895,
                "MIA": {
                    "1": 0.6382991587031717,
                    "3": 0.6763975200797328,
                    "5": 0.6890133083191652,
                    "8": 0.6886432256551562,
                    "10": 0.6831286275429442,
                    "30": 0.6675741631001935,
                    "50": 0.6877125227179458,
                    "80": 0.810202556135311,
                    "best": {
                        "s": 80,
                        "ROC AUC": 0.810202556135311
                    }
                }
            },
            "100": {
                "Member size": 922.0,
                "Nonmember size": 74.0,
                "ROC AUC Individual": 0.5696292768364895,
                "MIA": {
                    "1": 0.6246555666295363,
                    "3": 0.7048279298821599,
                    "5": 0.7553643665357331,
                    "8": 0.8069560884094507,
                    "10": 0.8344521310898751,
                    "30": 0.930761564167204,
                    "50": 0.949712727912294,
                    "80": 0.9447294365949463,
                    "100": 0.9208536084891834,
                    "best": {
                        "s": 50,
                        "ROC AUC": 0.949712727912294
                    }
                }
            }
        },
        "min": {
            "1": {
                "Member size": 92200.0,
                "Nonmember size": 7400.0,
                "ROC AUC Individual": 0.5696292768364895,
                "MIA": {
                    "1": 0.5696292768364895,
                    "best": {
                        "s": 1,
                        "ROC AUC": 0.5696292768364895
                    }
                }
            },
            "3": {
                "Member size": 31348.0,
                "Nonmember size": 2516.0,
                "ROC AUC Individual": 0.5696292768364895,
                "MIA": {
                    "1": 0.5425954825698406,
                    "3": 0.6052955419879569,
                    "best": {
                        "s": 3,
                        "ROC AUC": 0.6052955419879569
                    }
                }
            },
            "5": {
                "Member size": 18440.0,
                "Nonmember size": 1480.0,
                "ROC AUC Individual": 0.5696292768364895,
                "MIA": {
                    "1": 0.5242143254968634,
                    "3": 0.5872711533388052,
                    "5": 0.6355534018291611,
                    "best": {
                        "s": 5,
                        "ROC AUC": 0.6355534018291611
                    }
                }
            },
            "8": {
                "Member size": 11986.0,
                "Nonmember size": 962.0,
                "ROC AUC Individual": 0.5696292768364895,
                "MIA": {
                    "1": 0.5178558109894669,
                    "3": 0.5637851748731109,
                    "5": 0.6075504582095606,
                    "8": 0.6597969634011682,
                    "best": {
                        "s": 8,
                        "ROC AUC": 0.6597969634011682
                    }
                }
            },
            "10": {
                "Member size": 9220.0,
                "Nonmember size": 740.0,
                "ROC AUC Individual": 0.5696292768364895,
                "MIA": {
                    "1": 0.5143401536026264,
                    "3": 0.553676056750894,
                    "5": 0.6003592366770241,
                    "8": 0.6576849680483087,
                    "10": 0.6837192941314416,
                    "best": {
                        "s": 10,
                        "ROC AUC": 0.6837192941314416
                    }
                }
            },
            "30": {
                "Member size": 3688.0,
                "Nonmember size": 296.0,
                "ROC AUC Individual": 0.5696292768364895,
                "MIA": {
                    "1": 0.49577519493463096,