{
    "average": {
        "max": {
            "1": {
                "Member size": 76800.0,
                "Nonmember size": 23000.0,
                "ROC AUC Individual": 0.538796038536623,
                "MIA": {
                    "1": 0.538796038536623,
                    "best": {
                        "s": 1,
                        "ROC AUC": 0.538796038536623
                    }
                }
            },
            "3": {
                "Member size": 26112.0,
                "Nonmember size": 7820.0,
                "ROC AUC Individual": 0.538796038536623,
                "MIA": {
                    "1": 0.5690295759459918,
                    "3": 0.5607600485329975,
                    "best": {
                        "s": 1,
                        "ROC AUC": 0.5690295759459918
                    }
                }
            },
            "5": {
                "Member size": 15360.0,
                "Nonmember size": 4600.0,
                "ROC AUC Individual": 0.538796038536623,
                "MIA": {
                    "1": 0.5580958339112884,
                    "3": 0.5745950456980418,
                    "5": 0.565727252645173,
                    "best": {
                        "s": 3,
                        "ROC AUC": 0.5745950456980418
                    }
                }
            },
            "8": {
                "Member size": 9984.0,
                "Nonmember size": 2990.0,
                "ROC AUC Individual": 0.538796038536623,
                "MIA": {
                    "1": 0.5331475511319784,
                    "3": 0.5681408723397198,
                    "5": 0.5759689564017788,
                    "8": 0.5703395507076515,
                    "best": {
                        "s": 5,
                        "ROC AUC": 0.5759689564017788
                    }
                }
            },
            "10": {
                "Member size": 7680.0,
                "Nonmember size": 2300.0,
                "ROC AUC Individual": 0.538796038536623,
                "MIA": {
                    "1": 0.5092427536231885,
                    "3": 0.5605963396264879,
                    "5": 0.5799129075733037,
                    "8": 0.5825624759272265,
                    "10": 0.5762586140454278,
                    "best": {
                        "s": 8,
                        "ROC AUC": 0.5825624759272265
                    }
                }
            },
            "30": {
                "Member size": 3072.0,
                "Nonmember size": 920.0,
                "ROC AUC Individual": 0.538796038536623,
                "MIA": {
                    "1": 0.4345763275588768,
                    "3": 0.4805632218070652,
                    "5": 0.5264952728713768,
                    "8": 0.5602616904438407,
                    "10": 0.5679662732110508,
                    "30": 0.5904749404018618,
                    "best": {
                        "s": 30,
                        "ROC AUC": 0.5904749404018618
                    }
                }
            },
            "50": {
                "Member size": 1536.0,
                "Nonmember size": 460.0,
                "ROC AUC Individual": 0.538796038536623,
                "MIA": {
                    "1": 0.3953492980072464,
                    "3": 0.3928003283514493,
                    "5": 0.4380208333333333,
                    "8": 0.5105001698369565,
                    "10": 0.547561424365942,
                    "30": 0.6412831182065217,
                    "50": 0.6311831322558616,
                    "best": {
                        "s": 30,
                        "ROC AUC": 0.6412831182065217
                    }
                }
            },
            "80": {
                "Member size": 1536.0,
                "Nonmember size": 460.0,
                "ROC AUC Individual": 0.538796038536623,
                "MIA": {
                    "1": 0.4205007359601449,
                    "3": 0.43599710900742594,
                    "5": 0.4714939629272717,
                    "8": 0.5024587608412222,
                    "10": 0.5152400657559095,
                    "30": 0.5609630973300833,
                    "50": 0.5865305426972993,
                    "80": 0.6023887434554974,
                    "best": {
                        "s": 80,
                        "ROC AUC": 0.6023887434554974
                    }
                }
            },
            "100": {
                "Member size": 768.0,
                "Nonmember size": 230.0,
                "ROC AUC Individual": 0.538796038536623,
                "MIA": {
                    "1": 0.3892323369565217,
                    "3": 0.3406080163043478,
                    "5": 0.34767889492753623,
                    "8": 0.3834125905797101,
                    "10": 0.4169610507246377,
                    "30": 0.6308423913043478,
                    "50": 0.6657686842853083,
                    "80": 0.6716908212560386,
                    "100": 0.6566132723112129,
                    "best": {
                        "s": 80,
                        "ROC AUC": 0.6716908212560386
                    }
                }
            }
        },
        "min": {
            "1": {
                "Member size": 76800.0,
                "Nonmember size": 23000.0,
                "ROC AUC Individual": 0.538796038536623,
                "MIA": {
                    "1": 0.538796038536623,
                    "best": {
                        "s": 1,
                        "ROC AUC": 0.538796038536623
                    }
                }
            },
            "3": {
                "Member size": 26112.0,
                "Nonmember size": 7820.0,
                "ROC AUC Individual": 0.538796038536623,
                "MIA": {
                    "1": 0.5110292893144628,
                    "3": 0.5607600485329975,
                    "best": {
                        "s": 3,
                        "ROC AUC": 0.5607600485329975
                    }
                }
            },
            "5": {
                "Member size": 15360.0,
                "Nonmember size": 4600.0,
                "ROC AUC Individual": 0.538796038536623,
                "MIA": {
                    "1": 0.49827198190316835,
                    "3": 0.5503933996856993,
                    "5": 0.565727252645173,
                    "best": {
                        "s": 5,
                        "ROC AUC": 0.565727252645173
                    }
                }
            },
            "8": {
                "Member size": 9984.0,
                "Nonmember size": 2990.0,
                "ROC AUC Individual": 0.538796038536623,
                "MIA": {
                    "1": 0.48775144346164073,
                    "3": 0.5149832038585377,
                    "5": 0.5628211551951405,
                    "8": 0.5703395507076515,
                    "best": {
                        "s": 8,
                        "ROC AUC": 0.5703395507076515
                    }
                }
            },
            "10": {
                "Member size": 7680.0,
                "Nonmember size": 2300.0,
                "ROC AUC Individual": 0.538796038536623,
                "MIA": {
                    "1": 0.4810854271926049,
                    "3": 0.5036541566350375,
                    "5": 0.5404159184251522,
                    "8": 0.6109400551907025,
                    "10": 0.5762586140454278,
                    "best": {
                        "s": 8,
                        "ROC AUC": 0.6109400551907025
                    }
                }
            },
            "30": {
                "Member size": 3072.0,
                "Nonmember size": 920.0,
                "ROC AUC Individual": 0.538796038536623,
                "MIA": {
                    "1": 0.4639965138030724,