{
    "average": {
        "max": {
            "1": {
                "Member size": 900.0,
                "Nonmember size": 900.0,
                "ROC AUC Individual": 0.7723395061728395,
                "MIA": {
                    "1": 0.7723395061728395,
                    "best": {
                        "s": 1,
                        "ROC AUC": 0.7723395061728395
                    }
                }
            },
            "3": {
                "Member size": 306.0,
                "Nonmember size": 306.0,
                "ROC AUC Individual": 0.7723395061728395,
                "MIA": {
                    "1": 0.8150924857960613,
                    "3": 0.8139711222179504,
                    "best": {
                        "s": 1,
                        "ROC AUC": 0.8150924857960613
                    }
                }
            },
            "5": {
                "Member size": 180.0,
                "Nonmember size": 180.0,
                "ROC AUC Individual": 0.7723395061728395,
                "MIA": {
                    "1": 0.8246604938271604,
                    "3": 0.8371296296296297,
                    "5": 0.8284567901234567,
                    "best": {
                        "s": 3,
                        "ROC AUC": 0.8371296296296297
                    }
                }
            },
            "8": {
                "Member size": 117.0,
                "Nonmember size": 117.0,
                "ROC AUC Individual": 0.7723395061728395,
                "MIA": {
                    "1": 0.8279640587332895,
                    "3": 0.8305939075169845,
                    "5": 0.8293520344802396,
                    "8": 0.838337351157864,
                    "best": {
                        "s": 8,
                        "ROC AUC": 0.838337351157864
                    }
                }
            },
            "10": {
                "Member size": 90.0,
                "Nonmember size": 90.0,
                "ROC AUC Individual": 0.7723395061728395,
                "MIA": {
                    "1": 0.8106172839506173,
                    "3": 0.8340740740740741,
                    "5": 0.8348148148148148,
                    "8": 0.832716049382716,
                    "10": 0.8445679012345679,
                    "best": {
                        "s": 10,
                        "ROC AUC": 0.8445679012345679
                    }
                }
            },
            "30": {
                "Member size": 36.0,
                "Nonmember size": 36.0,
                "ROC AUC Individual": 0.7723395061728395,
                "MIA": {
                    "1": 0.8016975308641975,
                    "3": 0.8510802469135803,
                    "5": 0.8425925925925926,
                    "8": 0.8341049382716049,
                    "10": 0.8225308641975309,
                    "30": 0.8626543209876543,
                    "best": {
                        "s": 30,
                        "ROC AUC": 0.8626543209876543
                    }
                }
            },
            "50": {
                "Member size": 18.0,
                "Nonmember size": 18.0,
                "ROC AUC Individual": 0.7723395061728395,
                "MIA": {
                    "1": 0.7314814814814814,
                    "3": 0.8271604938271605,
                    "5": 0.8395061728395061,
                    "8": 0.8518518518518519,
                    "10": 0.8611111111111112,
                    "30": 0.8364197530864198,
                    "50": 0.8672839506172839,
                    "best": {
                        "s": 50,
                        "ROC AUC": 0.8672839506172839
                    }
                }
            },
            "80": {
                "Member size": 18.0,
                "Nonmember size": 18.0,
                "ROC AUC Individual": 0.7723395061728395,
                "MIA": {
                    "1": 0.7623456790123456,
                    "3": 0.8302469135802469,
                    "5": 0.8549382716049382,
                    "8": 0.8549382716049382,
                    "10": 0.8487654320987654,
                    "30": 0.802469135802469,
                    "50": 0.8117283950617283,
                    "80": 0.861111111111111,
                    "best": {
                        "s": 80,
                        "ROC AUC": 0.861111111111111
                    }
                }
            },
            "100": {
                "Member size": 9.0,
                "Nonmember size": 9.0,
                "ROC AUC Individual": 0.7723395061728395,
                "MIA": {
                    "1": 0.6296296296296295,
                    "3": 0.7901234567901234,
                    "5": 0.8271604938271605,
                    "8": 0.8395061728395062,
                    "10": 0.8518518518518519,
                    "30": 0.8765432098765432,
                    "50": 0.8271604938271605,
                    "80": 0.8395061728395062,
                    "100": 0.8518518518518517,
                    "best": {
                        "s": 30,
                        "ROC AUC": 0.8765432098765432
                    }
                }
            }
        },
        "min": {
            "1": {
                "Member size": 900.0,
                "Nonmember size": 900.0,
                "ROC AUC Individual": 0.7723395061728395,
                "MIA": {
                    "1": 0.7723395061728395,
                    "best": {
                        "s": 1,
                        "ROC AUC": 0.7723395061728395
                    }
                }
            },
            "3": {
                "Member size": 306.0,
                "Nonmember size": 306.0,
                "ROC AUC Individual": 0.7723395061728395,
                "MIA": {
                    "1": 0.7842710068776966,
                    "3": 0.8139711222179504,
                    "best": {
                        "s": 3,
                        "ROC AUC": 0.8139711222179504
                    }
                }
            },
            "5": {
                "Member size": 180.0,
                "Nonmember size": 180.0,
                "ROC AUC Individual": 0.7723395061728395,
                "MIA": {
                    "1": 0.7958333333333333,
                    "3": 0.8048456790123457,
                    "5": 0.8284567901234567,
                    "best": {
                        "s": 5,
                        "ROC AUC": 0.8284567901234567
                    }
                }
            },
            "8": {
                "Member size": 117.0,
                "Nonmember size": 117.0,
                "ROC AUC Individual": 0.7723395061728395,
                "MIA": {
                    "1": 0.815983636496457,
                    "3": 0.8167141500474835,
                    "5": 0.8235809774271312,
                    "8": 0.838337351157864,
                    "best": {
                        "s": 8,
                        "ROC AUC": 0.838337351157864
                    }
                }
            },
            "10": {
                "Member size": 90.0,
                "Nonmember size": 90.0,
                "ROC AUC Individual": 0.7723395061728395,
                "MIA": {
                    "1": 0.8350617283950617,
                    "3": 0.8330864197530864,
                    "5": 0.8345679012345679,
                    "8": 0.8351851851851851,
                    "10": 0.8445679012345679,
                    "best": {
                        "s": 10,
                        "ROC AUC": 0.8445679012345679
                    }
                }
            },
            "30": {
                "Member size": 36.0,
                "Nonmember size": 36.0,
                "ROC AUC Individual": 0.7723395061728395,
                "MIA": {
                    "1": 0.8572530864197531,
                    "3": 0.8472222222222221,