{
    "average": {
        "max": {
            "1": {
                "Member size": 76800.0,
                "Nonmember size": 23000.0,
                "ROC AUC Individual": 0.4575428321503936,
                "MIA": {
                    "1": 0.4575428321503936,
                    "best": {
                        "s": 1,
                        "ROC AUC": 0.4575428321503936
                    }
                }
            },
            "3": {
                "Member size": 26112.0,
                "Nonmember size": 7820.0,
                "ROC AUC Individual": 0.4575428321503936,
                "MIA": {
                    "1": 0.44975072811189226,
                    "3": 0.43022387251292027,
                    "best": {
                        "s": 1,
                        "ROC AUC": 0.44975072811189226
                    }
                }
            },
            "5": {
                "Member size": 15360.0,
                "Nonmember size": 4600.0,
                "ROC AUC Individual": 0.4575428321503936,
                "MIA": {
                    "1": 0.4433987761669278,
                    "3": 0.424718519691364,
                    "5": 0.4119965536865762,
                    "best": {
                        "s": 1,
                        "ROC AUC": 0.4433987761669278
                    }
                }
            },
            "8": {
                "Member size": 9984.0,
                "Nonmember size": 2990.0,
                "ROC AUC Individual": 0.4575428321503936,
                "MIA": {
                    "1": 0.4358665386510132,
                    "3": 0.42781383143816487,
                    "5": 0.4124289648249322,
                    "8": 0.3974013097846161,
                    "best": {
                        "s": 1,
                        "ROC AUC": 0.4358665386510132
                    }
                }
            },
            "10": {
                "Member size": 7680.0,
                "Nonmember size": 2300.0,
                "ROC AUC Individual": 0.4575428321503936,
                "MIA": {
                    "1": 0.4318585121063728,
                    "3": 0.42404591638341627,
                    "5": 0.41230720408349253,
                    "8": 0.3907036152322515,
                    "10": 0.38866812889831,
                    "best": {
                        "s": 1,
                        "ROC AUC": 0.4318585121063728
                    }
                }
            },
            "30": {
                "Member size": 3072.0,
                "Nonmember size": 920.0,
                "ROC AUC Individual": 0.4575428321503936,
                "MIA": {
                    "1": 0.4161330955615942,
                    "3": 0.41735124365410253,
                    "5": 0.4208306718335249,
                    "8": 0.4252380749180339,
                    "10": 0.4272180855516118,
                    "30": 0.3556557591259952,
                    "best": {
                        "s": 10,
                        "ROC AUC": 0.4272180855516118
                    }
                }
            },
            "50": {
                "Member size": 1536.0,
                "Nonmember size": 460.0,
                "ROC AUC Individual": 0.4575428321503936,
                "MIA": {
                    "1": 0.39972205677982925,
                    "3": 0.3905674040837191,
                    "5": 0.38863771902422406,
                    "8": 0.3875727714196462,
                    "10": 0.38808110640956467,
                    "30": 0.3542056474005724,
                    "50": 0.3058608058608059,
                    "best": {
                        "s": 1,
                        "ROC AUC": 0.39972205677982925
                    }
                }
            },
            "80": {
                "Member size": 1536.0,
                "Nonmember size": 460.0,
                "ROC AUC Individual": 0.4575428321503936,
                "MIA": {
                    "1": 0.4121251629726206,
                    "3": 0.41581660182319025,
                    "5": 0.42120949649277256,
                    "8": 0.4287965331059961,
                    "10": 0.431462063086104,
                    "30": 0.4323922862598282,
                    "50": 0.4083538429702944,
                    "80": 0.3429899663542417,
                    "best": {
                        "s": 30,
                        "ROC AUC": 0.4323922862598282
                    }
                }
            },
            "100": {
                "Member size": 768.0,
                "Nonmember size": 230.0,
                "ROC AUC Individual": 0.4575428321503936,
                "MIA": {
                    "1": 0.39513134057971017,
                    "3": 0.37607845360240344,
                    "5": 0.3768777280199535,
                    "8": 0.3820304971373505,
                    "10": 0.38256334674905046,
                    "30": 0.39086670120642436,
                    "50": 0.35428585049580474,
                    "80": 0.29837178562845473,
                    "100": 0.2755779557947924,
                    "best": {
                        "s": 1,
                        "ROC AUC": 0.39513134057971017
                    }
                }
            }
        },
        "min": {
            "1": {
                "Member size": 76800.0,
                "Nonmember size": 23000.0,
                "ROC AUC Individual": 0.4575428321503936,
                "MIA": {
                    "1": 0.4575428321503936,
                    "best": {
                        "s": 1,
                        "ROC AUC": 0.4575428321503936
                    }
                }
            },
            "3": {
                "Member size": 26112.0,
                "Nonmember size": 7820.0,
                "ROC AUC Individual": 0.4575428321503936,
                "MIA": {
                    "1": 0.4379333704586277,
                    "3": 0.43022387251292027,
                    "best": {
                        "s": 1,
                        "ROC AUC": 0.4379333704586277
                    }
                }
            },
            "5": {
                "Member size": 15360.0,
                "Nonmember size": 4600.0,
                "ROC AUC Individual": 0.4575428321503936,
                "MIA": {
                    "1": 0.43266618236240006,
                    "3": 0.4181962623330502,
                    "5": 0.4119965536865762,
                    "best": {
                        "s": 1,
                        "ROC AUC": 0.43266618236240006
                    }
                }
            },
            "8": {
                "Member size": 9984.0,
                "Nonmember size": 2990.0,
                "ROC AUC Individual": 0.4575428321503936,
                "MIA": {
                    "1": 0.4357339070095103,
                    "3": 0.41466096105129746,
                    "5": 0.4055006430455738,
                    "8": 0.3974013097846161,
                    "best": {
                        "s": 1,
                        "ROC AUC": 0.4357339070095103
                    }
                }
            },
            "10": {
                "Member size": 7680.0,
                "Nonmember size": 2300.0,
                "ROC AUC Individual": 0.4575428321503936,
                "MIA": {
                    "1": 0.43806644384041743,
                    "3": 0.4121515184003217,
                    "5": 0.3993041188683205,
                    "8": 0.39263602691368815,
                    "10": 0.38866812889831,
                    "best": {
                        "s": 1,
                        "ROC AUC": 0.43806644384041743
                    }
                }
            },
            "30": {
                "Member size": 3072.0,
                "Nonmember size": 920.0,
                "ROC AUC Individual": 0.4575428321503936,
                "MIA": {
                    "1": 0.4557820811504054,