{
    "average": {
        "max": {
            "1": {
                "Member size": 767.0,
                "Nonmember size": 230.0,
                "ROC AUC Individual": 0.44941329856584095,
                "MIA": {
                    "1": 0.44941329856584095,
                    "best": {
                        "s": 1,
                        "ROC AUC": 0.44941329856584095
                    }
                }
            },
            "3": {
                "Member size": 767.0,
                "Nonmember size": 230.0,
                "ROC AUC Individual": 0.4788483965933519,
                "MIA": {
                    "1": 0.4707556260982938,
                    "3": 0.46290423415743104,
                    "best": {
                        "s": 1,
                        "ROC AUC": 0.4707556260982938
                    }
                }
            },
            "5": {
                "Member size": 767.0,
                "Nonmember size": 230.0,
                "ROC AUC Individual": 0.4831101933375692,
                "MIA": {
                    "1": 0.4993367722918203,
                    "3": 0.47693094629156013,
                    "5": 0.46693603460050076,
                    "best": {
                        "s": 1,
                        "ROC AUC": 0.4993367722918203
                    }
                }
            },
            "8": {
                "Member size": 767.0,
                "Nonmember size": 230.0,
                "ROC AUC Individual": 0.4870201032901127,
                "MIA": {
                    "1": 0.49221132588855504,
                    "3": 0.48244976728346006,
                    "5": 0.47354362034668945,
                    "8": 0.46612223992715685,
                    "best": {
                        "s": 1,
                        "ROC AUC": 0.49221132588855504
                    }
                }
            },
            "10": {
                "Member size": 767.0,
                "Nonmember size": 230.0,
                "ROC AUC Individual": 0.4831052619640356,
                "MIA": {
                    "1": 0.5027379400260756,
                    "3": 0.4836701101146554,
                    "5": 0.47352657004830917,
                    "8": 0.4617402686091509,
                    "10": 0.4617288868654678,
                    "best": {
                        "s": 1,
                        "ROC AUC": 0.5027379400260756
                    }
                }
            },
            "30": {
                "Member size": 767.0,
                "Nonmember size": 230.0,
                "ROC AUC Individual": 0.47909097416900526,
                "MIA": {
                    "1": 0.456204296808571,
                    "3": 0.45401861732319226,
                    "5": 0.4546883868770576,
                    "8": 0.4503893151463484,
                    "10": 0.44793407217959647,
                    "30": 0.41798348280460373,
                    "best": {
                        "s": 1,
                        "ROC AUC": 0.456204296808571
                    }
                }
            },
            "50": {
                "Member size": 767.0,
                "Nonmember size": 230.0,
                "ROC AUC Individual": 0.4785591381523846,
                "MIA": {
                    "1": 0.4427923587098237,
                    "3": 0.42584320616745086,
                    "5": 0.4207231240776479,
                    "8": 0.4200760585764559,
                    "10": 0.41804489911906795,
                    "30": 0.3942749829273845,
                    "50": 0.38980119512755695,
                    "best": {
                        "s": 1,
                        "ROC AUC": 0.4427923587098237
                    }
                }
            },
            "80": {
                "Member size": 767.0,
                "Nonmember size": 230.0,
                "ROC AUC Individual": 0.4820103560605084,
                "MIA": {
                    "1": 0.4274247491638795,
                    "3": 0.4089170166874787,
                    "5": 0.40200363264842776,
                    "8": 0.39997729594732656,
                    "10": 0.40183335225337724,
                    "30": 0.39792852264966994,
                    "50": 0.37844369536650857,
                    "80": 0.3774091016596194,
                    "best": {
                        "s": 1,
                        "ROC AUC": 0.4274247491638795
                    }
                }
            },
            "100": {
                "Member size": 767.0,
                "Nonmember size": 230.0,
                "ROC AUC Individual": 0.48303119781904524,
                "MIA": {
                    "1": 0.4363698203049714,
                    "3": 0.4069270449521002,
                    "5": 0.3969842979422935,
                    "8": 0.3907091434725922,
                    "10": 0.39230769230769236,
                    "30": 0.3981779997729595,
                    "50": 0.3866427022709118,
                    "80": 0.3657608695652174,
                    "100": 0.37388808021995795,
                    "best": {
                        "s": 1,
                        "ROC AUC": 0.4363698203049714
                    }
                }
            }
        },
        "min": {
            "1": {
                "Member size": 767.0,
                "Nonmember size": 230.0,
                "ROC AUC Individual": 0.44941329856584095,
                "MIA": {
                    "1": 0.44941329856584095,
                    "best": {
                        "s": 1,
                        "ROC AUC": 0.44941329856584095
                    }
                }
            },
            "3": {
                "Member size": 767.0,
                "Nonmember size": 230.0,
                "ROC AUC Individual": 0.4788483965933519,
                "MIA": {
                    "1": 0.4730854259962587,
                    "3": 0.46290423415743104,
                    "best": {
                        "s": 1,
                        "ROC AUC": 0.4730854259962587
                    }
                }
            },
            "5": {
                "Member size": 767.0,
                "Nonmember size": 230.0,
                "ROC AUC Individual": 0.4831101933375692,
                "MIA": {
                    "1": 0.46716426382109205,
                    "3": 0.4502244955953396,
                    "5": 0.46693603460050076,
                    "best": {
                        "s": 1,
                        "ROC AUC": 0.46716426382109205
                    }
                }
            },
            "8": {
                "Member size": 767.0,
                "Nonmember size": 230.0,
                "ROC AUC Individual": 0.4870201032901127,
                "MIA": {
                    "1": 0.4799829497016198,
                    "3": 0.46104029137263824,
                    "5": 0.458775324379695,
                    "8": 0.46612223992715685,
                    "best": {
                        "s": 1,
                        "ROC AUC": 0.4799829497016198
                    }
                }
            },
            "10": {
                "Member size": 767.0,
                "Nonmember size": 230.0,
                "ROC AUC Individual": 0.4831052619640356,
                "MIA": {
                    "1": 0.4811707871554419,
                    "3": 0.45701115410880944,
                    "5": 0.44677896653767357,
                    "8": 0.44558957432278623,
                    "10": 0.4617288868654678,
                    "best": {
                        "s": 1,
                        "ROC AUC": 0.4811707871554419
                    }
                }
            },
            "30": {
                "Member size": 767.0,
                "Nonmember size": 230.0,
                "ROC AUC Individual": 0.47909097416900526,
                "MIA": {
                    "1": 0.5054142763364443,