{
    "average": {
        "max": {
            "1": {
                "Member size": 76700.0,
                "Nonmember size": 23000.0,
                "ROC AUC Individual": 0.6219145285862565,
                "MIA": {
                    "1": 0.6219145285862565,
                    "best": {
                        "s": 1,
                        "ROC AUC": 0.6219145285862565
                    }
                }
            },
            "3": {
                "Member size": 26078.0,
                "Nonmember size": 7820.0,
                "ROC AUC Individual": 0.6219145285862565,
                "MIA": {
                    "1": 0.7038461304568516,
                    "3": 0.6582190414674772,
                    "best": {
                        "s": 1,
                        "ROC AUC": 0.7038461304568516
                    }
                }
            },
            "5": {
                "Member size": 15340.0,
                "Nonmember size": 4600.0,
                "ROC AUC Individual": 0.6219145285862565,
                "MIA": {
                    "1": 0.73391975681586,
                    "3": 0.7577062619686039,
                    "5": 0.681896558559737,
                    "best": {
                        "s": 3,
                        "ROC AUC": 0.7577062619686039
                    }
                }
            },
            "8": {
                "Member size": 9971.0,
                "Nonmember size": 2990.0,
                "ROC AUC Individual": 0.6219145285862565,
                "MIA": {
                    "1": 0.7424819602264627,
                    "3": 0.7820805533944526,
                    "5": 0.7856131929867884,
                    "8": 0.700981728855872,
                    "best": {
                        "s": 5,
                        "ROC AUC": 0.7856131929867884
                    }
                }
            },
            "10": {
                "Member size": 7670.0,
                "Nonmember size": 2300.0,
                "ROC AUC Individual": 0.6219145285862565,
                "MIA": {
                    "1": 0.7491005205537895,
                    "3": 0.8098669045502784,
                    "5": 0.8319324604443155,
                    "8": 0.8137070288082938,
                    "10": 0.7203912689662637,
                    "best": {
                        "s": 5,
                        "ROC AUC": 0.8319324604443155
                    }
                }
            },
            "30": {
                "Member size": 3068.0,
                "Nonmember size": 920.0,
                "ROC AUC Individual": 0.6219145285862565,
                "MIA": {
                    "1": 0.7048790774159709,
                    "3": 0.7725078323244639,
                    "5": 0.7964981358358969,
                    "8": 0.787442390595309,
                    "10": 0.7626629548194908,
                    "30": 0.7743799973161367,
                    "best": {
                        "s": 5,
                        "ROC AUC": 0.7964981358358969
                    }
                }
            },
            "50": {
                "Member size": 1534.0,
                "Nonmember size": 460.0,
                "ROC AUC Individual": 0.6219145285862565,
                "MIA": {
                    "1": 0.6838572076412901,
                    "3": 0.785391984581373,
                    "5": 0.8456677625984923,
                    "8": 0.8955487217277931,
                    "10": 0.9161739697296071,
                    "30": 0.967762598492149,
                    "50": 0.8463000871173595,
                    "best": {
                        "s": 30,
                        "ROC AUC": 0.967762598492149
                    }
                }
            },
            "80": {
                "Member size": 1534.0,
                "Nonmember size": 460.0,
                "ROC AUC Individual": 0.6219145285862565,
                "MIA": {
                    "1": 0.666905220792472,
                    "3": 0.7313828581146193,
                    "5": 0.7595615327929256,
                    "8": 0.7678646335241766,
                    "10": 0.7642069610566296,
                    "30": 0.693863565274263,
                    "50": 0.7297314996725608,
                    "80": 0.8069127410211184,
                    "best": {
                        "s": 80,
                        "ROC AUC": 0.8069127410211184
                    }
                }
            },
            "100": {
                "Member size": 767.0,
                "Nonmember size": 230.0,
                "ROC AUC Individual": 0.6219145285862565,
                "MIA": {
                    "1": 0.6343631313417606,
                    "3": 0.740893373391531,
                    "5": 0.8106003061050961,
                    "8": 0.8714415282580352,
                    "10": 0.897976305198118,
                    "30": 0.9755569412164843,
                    "50": 0.98481106305486,
                    "80": 0.9804347826086955,
                    "100": 0.885885261431113,
                    "best": {
                        "s": 50,
                        "ROC AUC": 0.98481106305486
                    }
                }
            }
        },
        "min": {
            "1": {
                "Member size": 76700.0,
                "Nonmember size": 23000.0,
                "ROC AUC Individual": 0.6219145285862565,
                "MIA": {
                    "1": 0.6219145285862565,
                    "best": {
                        "s": 1,
                        "ROC AUC": 0.6219145285862565
                    }
                }
            },
            "3": {
                "Member size": 26078.0,
                "Nonmember size": 7820.0,
                "ROC AUC Individual": 0.6219145285862565,
                "MIA": {
                    "1": 0.5996618940543827,
                    "3": 0.6582190414674772,
                    "best": {
                        "s": 3,
                        "ROC AUC": 0.6582190414674772
                    }
                }
            },
            "5": {
                "Member size": 15340.0,
                "Nonmember size": 4600.0,
                "ROC AUC Individual": 0.6219145285862565,
                "MIA": {
                    "1": 0.588214093504371,
                    "3": 0.6385895882515445,
                    "5": 0.681896558559737,
                    "best": {
                        "s": 5,
                        "ROC AUC": 0.681896558559737
                    }
                }
            },
            "8": {
                "Member size": 9971.0,
                "Nonmember size": 2990.0,
                "ROC AUC Individual": 0.6219145285862565,
                "MIA": {
                    "1": 0.574175237012621,
                    "3": 0.6143742644253213,
                    "5": 0.6503739490939549,
                    "8": 0.700981728855872,
                    "best": {
                        "s": 8,
                        "ROC AUC": 0.700981728855872
                    }
                }
            },
            "10": {
                "Member size": 7670.0,
                "Nonmember size": 2300.0,
                "ROC AUC Individual": 0.6219145285862565,
                "MIA": {
                    "1": 0.5644464481270827,
                    "3": 0.6071696997662006,
                    "5": 0.6432825934442687,
                    "8": 0.6923477911272582,
                    "10": 0.7203912689662637,
                    "best": {
                        "s": 10,
                        "ROC AUC": 0.7203912689662637
                    }
                }
            },
            "30": {
                "Member size": 3068.0,
                "Nonmember size": 920.0,
                "ROC AUC Individual": 0.6219145285862565,
                "MIA": {
                    "1": 0.527170010784425,
                    "3": 0.5543060393506986,