{
    "average": {
        "max": {
            "1": {
                "Member size": 92200.0,
                "Nonmember size": 7400.0,
                "ROC AUC Individual": 0.4191620441519168,
                "MIA": {
                    "1": 0.4191620441519168,
                    "best": {
                        "s": 1,
                        "ROC AUC": 0.4191620441519168
                    }
                }
            },
            "3": {
                "Member size": 31348.0,
                "Nonmember size": 2516.0,
                "ROC AUC Individual": 0.4191620441519168,
                "MIA": {
                    "1": 0.4390956051293705,
                    "3": 0.38120898612547915,
                    "best": {
                        "s": 1,
                        "ROC AUC": 0.4390956051293705
                    }
                }
            },
            "5": {
                "Member size": 18440.0,
                "Nonmember size": 1480.0,
                "ROC AUC Individual": 0.4191620441519168,
                "MIA": {
                    "1": 0.4557420931422591,
                    "3": 0.3904405955341057,
                    "5": 0.3493622869138906,
                    "best": {
                        "s": 1,
                        "ROC AUC": 0.4557420931422591
                    }
                }
            },
            "8": {
                "Member size": 11986.0,
                "Nonmember size": 962.0,
                "ROC AUC Individual": 0.4191620441519168,
                "MIA": {
                    "1": 0.46574571114267416,
                    "3": 0.41207065863790016,
                    "5": 0.3675401881536683,
                    "8": 0.3199437128385818,
                    "best": {
                        "s": 1,
                        "ROC AUC": 0.46574571114267416
                    }
                }
            },
            "10": {
                "Member size": 9220.0,
                "Nonmember size": 740.0,
                "ROC AUC Individual": 0.4191620441519168,
                "MIA": {
                    "1": 0.47754284395995483,
                    "3": 0.41880684468068874,
                    "5": 0.37057014827798934,
                    "8": 0.3195664015752383,
                    "10": 0.2965470468419589,
                    "best": {
                        "s": 1,
                        "ROC AUC": 0.47754284395995483
                    }
                }
            },
            "30": {
                "Member size": 3688.0,
                "Nonmember size": 296.0,
                "ROC AUC Individual": 0.4191620441519168,
                "MIA": {
                    "1": 0.49370764407439227,
                    "3": 0.4694006251149108,
                    "5": 0.4466179444750873,
                    "8": 0.41983000434376083,
                    "10": 0.40476879251763354,
                    "30": 0.2243160743001858,
                    "best": {
                        "s": 1,
                        "ROC AUC": 0.49370764407439227
                    }
                }
            },
            "50": {
                "Member size": 1844.0,
                "Nonmember size": 148.0,
                "ROC AUC Individual": 0.4191620441519168,
                "MIA": {
                    "1": 0.4859393360752056,
                    "3": 0.4848276420132708,
                    "5": 0.4717775750709883,
                    "8": 0.430923570629453,
                    "10": 0.40435541866839575,
                    "30": 0.2114152656206179,
                    "50": 0.13096972640440344,
                    "best": {
                        "s": 1,
                        "ROC AUC": 0.4859393360752056
                    }
                }
            },
            "80": {
                "Member size": 1844.0,
                "Nonmember size": 148.0,
                "ROC AUC Individual": 0.4191620441519168,
                "MIA": {
                    "1": 0.4907941437444543,
                    "3": 0.4822895952066183,
                    "5": 0.474935101966753,
                    "8": 0.45798940153088996,
                    "10": 0.4447112178204615,
                    "30": 0.378124451318144,
                    "50": 0.32365195521415696,
                    "80": 0.17602145271490852,
                    "best": {
                        "s": 1,
                        "ROC AUC": 0.4907941437444543
                    }
                }
            },
            "100": {
                "Member size": 922.0,
                "Nonmember size": 74.0,
                "ROC AUC Individual": 0.4191620441519168,
                "MIA": {
                    "1": 0.4905405405405405,
                    "3": 0.49454459900597003,
                    "5": 0.4954268740993442,
                    "8": 0.4939858247801664,
                    "10": 0.48486898214863394,
                    "30": 0.31805334746511216,
                    "50": 0.1797865662272442,
                    "80": 0.09134492864424057,
                    "100": 0.0668218202334356,
                    "best": {
                        "s": 5,
                        "ROC AUC": 0.4954268740993442
                    }
                }
            }
        },
        "min": {
            "1": {
                "Member size": 92200.0,
                "Nonmember size": 7400.0,
                "ROC AUC Individual": 0.4191620441519168,
                "MIA": {
                    "1": 0.4191620441519168,
                    "best": {
                        "s": 1,
                        "ROC AUC": 0.4191620441519168
                    }
                }
            },
            "3": {
                "Member size": 31348.0,
                "Nonmember size": 2516.0,
                "ROC AUC Individual": 0.4191620441519168,
                "MIA": {
                    "1": 0.3668510800182726,
                    "3": 0.38120898612547915,
                    "best": {
                        "s": 3,
                        "ROC AUC": 0.38120898612547915
                    }
                }
            },
            "5": {
                "Member size": 18440.0,
                "Nonmember size": 1480.0,
                "ROC AUC Individual": 0.4191620441519168,
                "MIA": {
                    "1": 0.33755335301127376,
                    "3": 0.3113758008983272,
                    "5": 0.3493622869138906,
                    "best": {
                        "s": 5,
                        "ROC AUC": 0.3493622869138906
                    }
                }
            },
            "8": {
                "Member size": 11986.0,
                "Nonmember size": 962.0,
                "ROC AUC Individual": 0.4191620441519168,
                "MIA": {
                    "1": 0.3258825899149809,
                    "3": 0.2919100076026667,
                    "5": 0.2868279914736433,
                    "8": 0.3199437128385818,
                    "best": {
                        "s": 1,
                        "ROC AUC": 0.3258825899149809
                    }
                }
            },
            "10": {
                "Member size": 9220.0,
                "Nonmember size": 740.0,
                "ROC AUC Individual": 0.4191620441519168,
                "MIA": {
                    "1": 0.31594623242439923,
                    "3": 0.2588208369093132,
                    "5": 0.24342869635829845,
                    "8": 0.2595742303928359,
                    "10": 0.2965470468419589,
                    "best": {
                        "s": 1,
                        "ROC AUC": 0.31594623242439923
                    }
                }
            },
            "30": {
                "Member size": 3688.0,
                "Nonmember size": 296.0,
                "ROC AUC Individual": 0.4191620441519168,
                "MIA": {
                    "1": 0.32150908299139935,