{
    "average": {
        "max": {
            "1": {
                "Member size": 700.0,
                "Nonmember size": 1000.0,
                "ROC AUC Individual": 0.4092228571428571,
                "MIA": {
                    "1": 0.4092228571428571,
                    "best": {
                        "s": 1,
                        "ROC AUC": 0.4092228571428571
                    }
                }
            },
            "3": {
                "Member size": 238.0,
                "Nonmember size": 340.0,
                "ROC AUC Individual": 0.4092228571428571,
                "MIA": {
                    "1": 0.36356895699456254,
                    "3": 0.3880622837370242,
                    "best": {
                        "s": 3,
                        "ROC AUC": 0.3880622837370242
                    }
                }
            },
            "5": {
                "Member size": 140.0,
                "Nonmember size": 200.0,
                "ROC AUC Individual": 0.4092228571428571,
                "MIA": {
                    "1": 0.3651428571428571,
                    "3": 0.3663571428571428,
                    "5": 0.3851428571428572,
                    "best": {
                        "s": 5,
                        "ROC AUC": 0.3851428571428572
                    }
                }
            },
            "8": {
                "Member size": 91.0,
                "Nonmember size": 130.0,
                "ROC AUC Individual": 0.4092228571428571,
                "MIA": {
                    "1": 0.3726965342349958,
                    "3": 0.3699915469146238,
                    "5": 0.36973795435333895,
                    "8": 0.38765849535080305,
                    "best": {
                        "s": 8,
                        "ROC AUC": 0.38765849535080305
                    }
                }
            },
            "10": {
                "Member size": 70.0,
                "Nonmember size": 100.0,
                "ROC AUC Individual": 0.4092228571428571,
                "MIA": {
                    "1": 0.3648571428571429,
                    "3": 0.36542857142857144,
                    "5": 0.3678571428571428,
                    "8": 0.36257142857142854,
                    "10": 0.3697142857142858,
                    "best": {
                        "s": 10,
                        "ROC AUC": 0.3697142857142858
                    }
                }
            },
            "30": {
                "Member size": 28.0,
                "Nonmember size": 40.0,
                "ROC AUC Individual": 0.4092228571428571,
                "MIA": {
                    "1": 0.3821428571428571,
                    "3": 0.35624999999999996,
                    "5": 0.3544642857142857,
                    "8": 0.36160714285714285,
                    "10": 0.36071428571428565,
                    "30": 0.3776785714285714,
                    "best": {
                        "s": 1,
                        "ROC AUC": 0.3821428571428571
                    }
                }
            },
            "50": {
                "Member size": 14.0,
                "Nonmember size": 20.0,
                "ROC AUC Individual": 0.4092228571428571,
                "MIA": {
                    "1": 0.4035714285714286,
                    "3": 0.3821428571428571,
                    "5": 0.3607142857142857,
                    "8": 0.33214285714285713,
                    "10": 0.31785714285714284,
                    "30": 0.36071428571428577,
                    "50": 0.3464285714285714,
                    "best": {
                        "s": 1,
                        "ROC AUC": 0.4035714285714286
                    }
                }
            },
            "80": {
                "Member size": 14.0,
                "Nonmember size": 20.0,
                "ROC AUC Individual": 0.4092228571428571,
                "MIA": {
                    "1": 0.4107142857142857,
                    "3": 0.375,
                    "5": 0.3607142857142857,
                    "8": 0.3571428571428571,
                    "10": 0.3678571428571428,
                    "30": 0.3964285714285714,
                    "50": 0.4035714285714286,
                    "80": 0.37857142857142856,
                    "best": {
                        "s": 1,
                        "ROC AUC": 0.4107142857142857
                    }
                }
            },
            "100": {
                "Member size": 7.0,
                "Nonmember size": 10.0,
                "ROC AUC Individual": 0.4092228571428571,
                "MIA": {
                    "1": 0.45714285714285713,
                    "3": 0.4,
                    "5": 0.34285714285714286,
                    "8": 0.32857142857142857,
                    "10": 0.32857142857142857,
                    "30": 0.3,
                    "50": 0.3571428571428571,
                    "80": 0.3285714285714285,
                    "100": 0.3285714285714285,
                    "best": {
                        "s": 1,
                        "ROC AUC": 0.45714285714285713
                    }
                }
            }
        },
        "min": {
            "1": {
                "Member size": 700.0,
                "Nonmember size": 1000.0,
                "ROC AUC Individual": 0.4092228571428571,
                "MIA": {
                    "1": 0.4092228571428571,
                    "best": {
                        "s": 1,
                        "ROC AUC": 0.4092228571428571
                    }
                }
            },
            "3": {
                "Member size": 238.0,
                "Nonmember size": 340.0,
                "ROC AUC Individual": 0.4092228571428571,
                "MIA": {
                    "1": 0.4380622837370242,
                    "3": 0.3880622837370242,
                    "best": {
                        "s": 1,
                        "ROC AUC": 0.4380622837370242
                    }
                }
            },
            "5": {
                "Member size": 140.0,
                "Nonmember size": 200.0,
                "ROC AUC Individual": 0.4092228571428571,
                "MIA": {
                    "1": 0.44760714285714287,
                    "3": 0.4064285714285714,
                    "5": 0.3851428571428572,
                    "best": {
                        "s": 1,
                        "ROC AUC": 0.44760714285714287
                    }
                }
            },
            "8": {
                "Member size": 91.0,
                "Nonmember size": 130.0,
                "ROC AUC Individual": 0.4092228571428571,
                "MIA": {
                    "1": 0.4644970414201183,
                    "3": 0.42823330515638214,
                    "5": 0.4067624683009298,
                    "8": 0.38765849535080305,
                    "best": {
                        "s": 1,
                        "ROC AUC": 0.4644970414201183
                    }
                }
            },
            "10": {
                "Member size": 70.0,
                "Nonmember size": 100.0,
                "ROC AUC Individual": 0.4092228571428571,
                "MIA": {
                    "1": 0.45200000000000007,
                    "3": 0.4121428571428571,
                    "5": 0.3911428571428572,
                    "8": 0.3802857142857143,
                    "10": 0.3697142857142858,
                    "best": {
                        "s": 1,
                        "ROC AUC": 0.45200000000000007
                    }
                }
            },
            "30": {
                "Member size": 28.0,
                "Nonmember size": 40.0,
                "ROC AUC Individual": 0.4092228571428571,
                "MIA": {
                    "1": 0.4839285714285715,
                    "3": 0.42500000000000004,