{
    "average": {
        "max": {
            "1": {
                "Member size": 76700.0,
                "Nonmember size": 23000.0,
                "ROC AUC Individual": 0.617895867004961,
                "MIA": {
                    "1": 0.617895867004961,
                    "best": {
                        "s": 1,
                        "ROC AUC": 0.617895867004961
                    }
                }
            },
            "3": {
                "Member size": 26078.0,
                "Nonmember size": 7820.0,
                "ROC AUC Individual": 0.617895867004961,
                "MIA": {
                    "1": 0.6680188877361974,
                    "3": 0.6777612387549259,
                    "best": {
                        "s": 3,
                        "ROC AUC": 0.6777612387549259
                    }
                }
            },
            "5": {
                "Member size": 15340.0,
                "Nonmember size": 4600.0,
                "ROC AUC Individual": 0.617895867004961,
                "MIA": {
                    "1": 0.6874933321980083,
                    "3": 0.7307325646097568,
                    "5": 0.7156189049294162,
                    "best": {
                        "s": 3,
                        "ROC AUC": 0.7307325646097568
                    }
                }
            },
            "8": {
                "Member size": 9971.0,
                "Nonmember size": 2990.0,
                "ROC AUC Individual": 0.617895867004961,
                "MIA": {
                    "1": 0.6978335533703478,
                    "3": 0.7467258547385025,
                    "5": 0.7632796122822578,
                    "8": 0.749112186574143,
                    "best": {
                        "s": 5,
                        "ROC AUC": 0.7632796122822578
                    }
                }
            },
            "10": {
                "Member size": 7670.0,
                "Nonmember size": 2300.0,
                "ROC AUC Individual": 0.617895867004961,
                "MIA": {
                    "1": 0.7037401215243388,
                    "3": 0.764928563298486,
                    "5": 0.7950159423436067,
                    "8": 0.8038282335522946,
                    "10": 0.7749597963469188,
                    "best": {
                        "s": 8,
                        "ROC AUC": 0.8038282335522946
                    }
                }
            },
            "30": {
                "Member size": 3068.0,
                "Nonmember size": 920.0,
                "ROC AUC Individual": 0.617895867004961,
                "MIA": {
                    "1": 0.6873316745743324,
                    "3": 0.7375772539850528,
                    "5": 0.754709086939311,
                    "8": 0.7546854780446155,
                    "10": 0.7430801974626651,
                    "30": 0.8440512798980322,
                    "best": {
                        "s": 30,
                        "ROC AUC": 0.8440512798980322
                    }
                }
            },
            "50": {
                "Member size": 1534.0,
                "Nonmember size": 460.0,
                "ROC AUC Individual": 0.617895867004961,
                "MIA": {
                    "1": 0.6846568556438946,
                    "3": 0.7667737528156272,
                    "5": 0.81199421677986,
                    "8": 0.8567264551685717,
                    "10": 0.8769837716923401,
                    "30": 0.9467041530856614,
                    "50": 0.9085381892622899,
                    "best": {
                        "s": 30,
                        "ROC AUC": 0.9467041530856614
                    }
                }
            },
            "80": {
                "Member size": 1534.0,
                "Nonmember size": 460.0,
                "ROC AUC Individual": 0.617895867004961,
                "MIA": {
                    "1": 0.6574549854709376,
                    "3": 0.7116797754883497,
                    "5": 0.728060831749765,
                    "8": 0.7325729364612714,
                    "10": 0.7295549249686837,
                    "30": 0.7081719255732464,
                    "50": 0.7605865396809113,
                    "80": 0.8821142046786635,
                    "best": {
                        "s": 80,
                        "ROC AUC": 0.8821142046786635
                    }
                }
            },
            "100": {
                "Member size": 767.0,
                "Nonmember size": 230.0,
                "ROC AUC Individual": 0.617895867004961,
                "MIA": {
                    "1": 0.6432593385446616,
                    "3": 0.7382987081751051,
                    "5": 0.7912527114658712,
                    "8": 0.8389524211294423,
                    "10": 0.86063826148426,
                    "30": 0.9468457477738379,
                    "50": 0.9660028807242964,
                    "80": 0.9670743502721388,
                    "100": 0.9432429782005503,
                    "best": {
                        "s": 80,
                        "ROC AUC": 0.9670743502721388
                    }
                }
            }
        },
        "min": {
            "1": {
                "Member size": 76700.0,
                "Nonmember size": 23000.0,
                "ROC AUC Individual": 0.617895867004961,
                "MIA": {
                    "1": 0.617895867004961,
                    "best": {
                        "s": 1,
                        "ROC AUC": 0.617895867004961
                    }
                }
            },
            "3": {
                "Member size": 26078.0,
                "Nonmember size": 7820.0,
                "ROC AUC Individual": 0.617895867004961,
                "MIA": {
                    "1": 0.631414134177497,
                    "3": 0.6777612387549259,
                    "best": {
                        "s": 3,
                        "ROC AUC": 0.6777612387549259
                    }
                }
            },
            "5": {
                "Member size": 15340.0,
                "Nonmember size": 4600.0,
                "ROC AUC Individual": 0.617895867004961,
                "MIA": {
                    "1": 0.6346904571348266,
                    "3": 0.6829064984347402,
                    "5": 0.7156189049294162,
                    "best": {
                        "s": 5,
                        "ROC AUC": 0.7156189049294162
                    }
                }
            },
            "8": {
                "Member size": 9971.0,
                "Nonmember size": 2990.0,
                "ROC AUC Individual": 0.617895867004961,
                "MIA": {
                    "1": 0.6344148480874093,
                    "3": 0.6771844550161794,
                    "5": 0.7089646914548284,
                    "8": 0.749112186574143,
                    "best": {
                        "s": 8,
                        "ROC AUC": 0.749112186574143
                    }
                }
            },
            "10": {
                "Member size": 7670.0,
                "Nonmember size": 2300.0,
                "ROC AUC Individual": 0.617895867004961,
                "MIA": {
                    "1": 0.6369470976559756,
                    "3": 0.683108908202804,
                    "5": 0.7152371282738605,
                    "8": 0.7546548788950129,
                    "10": 0.7749597963469188,
                    "best": {
                        "s": 10,
                        "ROC AUC": 0.7749597963469188
                    }
                }
            },
            "30": {
                "Member size": 3068.0,
                "Nonmember size": 920.0,
                "ROC AUC Individual": 0.617895867004961,
                "MIA": {
                    "1": 0.6254137344201467,
                    "3": 0.6585748823611591,