{
    "average": {
        "max": {
            "1": {
                "Member size": 76700.0,
                "Nonmember size": 23000.0,
                "ROC AUC Individual": 0.5034284022769085,
                "MIA": {
                    "1": 0.5034284022769085,
                    "best": {
                        "s": 1,
                        "ROC AUC": 0.5034284022769085
                    }
                }
            },
            "3": {
                "Member size": 26078.0,
                "Nonmember size": 7820.0,
                "ROC AUC Individual": 0.5034284022769085,
                "MIA": {
                    "1": 0.519742955717449,
                    "3": 0.5044277636991905,
                    "best": {
                        "s": 1,
                        "ROC AUC": 0.519742955717449
                    }
                }
            },
            "5": {
                "Member size": 15340.0,
                "Nonmember size": 4600.0,
                "ROC AUC Individual": 0.5034284022769085,
                "MIA": {
                    "1": 0.5143885892728263,
                    "3": 0.5163777303082742,
                    "5": 0.5028507005479367,
                    "best": {
                        "s": 3,
                        "ROC AUC": 0.5163777303082742
                    }
                }
            },
            "8": {
                "Member size": 9971.0,
                "Nonmember size": 2990.0,
                "ROC AUC Individual": 0.5034284022769085,
                "MIA": {
                    "1": 0.4910531678303074,
                    "3": 0.511847953144544,
                    "5": 0.5115304068368394,
                    "8": 0.4995366170285593,
                    "best": {
                        "s": 3,
                        "ROC AUC": 0.511847953144544
                    }
                }
            },
            "10": {
                "Member size": 7670.0,
                "Nonmember size": 2300.0,
                "ROC AUC Individual": 0.5034284022769085,
                "MIA": {
                    "1": 0.4742889494598714,
                    "3": 0.5069991292053296,
                    "5": 0.5147040194475041,
                    "8": 0.5092501602900902,
                    "10": 0.49901961006999296,
                    "best": {
                        "s": 5,
                        "ROC AUC": 0.5147040194475041
                    }
                }
            },
            "30": {
                "Member size": 3068.0,
                "Nonmember size": 920.0,
                "ROC AUC Individual": 0.5034284022769085,
                "MIA": {
                    "1": 0.43411739272196315,
                    "3": 0.45568400975637424,
                    "5": 0.478405158966505,
                    "8": 0.4989144615559148,
                    "10": 0.5047296434952777,
                    "30": 0.5020745101416146,
                    "best": {
                        "s": 10,
                        "ROC AUC": 0.5047296434952777
                    }
                }
            },
            "50": {
                "Member size": 1534.0,
                "Nonmember size": 460.0,
                "ROC AUC Individual": 0.5034284022769085,
                "MIA": {
                    "1": 0.4041281673374525,
                    "3": 0.3886925344368233,
                    "5": 0.41025026925911234,
                    "8": 0.4483929482455643,
                    "10": 0.46951278272206787,
                    "30": 0.5216810271526559,
                    "50": 0.497052247554023,
                    "best": {
                        "s": 30,
                        "ROC AUC": 0.5216810271526559
                    }
                }
            },
            "80": {
                "Member size": 1534.0,
                "Nonmember size": 460.0,
                "ROC AUC Individual": 0.5034284022769085,
                "MIA": {
                    "1": 0.41740548512436537,
                    "3": 0.434472049689441,
                    "5": 0.455028503360844,
                    "8": 0.4741512805241215,
                    "10": 0.48186136872855156,
                    "30": 0.5058188737114134,
                    "50": 0.5071397041024107,
                    "80": 0.5059669828853093,
                    "best": {
                        "s": 50,
                        "ROC AUC": 0.5071397041024107
                    }
                }
            },
            "100": {
                "Member size": 767.0,
                "Nonmember size": 230.0,
                "ROC AUC Individual": 0.5034284022769085,
                "MIA": {
                    "1": 0.40380363924947565,
                    "3": 0.3537384502012358,
                    "5": 0.34403945354571736,
                    "8": 0.36169718269939344,
                    "10": 0.3763788900855961,
                    "30": 0.5024941896717873,
                    "50": 0.5295571130076349,
                    "80": 0.5212960379861422,
                    "100": 0.5020045802495485,
                    "best": {
                        "s": 50,
                        "ROC AUC": 0.5295571130076349
                    }
                }
            }
        },
        "min": {
            "1": {
                "Member size": 76700.0,
                "Nonmember size": 23000.0,
                "ROC AUC Individual": 0.5034284022769085,
                "MIA": {
                    "1": 0.5034284022769085,
                    "best": {
                        "s": 1,
                        "ROC AUC": 0.5034284022769085
                    }
                }
            },
            "3": {
                "Member size": 26078.0,
                "Nonmember size": 7820.0,
                "ROC AUC Individual": 0.5034284022769085,
                "MIA": {
                    "1": 0.4722860232508527,
                    "3": 0.5044277636991905,
                    "best": {
                        "s": 3,
                        "ROC AUC": 0.5044277636991905
                    }
                }
            },
            "5": {
                "Member size": 15340.0,
                "Nonmember size": 4600.0,
                "ROC AUC Individual": 0.5034284022769085,
                "MIA": {
                    "1": 0.4526741250380567,
                    "3": 0.48445368086861185,
                    "5": 0.5028507005479367,
                    "best": {
                        "s": 5,
                        "ROC AUC": 0.5028507005479367
                    }
                }
            },
            "8": {
                "Member size": 9971.0,
                "Nonmember size": 2990.0,
                "ROC AUC Individual": 0.5034284022769085,
                "MIA": {
                    "1": 0.4388414208359157,
                    "3": 0.4535890597922343,
                    "5": 0.4849842840045509,
                    "8": 0.4995366170285593,
                    "best": {
                        "s": 8,
                        "ROC AUC": 0.4995366170285593
                    }
                }
            },
            "10": {
                "Member size": 7670.0,
                "Nonmember size": 2300.0,
                "ROC AUC Individual": 0.5034284022769085,
                "MIA": {
                    "1": 0.430849854605464,
                    "3": 0.4334740523552433,
                    "5": 0.45845736121656727,
                    "8": 0.5166853189916627,
                    "10": 0.49901961006999296,
                    "best": {
                        "s": 8,
                        "ROC AUC": 0.5166853189916627
                    }
                }
            },
            "30": {
                "Member size": 3068.0,
                "Nonmember size": 920.0,
                "ROC AUC Individual": 0.5034284022769085,
                "MIA": {
                    "1": 0.41141073684509366,