{
    "average": {
        "max": {
            "1": {
                "Member size": 700.0,
                "Nonmember size": 1000.0,
                "ROC AUC Individual": 0.48443142857142857,
                "MIA": {
                    "1": 0.48443142857142857,
                    "best": {
                        "s": 1,
                        "ROC AUC": 0.48443142857142857
                    }
                }
            },
            "3": {
                "Member size": 238.0,
                "Nonmember size": 340.0,
                "ROC AUC Individual": 0.48443142857142857,
                "MIA": {
                    "1": 0.3683020266930302,
                    "3": 0.48353929807217,
                    "best": {
                        "s": 3,
                        "ROC AUC": 0.48353929807217
                    }
                }
            },
            "5": {
                "Member size": 140.0,
                "Nonmember size": 200.0,
                "ROC AUC Individual": 0.48443142857142857,
                "MIA": {
                    "1": 0.32235714285714284,
                    "3": 0.38485714285714284,
                    "5": 0.4901071428571429,
                    "best": {
                        "s": 5,
                        "ROC AUC": 0.4901071428571429
                    }
                }
            },
            "8": {
                "Member size": 91.0,
                "Nonmember size": 130.0,
                "ROC AUC Individual": 0.48443142857142857,
                "MIA": {
                    "1": 0.27235841081994927,
                    "3": 0.33609467455621306,
                    "5": 0.39298393913778534,
                    "8": 0.5012679628064244,
                    "best": {
                        "s": 8,
                        "ROC AUC": 0.5012679628064244
                    }
                }
            },
            "10": {
                "Member size": 70.0,
                "Nonmember size": 100.0,
                "ROC AUC Individual": 0.48443142857142857,
                "MIA": {
                    "1": 0.2541428571428571,
                    "3": 0.28514285714285714,
                    "5": 0.33528571428571424,
                    "8": 0.43042857142857144,
                    "10": 0.5014285714285714,
                    "best": {
                        "s": 10,
                        "ROC AUC": 0.5014285714285714
                    }
                }
            },
            "30": {
                "Member size": 28.0,
                "Nonmember size": 40.0,
                "ROC AUC Individual": 0.48443142857142857,
                "MIA": {
                    "1": 0.16785714285714287,
                    "3": 0.19910714285714287,
                    "5": 0.23750000000000002,
                    "8": 0.29821428571428577,
                    "10": 0.32678571428571435,
                    "30": 0.5,
                    "best": {
                        "s": 30,
                        "ROC AUC": 0.5
                    }
                }
            },
            "50": {
                "Member size": 14.0,
                "Nonmember size": 20.0,
                "ROC AUC Individual": 0.48443142857142857,
                "MIA": {
                    "1": 0.125,
                    "3": 0.13571428571428573,
                    "5": 0.16071428571428573,
                    "8": 0.17142857142857143,
                    "10": 0.18928571428571428,
                    "30": 0.3464285714285714,
                    "50": 0.49642857142857144,
                    "best": {
                        "s": 50,
                        "ROC AUC": 0.49642857142857144
                    }
                }
            },
            "80": {
                "Member size": 14.0,
                "Nonmember size": 20.0,
                "ROC AUC Individual": 0.48443142857142857,
                "MIA": {
                    "1": 0.13571428571428573,
                    "3": 0.18571428571428572,
                    "5": 0.275,
                    "8": 0.29642857142857143,
                    "10": 0.3142857142857143,
                    "30": 0.4142857142857143,
                    "50": 0.43928571428571433,
                    "80": 0.5392857142857143,
                    "best": {
                        "s": 80,
                        "ROC AUC": 0.5392857142857143
                    }
                }
            },
            "100": {
                "Member size": 7.0,
                "Nonmember size": 10.0,
                "ROC AUC Individual": 0.48443142857142857,
                "MIA": {
                    "1": 0.11428571428571425,
                    "3": 0.08571428571428569,
                    "5": 0.09999999999999999,
                    "8": 0.12857142857142856,
                    "10": 0.12857142857142856,
                    "30": 0.22857142857142856,
                    "50": 0.32857142857142857,
                    "80": 0.44285714285714284,
                    "100": 0.5285714285714285,
                    "best": {
                        "s": 100,
                        "ROC AUC": 0.5285714285714285
                    }
                }
            }
        },
        "min": {
            "1": {
                "Member size": 700.0,
                "Nonmember size": 1000.0,
                "ROC AUC Individual": 0.48443142857142857,
                "MIA": {
                    "1": 0.48443142857142857,
                    "best": {
                        "s": 1,
                        "ROC AUC": 0.48443142857142857
                    }
                }
            },
            "3": {
                "Member size": 238.0,
                "Nonmember size": 340.0,
                "ROC AUC Individual": 0.48443142857142857,
                "MIA": {
                    "1": 0.5764582303509639,
                    "3": 0.48353929807217,
                    "best": {
                        "s": 1,
                        "ROC AUC": 0.5764582303509639
                    }
                }
            },
            "5": {
                "Member size": 140.0,
                "Nonmember size": 200.0,
                "ROC AUC Individual": 0.48443142857142857,
                "MIA": {
                    "1": 0.6246071428571429,
                    "3": 0.5718571428571428,
                    "5": 0.4901071428571429,
                    "best": {
                        "s": 1,
                        "ROC AUC": 0.6246071428571429
                    }
                }
            },
            "8": {
                "Member size": 91.0,
                "Nonmember size": 130.0,
                "ROC AUC Individual": 0.48443142857142857,
                "MIA": {
                    "1": 0.6388841927303466,
                    "3": 0.6176669484361792,
                    "5": 0.5829247675401522,
                    "8": 0.5012679628064244,
                    "best": {
                        "s": 1,
                        "ROC AUC": 0.6388841927303466
                    }
                }
            },
            "10": {
                "Member size": 70.0,
                "Nonmember size": 100.0,
                "ROC AUC Individual": 0.48443142857142857,
                "MIA": {
                    "1": 0.6737142857142857,
                    "3": 0.6525714285714286,
                    "5": 0.6147142857142857,
                    "8": 0.553,
                    "10": 0.5014285714285714,
                    "best": {
                        "s": 1,
                        "ROC AUC": 0.6737142857142857
                    }
                }
            },
            "30": {
                "Member size": 28.0,
                "Nonmember size": 40.0,
                "ROC AUC Individual": 0.48443142857142857,
                "MIA": {
                    "1": 0.7142857142857143,
                    "3": 0.6991071428571428,
                    "5": 0.6651785714285714,