{
    "average": {
        "max": {
            "1": {
                "Member size": 76700.0,
                "Nonmember size": 23000.0,
                "ROC AUC Individual": 0.43549249565523496,
                "MIA": {
                    "1": 0.43549249565523496,
                    "best": {
                        "s": 1,
                        "ROC AUC": 0.43549249565523496
                    }
                }
            },
            "3": {
                "Member size": 26078.0,
                "Nonmember size": 7820.0,
                "ROC AUC Individual": 0.43549249565523496,
                "MIA": {
                    "1": 0.43129226688007005,
                    "3": 0.4046536733311901,
                    "best": {
                        "s": 1,
                        "ROC AUC": 0.43129226688007005
                    }
                }
            },
            "5": {
                "Member size": 15340.0,
                "Nonmember size": 4600.0,
                "ROC AUC Individual": 0.43549249565523496,
                "MIA": {
                    "1": 0.42506155498988024,
                    "3": 0.3949938613255,
                    "5": 0.3818191280723128,
                    "best": {
                        "s": 1,
                        "ROC AUC": 0.42506155498988024
                    }
                }
            },
            "8": {
                "Member size": 9971.0,
                "Nonmember size": 2990.0,
                "ROC AUC Individual": 0.43549249565523496,
                "MIA": {
                    "1": 0.42449850385515986,
                    "3": 0.40001865127154035,
                    "5": 0.38179089106785236,
                    "8": 0.3626531384823335,
                    "best": {
                        "s": 1,
                        "ROC AUC": 0.42449850385515986
                    }
                }
            },
            "10": {
                "Member size": 7670.0,
                "Nonmember size": 2300.0,
                "ROC AUC Individual": 0.43549249565523496,
                "MIA": {
                    "1": 0.4230855448530788,
                    "3": 0.3966825922502425,
                    "5": 0.3774840791421167,
                    "8": 0.35008734901898697,
                    "10": 0.3463601657901637,
                    "best": {
                        "s": 1,
                        "ROC AUC": 0.4230855448530788
                    }
                }
            },
            "30": {
                "Member size": 3068.0,
                "Nonmember size": 920.0,
                "ROC AUC Individual": 0.43549249565523496,
                "MIA": {
                    "1": 0.42692334954140143,
                    "3": 0.40705511358802005,
                    "5": 0.4009710286735302,
                    "8": 0.3988432031538047,
                    "10": 0.39972489293513713,
                    "30": 0.29614402877784907,
                    "best": {
                        "s": 1,
                        "ROC AUC": 0.42692334954140143
                    }
                }
            },
            "50": {
                "Member size": 1534.0,
                "Nonmember size": 460.0,
                "ROC AUC Individual": 0.43549249565523496,
                "MIA": {
                    "1": 0.4221196360750525,
                    "3": 0.3958732498157701,
                    "5": 0.3820560058953574,
                    "8": 0.3683507170795307,
                    "10": 0.36179921773142115,
                    "30": 0.30254662434102375,
                    "50": 0.25737386221724406,
                    "best": {
                        "s": 1,
                        "ROC AUC": 0.4221196360750525
                    }
                }
            },
            "80": {
                "Member size": 1534.0,
                "Nonmember size": 460.0,
                "ROC AUC Individual": 0.43549249565523496,
                "MIA": {
                    "1": 0.43103140411541296,
                    "3": 0.4196615838104416,
                    "5": 0.4152499858284677,
                    "8": 0.4148418457003571,
                    "10": 0.4143727679836744,
                    "30": 0.39715064138948797,
                    "50": 0.35608225256361997,
                    "80": 0.27749382382266397,
                    "best": {
                        "s": 1,
                        "ROC AUC": 0.43103140411541296
                    }
                }
            },
            "100": {
                "Member size": 767.0,
                "Nonmember size": 230.0,
                "ROC AUC Individual": 0.43549249565523496,
                "MIA": {
                    "1": 0.4315741737996713,
                    "3": 0.39617368629896266,
                    "5": 0.38616291593447083,
                    "8": 0.37527917918485343,
                    "10": 0.37090867864633525,
                    "30": 0.3370217107873703,
                    "50": 0.30186091616982935,
                    "80": 0.24243851988048726,
                    "100": 0.22736304614033875,
                    "best": {
                        "s": 1,
                        "ROC AUC": 0.4315741737996713
                    }
                }
            }
        },
        "min": {
            "1": {
                "Member size": 76700.0,
                "Nonmember size": 23000.0,
                "ROC AUC Individual": 0.43549249565523496,
                "MIA": {
                    "1": 0.43549249565523496,
                    "best": {
                        "s": 1,
                        "ROC AUC": 0.43549249565523496
                    }
                }
            },
            "3": {
                "Member size": 26078.0,
                "Nonmember size": 7820.0,
                "ROC AUC Individual": 0.43549249565523496,
                "MIA": {
                    "1": 0.41173479902987514,
                    "3": 0.4046536733311901,
                    "best": {
                        "s": 1,
                        "ROC AUC": 0.41173479902987514
                    }
                }
            },
            "5": {
                "Member size": 15340.0,
                "Nonmember size": 4600.0,
                "ROC AUC Individual": 0.43549249565523496,
                "MIA": {
                    "1": 0.41221848414320583,
                    "3": 0.3789412330231727,
                    "5": 0.3818191280723128,
                    "best": {
                        "s": 1,
                        "ROC AUC": 0.41221848414320583
                    }
                }
            },
            "8": {
                "Member size": 9971.0,
                "Nonmember size": 2990.0,
                "ROC AUC Individual": 0.43549249565523496,
                "MIA": {
                    "1": 0.4136063435445869,
                    "3": 0.3769413216862256,
                    "5": 0.36362865344248635,
                    "8": 0.3626531384823335,
                    "best": {
                        "s": 1,
                        "ROC AUC": 0.4136063435445869
                    }
                }
            },
            "10": {
                "Member size": 7670.0,
                "Nonmember size": 2300.0,
                "ROC AUC Individual": 0.43549249565523496,
                "MIA": {
                    "1": 0.41397147681553037,
                    "3": 0.3721340112631616,
                    "5": 0.34673578136481176,
                    "8": 0.33564026230970273,
                    "10": 0.3463601657901637,
                    "best": {
                        "s": 1,
                        "ROC AUC": 0.41397147681553037
                    }
                }
            },
            "30": {
                "Member size": 3068.0,
                "Nonmember size": 920.0,
                "ROC AUC Individual": 0.43549249565523496,