{
    "average": {
        "max": {
            "1": {
                "Member size": 1600.0,
                "Nonmember size": 100.0,
                "ROC AUC Individual": 0.37805625,
                "MIA": {
                    "1": 0.37805625,
                    "best": {
                        "s": 1,
                        "ROC AUC": 0.37805625
                    }
                }
            },
            "3": {
                "Member size": 544.0,
                "Nonmember size": 34.0,
                "ROC AUC Individual": 0.37805625,
                "MIA": {
                    "1": 0.44496107266435986,
                    "3": 0.3259083044982699,
                    "best": {
                        "s": 1,
                        "ROC AUC": 0.44496107266435986
                    }
                }
            },
            "5": {
                "Member size": 320.0,
                "Nonmember size": 20.0,
                "ROC AUC Individual": 0.37805625,
                "MIA": {
                    "1": 0.50625,
                    "3": 0.35406250000000006,
                    "5": 0.2521875,
                    "best": {
                        "s": 1,
                        "ROC AUC": 0.50625
                    }
                }
            },
            "8": {
                "Member size": 208.0,
                "Nonmember size": 13.0,
                "ROC AUC Individual": 0.37805625,
                "MIA": {
                    "1": 0.5451183431952662,
                    "3": 0.42344674556213013,
                    "5": 0.32248520710059175,
                    "8": 0.25332840236686394,
                    "best": {
                        "s": 1,
                        "ROC AUC": 0.5451183431952662
                    }
                }
            },
            "10": {
                "Member size": 160.0,
                "Nonmember size": 10.0,
                "ROC AUC Individual": 0.37805625,
                "MIA": {
                    "1": 0.5750000000000001,
                    "3": 0.450625,
                    "5": 0.345625,
                    "8": 0.26375,
                    "10": 0.21625,
                    "best": {
                        "s": 1,
                        "ROC AUC": 0.5750000000000001
                    }
                }
            },
            "30": {
                "Member size": 64.0,
                "Nonmember size": 4.0,
                "ROC AUC Individual": 0.37805625,
                "MIA": {
                    "1": 0.72265625,
                    "3": 0.484375,
                    "5": 0.46484375,
                    "8": 0.4296875,
                    "10": 0.42578125,
                    "30": 0.1875,
                    "best": {
                        "s": 1,
                        "ROC AUC": 0.72265625
                    }
                }
            },
            "50": {
                "Member size": 32.0,
                "Nonmember size": 2.0,
                "ROC AUC Individual": 0.37805625,
                "MIA": {
                    "1": 0.796875,
                    "3": 0.640625,
                    "5": 0.546875,
                    "8": 0.4375,
                    "10": 0.4375,
                    "30": 0.265625,
                    "50": 0.1875,
                    "best": {
                        "s": 1,
                        "ROC AUC": 0.796875
                    }
                }
            },
            "80": {
                "Member size": 32.0,
                "Nonmember size": 2.0,
                "ROC AUC Individual": 0.37805625,
                "MIA": {
                    "1": 0.796875,
                    "3": 0.5625,
                    "5": 0.4375,
                    "8": 0.375,
                    "10": 0.375,
                    "30": 0.375,
                    "50": 0.328125,
                    "80": 0.1875,
                    "best": {
                        "s": 1,
                        "ROC AUC": 0.796875
                    }
                }
            },
            "100": {
                "Member size": 16.0,
                "Nonmember size": 1.0,
                "ROC AUC Individual": 0.37805625,
                "MIA": {
                    "1": 0.9375,
                    "3": 0.6875,
                    "5": 0.625,
                    "8": 0.5,
                    "10": 0.4375,
                    "30": 0.3125,
                    "50": 0.3125,
                    "80": 0.25,
                    "100": 0.125,
                    "best": {
                        "s": 1,
                        "ROC AUC": 0.9375
                    }
                }
            }
        },
        "min": {
            "1": {
                "Member size": 1600.0,
                "Nonmember size": 100.0,
                "ROC AUC Individual": 0.37805625,
                "MIA": {
                    "1": 0.37805625,
                    "best": {
                        "s": 1,
                        "ROC AUC": 0.37805625
                    }
                }
            },
            "3": {
                "Member size": 544.0,
                "Nonmember size": 34.0,
                "ROC AUC Individual": 0.37805625,
                "MIA": {
                    "1": 0.3034169550173011,
                    "3": 0.3259083044982699,
                    "best": {
                        "s": 3,
                        "ROC AUC": 0.3259083044982699
                    }
                }
            },
            "5": {
                "Member size": 320.0,
                "Nonmember size": 20.0,
                "ROC AUC Individual": 0.37805625,
                "MIA": {
                    "1": 0.26796875,
                    "3": 0.21296874999999998,
                    "5": 0.2521875,
                    "best": {
                        "s": 1,
                        "ROC AUC": 0.26796875
                    }
                }
            },
            "8": {
                "Member size": 208.0,
                "Nonmember size": 13.0,
                "ROC AUC Individual": 0.37805625,
                "MIA": {
                    "1": 0.2603550295857988,
                    "3": 0.23409763313609466,
                    "5": 0.23261834319526623,
                    "8": 0.25332840236686394,
                    "best": {
                        "s": 1,
                        "ROC AUC": 0.2603550295857988
                    }
                }
            },
            "10": {
                "Member size": 160.0,
                "Nonmember size": 10.0,
                "ROC AUC Individual": 0.37805625,
                "MIA": {
                    "1": 0.246875,
                    "3": 0.20124999999999998,
                    "5": 0.2,
                    "8": 0.18562499999999998,
                    "10": 0.21625,
                    "best": {
                        "s": 1,
                        "ROC AUC": 0.246875
                    }
                }
            },
            "30": {
                "Member size": 64.0,
                "Nonmember size": 4.0,
                "ROC AUC Individual": 0.37805625,
                "MIA": {
                    "1": 0.234375,
                    "3": 0.25390625,
                    "5": 0.23046875,
                    "8": 0.21484375,
                    "10": 0.23046875,
                    "30": 0.1875,
                    "best": {
                        "s": 3,
                        "ROC AUC": 0.25390625
                    }
                }
            },
            "50": {
                "Member size": 32.0,
                "Nonmember size": 2.0,
                "ROC AUC Individual": 0.37805625,
                "MIA": {
                    "1": 0.265625,
                    "3": 0.21875,
                    "5": 0.1875,
                    "8": 0.125,
                    "10": 0.125,
                    "30": 0.125,
                    "50": 0.1875,