{
    "average": {
        "max": {
            "1": {
                "Member size": 76700.0,
                "Nonmember size": 23000.0,
                "ROC AUC Individual": 0.502741727746431,
                "MIA": {
                    "1": 0.502741727746431,
                    "best": {
                        "s": 1,
                        "ROC AUC": 0.502741727746431
                    }
                }
            },
            "3": {
                "Member size": 26078.0,
                "Nonmember size": 7820.0,
                "ROC AUC Individual": 0.502741727746431,
                "MIA": {
                    "1": 0.49938708732222165,
                    "3": 0.50587865029874,
                    "best": {
                        "s": 3,
                        "ROC AUC": 0.50587865029874
                    }
                }
            },
            "5": {
                "Member size": 15340.0,
                "Nonmember size": 4600.0,
                "ROC AUC Individual": 0.502741727746431,
                "MIA": {
                    "1": 0.5013872337530544,
                    "3": 0.49936652222124545,
                    "5": 0.5068748902363585,
                    "best": {
                        "s": 5,
                        "ROC AUC": 0.5068748902363585
                    }
                }
            },
            "8": {
                "Member size": 9971.0,
                "Nonmember size": 2990.0,
                "ROC AUC Individual": 0.502741727746431,
                "MIA": {
                    "1": 0.5005671967099237,
                    "3": 0.5004961366859337,
                    "5": 0.5012006373509397,
                    "8": 0.5073339359445141,
                    "best": {
                        "s": 8,
                        "ROC AUC": 0.5073339359445141
                    }
                }
            },
            "10": {
                "Member size": 7670.0,
                "Nonmember size": 2300.0,
                "ROC AUC Individual": 0.502741727746431,
                "MIA": {
                    "1": 0.5030260166565563,
                    "3": 0.49897565761862095,
                    "5": 0.49804722247435784,
                    "8": 0.5024590405736589,
                    "10": 0.508182256049949,
                    "best": {
                        "s": 10,
                        "ROC AUC": 0.508182256049949
                    }
                }
            },
            "30": {
                "Member size": 3068.0,
                "Nonmember size": 920.0,
                "ROC AUC Individual": 0.502741727746431,
                "MIA": {
                    "1": 0.5042898810620774,
                    "3": 0.5028356621036953,
                    "5": 0.5030718490673097,
                    "8": 0.5043644993756387,
                    "10": 0.5044897264161653,
                    "30": 0.5040334479136522,
                    "best": {
                        "s": 10,
                        "ROC AUC": 0.5044897264161653
                    }
                }
            },
            "50": {
                "Member size": 1534.0,
                "Nonmember size": 460.0,
                "ROC AUC Individual": 0.502741727746431,
                "MIA": {
                    "1": 0.5094311546964458,
                    "3": 0.5111049661079441,
                    "5": 0.5071116594344707,
                    "8": 0.5053135369692845,
                    "10": 0.5044116395813835,
                    "30": 0.48177999772959473,
                    "50": 0.5041377169529809,
                    "best": {
                        "s": 3,
                        "ROC AUC": 0.5111049661079441
                    }
                }
            },
            "80": {
                "Member size": 1534.0,
                "Nonmember size": 460.0,
                "ROC AUC Individual": 0.502741727746431,
                "MIA": {
                    "1": 0.5089337339153109,
                    "3": 0.5151252763448784,
                    "5": 0.5117828072265237,
                    "8": 0.5067443773221022,
                    "10": 0.5033885798615052,
                    "30": 0.4997898503393633,
                    "50": 0.5002319030275438,
                    "80": 0.5072318852396872,
                    "best": {
                        "s": 3,
                        "ROC AUC": 0.5151252763448784
                    }
                }
            },
            "100": {
                "Member size": 767.0,
                "Nonmember size": 230.0,
                "ROC AUC Individual": 0.502741727746431,
                "MIA": {
                    "1": 0.5230769230769231,
                    "3": 0.5210135479848081,
                    "5": 0.5161028493586106,
                    "8": 0.5119423317062096,
                    "10": 0.5099443750709503,
                    "30": 0.49102017618641663,
                    "50": 0.46709135576758265,
                    "80": 0.4775124264411815,
                    "100": 0.49277974168803856,
                    "best": {
                        "s": 1,
                        "ROC AUC": 0.5230769230769231
                    }
                }
            }
        },
        "min": {
            "1": {
                "Member size": 76700.0,
                "Nonmember size": 23000.0,
                "ROC AUC Individual": 0.502741727746431,
                "MIA": {
                    "1": 0.502741727746431,
                    "best": {
                        "s": 1,
                        "ROC AUC": 0.502741727746431
                    }
                }
            },
            "3": {
                "Member size": 26078.0,
                "Nonmember size": 7820.0,
                "ROC AUC Individual": 0.502741727746431,
                "MIA": {
                    "1": 0.5114833092541684,
                    "3": 0.50587865029874,
                    "best": {
                        "s": 1,
                        "ROC AUC": 0.5114833092541684
                    }
                }
            },
            "5": {
                "Member size": 15340.0,
                "Nonmember size": 4600.0,
                "ROC AUC Individual": 0.502741727746431,
                "MIA": {
                    "1": 0.5149716744998214,
                    "3": 0.5105942633992507,
                    "5": 0.5068748902363585,
                    "best": {
                        "s": 1,
                        "ROC AUC": 0.5149716744998214
                    }
                }
            },
            "8": {
                "Member size": 9971.0,
                "Nonmember size": 2990.0,
                "ROC AUC Individual": 0.502741727746431,
                "MIA": {
                    "1": 0.5193462170983644,
                    "3": 0.5159202896313015,
                    "5": 0.5106850831957007,
                    "8": 0.5073339359445141,
                    "best": {
                        "s": 1,
                        "ROC AUC": 0.5193462170983644
                    }
                }
            },
            "10": {
                "Member size": 7670.0,
                "Nonmember size": 2300.0,
                "ROC AUC Individual": 0.502741727746431,
                "MIA": {
                    "1": 0.521013408071586,
                    "3": 0.521753440810318,
                    "5": 0.5166002664336673,
                    "8": 0.5089474462264144,
                    "10": 0.508182256049949,
                    "best": {
                        "s": 3,
                        "ROC AUC": 0.521753440810318
                    }
                }
            },
            "30": {
                "Member size": 3068.0,
                "Nonmember size": 920.0,
                "ROC AUC Individual": 0.502741727746431,
                "MIA": {
                    "1": 0.5122722787038878,
                    "3": 0.5224136828644501,