{
    "average": {
        "max": {
            "1": {
                "Member size": 700.0,
                "Nonmember size": 1000.0,
                "ROC AUC Individual": 0.4477957142857143,
                "MIA": {
                    "1": 0.4477957142857143,
                    "best": {
                        "s": 1,
                        "ROC AUC": 0.4477957142857143
                    }
                }
            },
            "3": {
                "Member size": 238.0,
                "Nonmember size": 340.0,
                "ROC AUC Individual": 0.4477957142857143,
                "MIA": {
                    "1": 0.33633217993079584,
                    "3": 0.41852446861097375,
                    "best": {
                        "s": 3,
                        "ROC AUC": 0.41852446861097375
                    }
                }
            },
            "5": {
                "Member size": 140.0,
                "Nonmember size": 200.0,
                "ROC AUC Individual": 0.4477957142857143,
                "MIA": {
                    "1": 0.2998571428571429,
                    "3": 0.327,
                    "5": 0.4001071428571429,
                    "best": {
                        "s": 5,
                        "ROC AUC": 0.4001071428571429
                    }
                }
            },
            "8": {
                "Member size": 91.0,
                "Nonmember size": 130.0,
                "ROC AUC Individual": 0.4477957142857143,
                "MIA": {
                    "1": 0.2749788672865596,
                    "3": 0.29289940828402367,
                    "5": 0.319949281487743,
                    "8": 0.3946745562130178,
                    "best": {
                        "s": 8,
                        "ROC AUC": 0.3946745562130178
                    }
                }
            },
            "10": {
                "Member size": 70.0,
                "Nonmember size": 100.0,
                "ROC AUC Individual": 0.4477957142857143,
                "MIA": {
                    "1": 0.2547142857142857,
                    "3": 0.26371428571428573,
                    "5": 0.2874285714285714,
                    "8": 0.3381428571428571,
                    "10": 0.38800000000000007,
                    "best": {
                        "s": 10,
                        "ROC AUC": 0.38800000000000007
                    }
                }
            },
            "30": {
                "Member size": 28.0,
                "Nonmember size": 40.0,
                "ROC AUC Individual": 0.4477957142857143,
                "MIA": {
                    "1": 0.23214285714285712,
                    "3": 0.24107142857142855,
                    "5": 0.24732142857142855,
                    "8": 0.2714285714285714,
                    "10": 0.30714285714285716,
                    "30": 0.4071428571428572,
                    "best": {
                        "s": 30,
                        "ROC AUC": 0.4071428571428572
                    }
                }
            },
            "50": {
                "Member size": 14.0,
                "Nonmember size": 20.0,
                "ROC AUC Individual": 0.4477957142857143,
                "MIA": {
                    "1": 0.1392857142857143,
                    "3": 0.1821428571428571,
                    "5": 0.19999999999999996,
                    "8": 0.19285714285714287,
                    "10": 0.20357142857142857,
                    "30": 0.28214285714285714,
                    "50": 0.375,
                    "best": {
                        "s": 50,
                        "ROC AUC": 0.375
                    }
                }
            },
            "80": {
                "Member size": 14.0,
                "Nonmember size": 20.0,
                "ROC AUC Individual": 0.4477957142857143,
                "MIA": {
                    "1": 0.2,
                    "3": 0.22499999999999998,
                    "5": 0.25,
                    "8": 0.25,
                    "10": 0.27142857142857146,
                    "30": 0.3464285714285714,
                    "50": 0.33571428571428574,
                    "80": 0.37142857142857144,
                    "best": {
                        "s": 80,
                        "ROC AUC": 0.37142857142857144
                    }
                }
            },
            "100": {
                "Member size": 7.0,
                "Nonmember size": 10.0,
                "ROC AUC Individual": 0.4477957142857143,
                "MIA": {
                    "1": 0.07142857142857141,
                    "3": 0.14285714285714285,
                    "5": 0.1714285714285714,
                    "8": 0.1714285714285714,
                    "10": 0.1714285714285714,
                    "30": 0.19999999999999996,
                    "50": 0.2571428571428571,
                    "80": 0.3142857142857143,
                    "100": 0.3571428571428572,
                    "best": {
                        "s": 100,
                        "ROC AUC": 0.3571428571428572
                    }
                }
            }
        },
        "min": {
            "1": {
                "Member size": 700.0,
                "Nonmember size": 1000.0,
                "ROC AUC Individual": 0.4477957142857143,
                "MIA": {
                    "1": 0.4477957142857143,
                    "best": {
                        "s": 1,
                        "ROC AUC": 0.4477957142857143
                    }
                }
            },
            "3": {
                "Member size": 238.0,
                "Nonmember size": 340.0,
                "ROC AUC Individual": 0.4477957142857143,
                "MIA": {
                    "1": 0.566831438457736,
                    "3": 0.41852446861097375,
                    "best": {
                        "s": 1,
                        "ROC AUC": 0.566831438457736
                    }
                }
            },
            "5": {
                "Member size": 140.0,
                "Nonmember size": 200.0,
                "ROC AUC Individual": 0.4477957142857143,
                "MIA": {
                    "1": 0.632892857142857,
                    "3": 0.5223928571428571,
                    "5": 0.4001071428571429,
                    "best": {
                        "s": 1,
                        "ROC AUC": 0.632892857142857
                    }
                }
            },
            "8": {
                "Member size": 91.0,
                "Nonmember size": 130.0,
                "ROC AUC Individual": 0.4477957142857143,
                "MIA": {
                    "1": 0.6582417582417583,
                    "3": 0.5935756551141166,
                    "5": 0.5172442941673712,
                    "8": 0.3946745562130178,
                    "best": {
                        "s": 1,
                        "ROC AUC": 0.6582417582417583
                    }
                }
            },
            "10": {
                "Member size": 70.0,
                "Nonmember size": 100.0,
                "ROC AUC Individual": 0.4477957142857143,
                "MIA": {
                    "1": 0.6952857142857144,
                    "3": 0.6461428571428571,
                    "5": 0.5648571428571428,
                    "8": 0.46885714285714286,
                    "10": 0.38800000000000007,
                    "best": {
                        "s": 1,
                        "ROC AUC": 0.6952857142857144
                    }
                }
            },
            "30": {
                "Member size": 28.0,
                "Nonmember size": 40.0,
                "ROC AUC Individual": 0.4477957142857143,
                "MIA": {
                    "1": 0.7,
                    "3": 0.6910714285714286,
                    "5": 0.6598214285714286,
                    "8": 0.6133928571428572,