{
    "average": {
        "max": {
            "1": {
                "Member size": 76700.0,
                "Nonmember size": 23000.0,
                "ROC AUC Individual": 0.43757820317455154,
                "MIA": {
                    "1": 0.43757820317455154,
                    "best": {
                        "s": 1,
                        "ROC AUC": 0.43757820317455154
                    }
                }
            },
            "3": {
                "Member size": 26078.0,
                "Nonmember size": 7820.0,
                "ROC AUC Individual": 0.43757820317455154,
                "MIA": {
                    "1": 0.43652616961175383,
                    "3": 0.4064875507752944,
                    "best": {
                        "s": 1,
                        "ROC AUC": 0.43652616961175383
                    }
                }
            },
            "5": {
                "Member size": 15340.0,
                "Nonmember size": 4600.0,
                "ROC AUC Individual": 0.43757820317455154,
                "MIA": {
                    "1": 0.43076933815984175,
                    "3": 0.4062412870495355,
                    "5": 0.3829574145369169,
                    "best": {
                        "s": 1,
                        "ROC AUC": 0.43076933815984175
                    }
                }
            },
            "8": {
                "Member size": 9971.0,
                "Nonmember size": 2990.0,
                "ROC AUC Individual": 0.43757820317455154,
                "MIA": {
                    "1": 0.42876995460749223,
                    "3": 0.41091757357507264,
                    "5": 0.3928575383729429,
                    "8": 0.36327367012378725,
                    "best": {
                        "s": 1,
                        "ROC AUC": 0.42876995460749223
                    }
                }
            },
            "10": {
                "Member size": 7670.0,
                "Nonmember size": 2300.0,
                "ROC AUC Individual": 0.43757820317455154,
                "MIA": {
                    "1": 0.4247051653466525,
                    "3": 0.40649298426706293,
                    "5": 0.389264715893619,
                    "8": 0.36101557380493504,
                    "10": 0.34597304152120045,
                    "best": {
                        "s": 1,
                        "ROC AUC": 0.4247051653466525
                    }
                }
            },
            "30": {
                "Member size": 3068.0,
                "Nonmember size": 920.0,
                "ROC AUC Individual": 0.43757820317455154,
                "MIA": {
                    "1": 0.42219223572107,
                    "3": 0.40932297427607134,
                    "5": 0.4049400666713951,
                    "8": 0.4028083552024966,
                    "10": 0.40292006525285484,
                    "30": 0.2960550412670683,
                    "best": {
                        "s": 1,
                        "ROC AUC": 0.42219223572107
                    }
                }
            },
            "50": {
                "Member size": 1534.0,
                "Nonmember size": 460.0,
                "ROC AUC Individual": 0.43757820317455154,
                "MIA": {
                    "1": 0.41322629102658576,
                    "3": 0.39183861459100955,
                    "5": 0.3800847457627119,
                    "8": 0.37081312572676484,
                    "10": 0.36689072293598796,
                    "30": 0.3151478147275154,
                    "50": 0.24970209868437052,
                    "best": {
                        "s": 1,
                        "ROC AUC": 0.41322629102658576
                    }
                }
            },
            "80": {
                "Member size": 1534.0,
                "Nonmember size": 460.0,
                "ROC AUC Individual": 0.43757820317455154,
                "MIA": {
                    "1": 0.4259579955784819,
                    "3": 0.4124964571169435,
                    "5": 0.41337650926818204,
                    "8": 0.41372512896094327,
                    "10": 0.41398021654101247,
                    "30": 0.39552029269122774,
                    "50": 0.36054824124889817,
                    "80": 0.2663345049116167,
                    "best": {
                        "s": 1,
                        "ROC AUC": 0.4259579955784819
                    }
                }
            },
            "100": {
                "Member size": 767.0,
                "Nonmember size": 230.0,
                "ROC AUC Individual": 0.43757820317455154,
                "MIA": {
                    "1": 0.41491412051471,
                    "3": 0.38282977155490056,
                    "5": 0.37210475596621506,
                    "8": 0.3641616528550346,
                    "10": 0.3600862754001589,
                    "30": 0.33558292655238964,
                    "50": 0.30448458601629724,
                    "80": 0.24901860093575257,
                    "100": 0.20552898500496752,
                    "best": {
                        "s": 1,
                        "ROC AUC": 0.41491412051471
                    }
                }
            }
        },
        "min": {
            "1": {
                "Member size": 76700.0,
                "Nonmember size": 23000.0,
                "ROC AUC Individual": 0.43757820317455154,
                "MIA": {
                    "1": 0.43757820317455154,
                    "best": {
                        "s": 1,
                        "ROC AUC": 0.43757820317455154
                    }
                }
            },
            "3": {
                "Member size": 26078.0,
                "Nonmember size": 7820.0,
                "ROC AUC Individual": 0.43757820317455154,
                "MIA": {
                    "1": 0.4024734916646328,
                    "3": 0.4064875507752944,
                    "best": {
                        "s": 3,
                        "ROC AUC": 0.4064875507752944
                    }
                }
            },
            "5": {
                "Member size": 15340.0,
                "Nonmember size": 4600.0,
                "ROC AUC Individual": 0.43757820317455154,
                "MIA": {
                    "1": 0.3890219517727279,
                    "3": 0.36794380808421695,
                    "5": 0.3829574145369169,
                    "best": {
                        "s": 1,
                        "ROC AUC": 0.3890219517727279
                    }
                }
            },
            "8": {
                "Member size": 9971.0,
                "Nonmember size": 2990.0,
                "ROC AUC Individual": 0.43757820317455154,
                "MIA": {
                    "1": 0.38041240105726826,
                    "3": 0.3555971307886001,
                    "5": 0.35010619559930267,
                    "8": 0.36327367012378725,
                    "best": {
                        "s": 1,
                        "ROC AUC": 0.38041240105726826
                    }
                }
            },
            "10": {
                "Member size": 7670.0,
                "Nonmember size": 2300.0,
                "ROC AUC Individual": 0.43757820317455154,
                "MIA": {
                    "1": 0.3792366609427172,
                    "3": 0.34573592293579625,
                    "5": 0.3270018636778166,
                    "8": 0.3283824134666656,
                    "10": 0.34597304152120045,
                    "best": {
                        "s": 1,
                        "ROC AUC": 0.3792366609427172
                    }
                }
            },
            "30": {
                "Member size": 3068.0,
                "Nonmember size": 920.0,
                "ROC AUC Individual": 0.43757820317455154,