{
    "average": {
        "max": {
            "1": {
                "Member size": 76700.0,
                "Nonmember size": 23000.0,
                "ROC AUC Individual": 0.42752314958316584,
                "MIA": {
                    "1": 0.42752314958316584,
                    "best": {
                        "s": 1,
                        "ROC AUC": 0.42752314958316584
                    }
                }
            },
            "3": {
                "Member size": 26078.0,
                "Nonmember size": 7820.0,
                "ROC AUC Individual": 0.42752314958316584,
                "MIA": {
                    "1": 0.4221585252996032,
                    "3": 0.38999006235336386,
                    "best": {
                        "s": 1,
                        "ROC AUC": 0.4221585252996032
                    }
                }
            },
            "5": {
                "Member size": 15340.0,
                "Nonmember size": 4600.0,
                "ROC AUC Individual": 0.42752314958316584,
                "MIA": {
                    "1": 0.41850691235748666,
                    "3": 0.38695024129385674,
                    "5": 0.3633825739714212,
                    "best": {
                        "s": 1,
                        "ROC AUC": 0.41850691235748666
                    }
                }
            },
            "8": {
                "Member size": 9971.0,
                "Nonmember size": 2990.0,
                "ROC AUC Individual": 0.42752314958316584,
                "MIA": {
                    "1": 0.4147000716794423,
                    "3": 0.39010922399304937,
                    "5": 0.36826159421967297,
                    "8": 0.3397129501613009,
                    "best": {
                        "s": 1,
                        "ROC AUC": 0.4147000716794423
                    }
                }
            },
            "10": {
                "Member size": 7670.0,
                "Nonmember size": 2300.0,
                "ROC AUC Individual": 0.42752314958316584,
                "MIA": {
                    "1": 0.4166099825950893,
                    "3": 0.3855564786408152,
                    "5": 0.3645386779024731,
                    "8": 0.33509974382980345,
                    "10": 0.3210659266411295,
                    "best": {
                        "s": 1,
                        "ROC AUC": 0.4166099825950893
                    }
                }
            },
            "30": {
                "Member size": 3068.0,
                "Nonmember size": 920.0,
                "ROC AUC Individual": 0.42752314958316584,
                "MIA": {
                    "1": 0.4222852667243164,
                    "3": 0.39591097308488615,
                    "5": 0.3874368955444,
                    "8": 0.38457025156697583,
                    "10": 0.3849969156811027,
                    "30": 0.2629819430102624,
                    "best": {
                        "s": 1,
                        "ROC AUC": 0.4222852667243164
                    }
                }
            },
            "50": {
                "Member size": 1534.0,
                "Nonmember size": 460.0,
                "ROC AUC Individual": 0.42752314958316584,
                "MIA": {
                    "1": 0.4221586077886741,
                    "3": 0.3847826086956522,
                    "5": 0.3641942066776259,
                    "8": 0.3486522872853013,
                    "10": 0.3417535853976532,
                    "30": 0.28027464429454113,
                    "50": 0.2178606322517334,
                    "best": {
                        "s": 1,
                        "ROC AUC": 0.4221586077886741
                    }
                }
            },
            "80": {
                "Member size": 1534.0,
                "Nonmember size": 460.0,
                "ROC AUC Individual": 0.42752314958316584,
                "MIA": {
                    "1": 0.424939062411428,
                    "3": 0.40975851709086786,
                    "5": 0.40462062808230825,
                    "8": 0.402250439317499,
                    "10": 0.4012201689246641,
                    "30": 0.37993070740919543,
                    "50": 0.33359179376280446,
                    "80": 0.23330429421349044,
                    "best": {
                        "s": 1,
                        "ROC AUC": 0.424939062411428
                    }
                }
            },
            "100": {
                "Member size": 767.0,
                "Nonmember size": 230.0,
                "ROC AUC Individual": 0.42752314958316584,
                "MIA": {
                    "1": 0.4208888385012187,
                    "3": 0.39405362507794345,
                    "5": 0.37403208434895985,
                    "8": 0.35387449691060596,
                    "10": 0.3453999206394195,
                    "30": 0.3106683294597812,
                    "50": 0.2721328312221842,
                    "80": 0.2143192219679634,
                    "100": 0.178941105797001,
                    "best": {
                        "s": 1,
                        "ROC AUC": 0.4208888385012187
                    }
                }
            }
        },
        "min": {
            "1": {
                "Member size": 76700.0,
                "Nonmember size": 23000.0,
                "ROC AUC Individual": 0.42752314958316584,
                "MIA": {
                    "1": 0.42752314958316584,
                    "best": {
                        "s": 1,
                        "ROC AUC": 0.42752314958316584
                    }
                }
            },
            "3": {
                "Member size": 26078.0,
                "Nonmember size": 7820.0,
                "ROC AUC Individual": 0.42752314958316584,
                "MIA": {
                    "1": 0.3927027255430368,
                    "3": 0.38999006235336386,
                    "best": {
                        "s": 1,
                        "ROC AUC": 0.3927027255430368
                    }
                }
            },
            "5": {
                "Member size": 15340.0,
                "Nonmember size": 4600.0,
                "ROC AUC Individual": 0.42752314958316584,
                "MIA": {
                    "1": 0.3822147049233779,
                    "3": 0.3512408079112228,
                    "5": 0.3633825739714212,
                    "best": {
                        "s": 1,
                        "ROC AUC": 0.3822147049233779
                    }
                }
            },
            "8": {
                "Member size": 9971.0,
                "Nonmember size": 2990.0,
                "ROC AUC Individual": 0.42752314958316584,
                "MIA": {
                    "1": 0.3743547687301204,
                    "3": 0.3383561590958219,
                    "5": 0.3294337881944701,
                    "8": 0.3397129501613009,
                    "best": {
                        "s": 1,
                        "ROC AUC": 0.3743547687301204
                    }
                }
            },
            "10": {
                "Member size": 7670.0,
                "Nonmember size": 2300.0,
                "ROC AUC Individual": 0.42752314958316584,
                "MIA": {
                    "1": 0.3760828037696339,
                    "3": 0.3279221022520772,
                    "5": 0.30590533743244025,
                    "8": 0.30324980501805965,
                    "10": 0.3210659266411295,
                    "best": {
                        "s": 1,
                        "ROC AUC": 0.3760828037696339
                    }
                }
            },
            "30": {
                "Member size": 3068.0,
                "Nonmember size": 920.0,
                "ROC AUC Individual": 0.42752314958316584,