{"1": {"ROC AUC": 0.66385, "Group size": 100, "ROC AUC Individual": 0.66385}, "3": {"ROC AUC": 0.7654, "Group size": 100, "ROC AUC Individual": 0.7654}, "5": {"ROC AUC": 0.8272999999999999, "Group size": 100, "ROC AUC Individual": 0.8272999999999999}, "10": {"ROC AUC": 0.8942, "Group size": 100, "ROC AUC Individual": 0.8942}, "30": {"ROC AUC": 0.9454, "Group size": 100, "ROC AUC Individual": 0.9454}, "50": {"ROC AUC": 0.958, "Group size": 100, "ROC AUC Individual": 0.958}, "100": {"ROC AUC": 0.9278000000000001, "Group size": 100, "ROC AUC Individual": 0.9278000000000001}, "best": {"top k": 50, "ROC AUC": 0.958}, "Individual ROC AUC": 0.572075215, "Total individual ROC AUC": 0.5672202866471691}