{"1": {"ROC AUC": 0.66385, "Group size": 100}, "3": {"ROC AUC": 0.7654, "Group size": 100}, "5": {"ROC AUC": 0.8272999999999999, "Group size": 100}, "10": {"ROC AUC": 0.8942, "Group size": 100}, "30": {"ROC AUC": 0.9454, "Group size": 100}, "50": {"ROC AUC": 0.958, "Group size": 100}, "100": {"ROC AUC": 0.9278000000000001, "Group size": 100}, "best": {"top k": 50, "ROC AUC": 0.958}}