{"1": {"ROC AUC": 0.6359557763178978, "Group size": 79}, "3": {"ROC AUC": 0.6712689020381327, "Group size": 78}, "5": {"ROC AUC": 0.6877054569362263, "Group size": 78}, "10": {"ROC AUC": 0.6433267587113742, "Group size": 78}, "30": {"ROC AUC": 0.6655161078238001, "Group size": 78}, "50": {"ROC AUC": 0.62890625, "Group size": 16}, "best": {"top k": 5, "ROC AUC": 0.6877054569362263}}