{
    "average": {
        "max": {
            "1": {
                "Member size": 700.0,
                "Nonmember size": 1000.0,
                "ROC AUC Individual": 0.5560435714285714,
                "MIA": {
                    "1": 0.5560435714285714,
                    "best": {
                        "s": 1,
                        "ROC AUC": 0.5560435714285714
                    }
                }
            },
            "3": {
                "Member size": 238.0,
                "Nonmember size": 340.0,
                "ROC AUC Individual": 0.5560435714285714,
                "MIA": {
                    "1": 0.4601705388037568,
                    "3": 0.586406327236777,
                    "best": {
                        "s": 3,
                        "ROC AUC": 0.586406327236777
                    }
                }
            },
            "5": {
                "Member size": 140.0,
                "Nonmember size": 200.0,
                "ROC AUC Individual": 0.5560435714285714,
                "MIA": {
                    "1": 0.4010357142857143,
                    "3": 0.49385714285714283,
                    "5": 0.6094285714285714,
                    "best": {
                        "s": 5,
                        "ROC AUC": 0.6094285714285714
                    }
                }
            },
            "8": {
                "Member size": 91.0,
                "Nonmember size": 130.0,
                "ROC AUC Individual": 0.5560435714285714,
                "MIA": {
                    "1": 0.39332206255283175,
                    "3": 0.4451394759087067,
                    "5": 0.5086221470836856,
                    "8": 0.6248520710059171,
                    "best": {
                        "s": 8,
                        "ROC AUC": 0.6248520710059171
                    }
                }
            },
            "10": {
                "Member size": 70.0,
                "Nonmember size": 100.0,
                "ROC AUC Individual": 0.5560435714285714,
                "MIA": {
                    "1": 0.3881428571428571,
                    "3": 0.413,
                    "5": 0.46928571428571436,
                    "8": 0.5675714285714285,
                    "10": 0.6394285714285715,
                    "best": {
                        "s": 10,
                        "ROC AUC": 0.6394285714285715
                    }
                }
            },
            "30": {
                "Member size": 28.0,
                "Nonmember size": 40.0,
                "ROC AUC Individual": 0.5560435714285714,
                "MIA": {
                    "1": 0.35000000000000003,
                    "3": 0.3508928571428571,
                    "5": 0.38392857142857145,
                    "8": 0.4017857142857143,
                    "10": 0.4321428571428571,
                    "30": 0.6544642857142857,
                    "best": {
                        "s": 30,
                        "ROC AUC": 0.6544642857142857
                    }
                }
            },
            "50": {
                "Member size": 14.0,
                "Nonmember size": 20.0,
                "ROC AUC Individual": 0.5560435714285714,
                "MIA": {
                    "1": 0.30714285714285716,
                    "3": 0.3107142857142857,
                    "5": 0.3285714285714285,
                    "8": 0.34285714285714286,
                    "10": 0.34285714285714286,
                    "30": 0.5,
                    "50": 0.6928571428571428,
                    "best": {
                        "s": 50,
                        "ROC AUC": 0.6928571428571428
                    }
                }
            },
            "80": {
                "Member size": 14.0,
                "Nonmember size": 20.0,
                "ROC AUC Individual": 0.5560435714285714,
                "MIA": {
                    "1": 0.31785714285714284,
                    "3": 0.33571428571428574,
                    "5": 0.32857142857142857,
                    "8": 0.35,
                    "10": 0.36428571428571427,
                    "30": 0.4357142857142857,
                    "50": 0.5,
                    "80": 0.6321428571428571,
                    "best": {
                        "s": 80,
                        "ROC AUC": 0.6321428571428571
                    }
                }
            },
            "100": {
                "Member size": 7.0,
                "Nonmember size": 10.0,
                "ROC AUC Individual": 0.5560435714285714,
                "MIA": {
                    "1": 0.21428571428571427,
                    "3": 0.2857142857142857,
                    "5": 0.27142857142857146,
                    "8": 0.3,
                    "10": 0.32857142857142857,
                    "30": 0.37142857142857144,
                    "50": 0.45714285714285713,
                    "80": 0.6,
                    "100": 0.6571428571428571,
                    "best": {
                        "s": 100,
                        "ROC AUC": 0.6571428571428571
                    }
                }
            }
        },
        "min": {
            "1": {
                "Member size": 700.0,
                "Nonmember size": 1000.0,
                "ROC AUC Individual": 0.5560435714285714,
                "MIA": {
                    "1": 0.5560435714285714,
                    "best": {
                        "s": 1,
                        "ROC AUC": 0.5560435714285714
                    }
                }
            },
            "3": {
                "Member size": 238.0,
                "Nonmember size": 340.0,
                "ROC AUC Individual": 0.5560435714285714,
                "MIA": {
                    "1": 0.7145575877409787,
                    "3": 0.586406327236777,
                    "best": {
                        "s": 1,
                        "ROC AUC": 0.7145575877409787
                    }
                }
            },
            "5": {
                "Member size": 140.0,
                "Nonmember size": 200.0,
                "ROC AUC Individual": 0.5560435714285714,
                "MIA": {
                    "1": 0.7759285714285714,
                    "3": 0.7206785714285715,
                    "5": 0.6094285714285714,
                    "best": {
                        "s": 1,
                        "ROC AUC": 0.7759285714285714
                    }
                }
            },
            "8": {
                "Member size": 91.0,
                "Nonmember size": 130.0,
                "ROC AUC Individual": 0.5560435714285714,
                "MIA": {
                    "1": 0.7847844463229079,
                    "3": 0.775316990701606,
                    "5": 0.7129332206255283,
                    "8": 0.6248520710059171,
                    "best": {
                        "s": 1,
                        "ROC AUC": 0.7847844463229079
                    }
                }
            },
            "10": {
                "Member size": 70.0,
                "Nonmember size": 100.0,
                "ROC AUC Individual": 0.5560435714285714,
                "MIA": {
                    "1": 0.8104285714285714,
                    "3": 0.8165714285714286,
                    "5": 0.7727142857142858,
                    "8": 0.7024285714285714,
                    "10": 0.6394285714285715,
                    "best": {
                        "s": 3,
                        "ROC AUC": 0.8165714285714286
                    }
                }
            },
            "30": {
                "Member size": 28.0,
                "Nonmember size": 40.0,
                "ROC AUC Individual": 0.5560435714285714,
                "MIA": {
                    "1": 0.8223214285714286,
                    "3": 0.8419642857142857,
                    "5": 0.825,
                    "8": 0.7875,