{
    "average": {
        "max": {
            "1": {
                "Member size": 400.0,
                "Nonmember size": 900.0,
                "ROC AUC Individual": 0.36936111111111114,
                "MIA": {
                    "1": 0.36936111111111114,
                    "best": {
                        "s": 1,
                        "ROC AUC": 0.36936111111111114
                    }
                }
            },
            "3": {
                "Member size": 136.0,
                "Nonmember size": 306.0,
                "ROC AUC Individual": 0.36936111111111114,
                "MIA": {
                    "1": 0.28498654363706266,
                    "3": 0.33114667435601697,
                    "best": {
                        "s": 3,
                        "ROC AUC": 0.33114667435601697
                    }
                }
            },
            "5": {
                "Member size": 80.0,
                "Nonmember size": 180.0,
                "ROC AUC Individual": 0.36936111111111114,
                "MIA": {
                    "1": 0.25604166666666667,
                    "3": 0.2479166666666667,
                    "5": 0.30506944444444445,
                    "best": {
                        "s": 5,
                        "ROC AUC": 0.30506944444444445
                    }
                }
            },
            "8": {
                "Member size": 52.0,
                "Nonmember size": 117.0,
                "ROC AUC Individual": 0.36936111111111114,
                "MIA": {
                    "1": 0.21860618014464167,
                    "3": 0.20956607495069035,
                    "5": 0.24161735700197237,
                    "8": 0.30013149243918474,
                    "best": {
                        "s": 8,
                        "ROC AUC": 0.30013149243918474
                    }
                }
            },
            "10": {
                "Member size": 40.0,
                "Nonmember size": 90.0,
                "ROC AUC Individual": 0.36936111111111114,
                "MIA": {
                    "1": 0.2216666666666667,
                    "3": 0.20055555555555554,
                    "5": 0.2125,
                    "8": 0.2611111111111111,
                    "10": 0.2991666666666667,
                    "best": {
                        "s": 10,
                        "ROC AUC": 0.2991666666666667
                    }
                }
            },
            "30": {
                "Member size": 16.0,
                "Nonmember size": 36.0,
                "ROC AUC Individual": 0.36936111111111114,
                "MIA": {
                    "1": 0.18055555555555558,
                    "3": 0.1388888888888889,
                    "5": 0.1597222222222222,
                    "8": 0.1857638888888889,
                    "10": 0.21006944444444445,
                    "30": 0.3038194444444445,
                    "best": {
                        "s": 30,
                        "ROC AUC": 0.3038194444444445
                    }
                }
            },
            "50": {
                "Member size": 8.0,
                "Nonmember size": 18.0,
                "ROC AUC Individual": 0.36936111111111114,
                "MIA": {
                    "1": 0.11805555555555555,
                    "3": 0.06944444444444446,
                    "5": 0.07638888888888891,
                    "8": 0.07638888888888891,
                    "10": 0.09722222222222224,
                    "30": 0.19444444444444445,
                    "50": 0.29861111111111116,
                    "best": {
                        "s": 50,
                        "ROC AUC": 0.29861111111111116
                    }
                }
            },
            "80": {
                "Member size": 8.0,
                "Nonmember size": 18.0,
                "ROC AUC Individual": 0.36936111111111114,
                "MIA": {
                    "1": 0.22222222222222224,
                    "3": 0.1597222222222222,
                    "5": 0.1597222222222222,
                    "8": 0.16666666666666669,
                    "10": 0.16666666666666669,
                    "30": 0.20833333333333334,
                    "50": 0.2152777777777778,
                    "80": 0.24305555555555555,
                    "best": {
                        "s": 80,
                        "ROC AUC": 0.24305555555555555
                    }
                }
            },
            "100": {
                "Member size": 4.0,
                "Nonmember size": 9.0,
                "ROC AUC Individual": 0.36936111111111114,
                "MIA": {
                    "1": 0.1388888888888889,
                    "3": 0.05555555555555555,
                    "5": 0.05555555555555555,
                    "8": 0.05555555555555558,
                    "10": 0.02777777777777779,
                    "30": 0.1111111111111111,
                    "50": 0.16666666666666669,
                    "80": 0.25,
                    "100": 0.2777777777777778,
                    "best": {
                        "s": 100,
                        "ROC AUC": 0.2777777777777778
                    }
                }
            }
        },
        "min": {
            "1": {
                "Member size": 400.0,
                "Nonmember size": 900.0,
                "ROC AUC Individual": 0.36936111111111114,
                "MIA": {
                    "1": 0.36936111111111114,
                    "best": {
                        "s": 1,
                        "ROC AUC": 0.36936111111111114
                    }
                }
            },
            "3": {
                "Member size": 136.0,
                "Nonmember size": 306.0,
                "ROC AUC Individual": 0.36936111111111114,
                "MIA": {
                    "1": 0.42240965013456366,
                    "3": 0.33114667435601697,
                    "best": {
                        "s": 1,
                        "ROC AUC": 0.42240965013456366
                    }
                }
            },
            "5": {
                "Member size": 80.0,
                "Nonmember size": 180.0,
                "ROC AUC Individual": 0.36936111111111114,
                "MIA": {
                    "1": 0.43881944444444443,
                    "3": 0.37493055555555554,
                    "5": 0.30506944444444445,
                    "best": {
                        "s": 1,
                        "ROC AUC": 0.43881944444444443
                    }
                }
            },
            "8": {
                "Member size": 52.0,
                "Nonmember size": 117.0,
                "ROC AUC Individual": 0.36936111111111114,
                "MIA": {
                    "1": 0.4536489151873767,
                    "3": 0.4005588428665352,
                    "5": 0.37195923734385267,
                    "8": 0.30013149243918474,
                    "best": {
                        "s": 1,
                        "ROC AUC": 0.4536489151873767
                    }
                }
            },
            "10": {
                "Member size": 40.0,
                "Nonmember size": 90.0,
                "ROC AUC Individual": 0.36936111111111114,
                "MIA": {
                    "1": 0.45666666666666667,
                    "3": 0.4277777777777778,
                    "5": 0.3933333333333333,
                    "8": 0.3522222222222222,
                    "10": 0.2991666666666667,
                    "best": {
                        "s": 1,
                        "ROC AUC": 0.45666666666666667
                    }
                }
            },
            "30": {
                "Member size": 16.0,
                "Nonmember size": 36.0,
                "ROC AUC Individual": 0.36936111111111114,
                "MIA": {
                    "1": 0.4878472222222222,