{
    "average": {
        "max": {
            "1": {
                "Member size": 92200.0,
                "Nonmember size": 7400.0,
                "ROC AUC Individual": 0.5461579197690097,
                "MIA": {
                    "1": 0.5461579197690097,
                    "best": {
                        "s": 1,
                        "ROC AUC": 0.5461579197690097
                    }
                }
            },
            "3": {
                "Member size": 31348.0,
                "Nonmember size": 2516.0,
                "ROC AUC Individual": 0.5461579197690097,
                "MIA": {
                    "1": 0.5902516797941687,
                    "3": 0.5624272868519616,
                    "best": {
                        "s": 1,
                        "ROC AUC": 0.5902516797941687
                    }
                }
            },
            "5": {
                "Member size": 18440.0,
                "Nonmember size": 1480.0,
                "ROC AUC Individual": 0.5461579197690097,
                "MIA": {
                    "1": 0.6099211284223486,
                    "3": 0.6156241938793457,
                    "5": 0.5757600984932872,
                    "best": {
                        "s": 3,
                        "ROC AUC": 0.6156241938793457
                    }
                }
            },
            "8": {
                "Member size": 11986.0,
                "Nonmember size": 962.0,
                "ROC AUC Individual": 0.5461579197690097,
                "MIA": {
                    "1": 0.6211368651507146,
                    "3": 0.6421355927029213,
                    "5": 0.6343180002449149,
                    "8": 0.5898565651610871,
                    "best": {
                        "s": 3,
                        "ROC AUC": 0.6421355927029213
                    }
                }
            },
            "10": {
                "Member size": 9220.0,
                "Nonmember size": 740.0,
                "ROC AUC Individual": 0.5461579197690097,
                "MIA": {
                    "1": 0.6266920472533271,
                    "3": 0.6596013366946121,
                    "5": 0.6637477282054289,
                    "8": 0.6376134431611655,
                    "10": 0.5977635281702527,
                    "best": {
                        "s": 5,
                        "ROC AUC": 0.6637477282054289
                    }
                }
            },
            "30": {
                "Member size": 3688.0,
                "Nonmember size": 296.0,
                "ROC AUC Individual": 0.5461579197690097,
                "MIA": {
                    "1": 0.6090090395438823,
                    "3": 0.6366640162396671,
                    "5": 0.640952028492701,
                    "8": 0.6351552881514921,
                    "10": 0.6336648809872779,
                    "30": 0.639181311191886,
                    "best": {
                        "s": 5,
                        "ROC AUC": 0.640952028492701
                    }
                }
            },
            "50": {
                "Member size": 1844.0,
                "Nonmember size": 148.0,
                "ROC AUC Individual": 0.5461579197690097,
                "MIA": {
                    "1": 0.5817204813273142,
                    "3": 0.6341238201324969,
                    "5": 0.6666141466846456,
                    "8": 0.6988626370405112,
                    "10": 0.711221932344492,
                    "30": 0.7713731898927125,
                    "50": 0.6872288503253796,
                    "best": {
                        "s": 30,
                        "ROC AUC": 0.7713731898927125
                    }
                }
            },
            "80": {
                "Member size": 1844.0,
                "Nonmember size": 148.0,
                "ROC AUC Individual": 0.5461579197690097,
                "MIA": {
                    "1": 0.6011223398018408,
                    "3": 0.6142163041566512,
                    "5": 0.6119994723573899,
                    "8": 0.6108965527349475,
                    "10": 0.6107060151257548,
                    "30": 0.6089691915342674,
                    "50": 0.6307454417541185,
                    "80": 0.6856532508647477,
                    "best": {
                        "s": 80,
                        "ROC AUC": 0.6856532508647477
                    }
                }
            },
            "100": {
                "Member size": 922.0,
                "Nonmember size": 74.0,
                "ROC AUC Individual": 0.5461579197690097,
                "MIA": {
                    "1": 0.5104868968751832,
                    "3": 0.5551093392741983,
                    "5": 0.5915899630650173,
                    "8": 0.6339186257841355,
                    "10": 0.6561675558421762,
                    "30": 0.7603476578530808,
                    "50": 0.813815442340388,
                    "80": 0.8204842586621328,
                    "100": 0.7509966582634695,
                    "best": {
                        "s": 80,
                        "ROC AUC": 0.8204842586621328
                    }
                }
            }
        },
        "min": {
            "1": {
                "Member size": 92200.0,
                "Nonmember size": 7400.0,
                "ROC AUC Individual": 0.5461579197690097,
                "MIA": {
                    "1": 0.5461579197690097,
                    "best": {
                        "s": 1,
                        "ROC AUC": 0.5461579197690097
                    }
                }
            },
            "3": {
                "Member size": 31348.0,
                "Nonmember size": 2516.0,
                "ROC AUC Individual": 0.5461579197690097,
                "MIA": {
                    "1": 0.526006621296029,
                    "3": 0.5624272868519616,
                    "best": {
                        "s": 3,
                        "ROC AUC": 0.5624272868519616
                    }
                }
            },
            "5": {
                "Member size": 18440.0,
                "Nonmember size": 1480.0,
                "ROC AUC Individual": 0.5461579197690097,
                "MIA": {
                    "1": 0.5135367810869437,
                    "3": 0.5477004309081316,
                    "5": 0.5757600984932872,
                    "best": {
                        "s": 5,
                        "ROC AUC": 0.5757600984932872
                    }
                }
            },
            "8": {
                "Member size": 11986.0,
                "Nonmember size": 962.0,
                "ROC AUC Individual": 0.5461579197690097,
                "MIA": {
                    "1": 0.5000977405032137,
                    "3": 0.5280826591522403,
                    "5": 0.5551566050898605,
                    "8": 0.5898565651610871,
                    "best": {
                        "s": 8,
                        "ROC AUC": 0.5898565651610871
                    }
                }
            },
            "10": {
                "Member size": 9220.0,
                "Nonmember size": 740.0,
                "ROC AUC Individual": 0.5461579197690097,
                "MIA": {
                    "1": 0.4915808758867327,
                    "3": 0.5176084598698482,
                    "5": 0.5431105997537667,
                    "8": 0.5829375036641848,
                    "10": 0.5977635281702527,
                    "best": {
                        "s": 10,
                        "ROC AUC": 0.5977635281702527
                    }
                }
            },
            "30": {
                "Member size": 3688.0,
                "Nonmember size": 296.0,
                "ROC AUC Individual": 0.5461579197690097,
                "MIA": {
                    "1": 0.5019649190947998,