{
    "average": {
        "max": {
            "1": {
                "Member size": 76700.0,
                "Nonmember size": 23000.0,
                "ROC AUC Individual": 0.542903696716097,
                "MIA": {
                    "1": 0.542903696716097,
                    "best": {
                        "s": 1,
                        "ROC AUC": 0.542903696716097
                    }
                }
            },
            "3": {
                "Member size": 26078.0,
                "Nonmember size": 7820.0,
                "ROC AUC Individual": 0.542903696716097,
                "MIA": {
                    "1": 0.5697218758362638,
                    "3": 0.5646483392553115,
                    "best": {
                        "s": 1,
                        "ROC AUC": 0.5697218758362638
                    }
                }
            },
            "5": {
                "Member size": 15340.0,
                "Nonmember size": 4600.0,
                "ROC AUC Individual": 0.542903696716097,
                "MIA": {
                    "1": 0.5807022484650229,
                    "3": 0.5933062563096223,
                    "5": 0.5775935131615162,
                    "best": {
                        "s": 3,
                        "ROC AUC": 0.5933062563096223
                    }
                }
            },
            "8": {
                "Member size": 9971.0,
                "Nonmember size": 2990.0,
                "ROC AUC Individual": 0.542903696716097,
                "MIA": {
                    "1": 0.5852599796936199,
                    "3": 0.6008133049168711,
                    "5": 0.6063820473784224,
                    "8": 0.592647186269333,
                    "best": {
                        "s": 5,
                        "ROC AUC": 0.6063820473784224
                    }
                }
            },
            "10": {
                "Member size": 7670.0,
                "Nonmember size": 2300.0,
                "ROC AUC Individual": 0.542903696716097,
                "MIA": {
                    "1": 0.5823093538639469,
                    "3": 0.6018408916872288,
                    "5": 0.6139372674049197,
                    "8": 0.6180051234333244,
                    "10": 0.6033825398293882,
                    "best": {
                        "s": 8,
                        "ROC AUC": 0.6180051234333244
                    }
                }
            },
            "30": {
                "Member size": 3068.0,
                "Nonmember size": 920.0,
                "ROC AUC Individual": 0.542903696716097,
                "MIA": {
                    "1": 0.5598781205256518,
                    "3": 0.584019079367331,
                    "5": 0.5965965671324207,
                    "8": 0.5999723294358043,
                    "10": 0.5954052673402203,
                    "30": 0.6394790243978838,
                    "best": {
                        "s": 30,
                        "ROC AUC": 0.6394790243978838
                    }
                }
            },
            "50": {
                "Member size": 1534.0,
                "Nonmember size": 460.0,
                "ROC AUC Individual": 0.542903696716097,
                "MIA": {
                    "1": 0.5342398390113939,
                    "3": 0.5777847060824217,
                    "5": 0.60389829547066,
                    "8": 0.6304305255988194,
                    "10": 0.6440983653082075,
                    "30": 0.7111164717902145,
                    "50": 0.6840214746436986,
                    "best": {
                        "s": 30,
                        "ROC AUC": 0.7111164717902145
                    }
                }
            },
            "80": {
                "Member size": 1534.0,
                "Nonmember size": 460.0,
                "ROC AUC Individual": 0.542903696716097,
                "MIA": {
                    "1": 0.5389780908111784,
                    "3": 0.5614024148290913,
                    "5": 0.5755920474205167,
                    "8": 0.5850009926543578,
                    "10": 0.5886057460506537,
                    "30": 0.589071507681822,
                    "50": 0.6107812410963588,
                    "80": 0.6586673189739892,
                    "best": {
                        "s": 80,
                        "ROC AUC": 0.6586673189739892
                    }
                }
            },
            "100": {
                "Member size": 767.0,
                "Nonmember size": 230.0,
                "ROC AUC Individual": 0.542903696716097,
                "MIA": {
                    "1": 0.5015985488351,
                    "3": 0.5402443172155773,
                    "5": 0.571651266934981,
                    "8": 0.6057876537611246,
                    "10": 0.6216144209511933,
                    "30": 0.7064422749460779,
                    "50": 0.7449522938924755,
                    "80": 0.7626292635548192,
                    "100": 0.7163593724729096,
                    "best": {
                        "s": 80,
                        "ROC AUC": 0.7626292635548192
                    }
                }
            }
        },
        "min": {
            "1": {
                "Member size": 76700.0,
                "Nonmember size": 23000.0,
                "ROC AUC Individual": 0.542903696716097,
                "MIA": {
                    "1": 0.542903696716097,
                    "best": {
                        "s": 1,
                        "ROC AUC": 0.542903696716097
                    }
                }
            },
            "3": {
                "Member size": 26078.0,
                "Nonmember size": 7820.0,
                "ROC AUC Individual": 0.542903696716097,
                "MIA": {
                    "1": 0.5404121966201798,
                    "3": 0.5646483392553115,
                    "best": {
                        "s": 3,
                        "ROC AUC": 0.5646483392553115
                    }
                }
            },
            "5": {
                "Member size": 15340.0,
                "Nonmember size": 4600.0,
                "ROC AUC Individual": 0.542903696716097,
                "MIA": {
                    "1": 0.5368677422830056,
                    "3": 0.558225129249347,
                    "5": 0.5775935131615162,
                    "best": {
                        "s": 5,
                        "ROC AUC": 0.5775935131615162
                    }
                }
            },
            "8": {
                "Member size": 9971.0,
                "Nonmember size": 2990.0,
                "ROC AUC Individual": 0.542903696716097,
                "MIA": {
                    "1": 0.5380068466268371,
                    "3": 0.5534188948103126,
                    "5": 0.5680122089357619,
                    "8": 0.592647186269333,
                    "best": {
                        "s": 8,
                        "ROC AUC": 0.592647186269333
                    }
                }
            },
            "10": {
                "Member size": 7670.0,
                "Nonmember size": 2300.0,
                "ROC AUC Individual": 0.542903696716097,
                "MIA": {
                    "1": 0.5371970307252427,
                    "3": 0.5544009333297526,
                    "5": 0.5699304084991623,
                    "8": 0.5926822864621908,
                    "10": 0.6033825398293882,
                    "best": {
                        "s": 10,
                        "ROC AUC": 0.6033825398293882
                    }
                }
            },
            "30": {
                "Member size": 3068.0,
                "Nonmember size": 920.0,
                "ROC AUC Individual": 0.542903696716097,
                "MIA": {
                    "1": 0.5434255022735037,
                    "3": 0.5493146927971868,