{
    "average": {
        "max": {
            "1": {
                "Member size": 76700.0,
                "Nonmember size": 23000.0,
                "ROC AUC Individual": 0.5188256485512415,
                "MIA": {
                    "1": 0.5188256485512415,
                    "best": {
                        "s": 1,
                        "ROC AUC": 0.5188256485512415
                    }
                }
            },
            "3": {
                "Member size": 26078.0,
                "Nonmember size": 7820.0,
                "ROC AUC Individual": 0.5188256485512415,
                "MIA": {
                    "1": 0.5371792120408128,
                    "3": 0.5276861269178292,
                    "best": {
                        "s": 1,
                        "ROC AUC": 0.5371792120408128
                    }
                }
            },
            "5": {
                "Member size": 15340.0,
                "Nonmember size": 4600.0,
                "ROC AUC Individual": 0.5188256485512415,
                "MIA": {
                    "1": 0.5327819793975747,
                    "3": 0.5387449182399348,
                    "5": 0.5292231754823475,
                    "best": {
                        "s": 3,
                        "ROC AUC": 0.5387449182399348
                    }
                }
            },
            "8": {
                "Member size": 9971.0,
                "Nonmember size": 2990.0,
                "ROC AUC Individual": 0.5188256485512415,
                "MIA": {
                    "1": 0.5112444148230537,
                    "3": 0.5330871185625271,
                    "5": 0.5351473209252886,
                    "8": 0.5278942467763325,
                    "best": {
                        "s": 5,
                        "ROC AUC": 0.5351473209252886
                    }
                }
            },
            "10": {
                "Member size": 7670.0,
                "Nonmember size": 2300.0,
                "ROC AUC Individual": 0.5188256485512415,
                "MIA": {
                    "1": 0.4942497023978233,
                    "3": 0.5289759288608817,
                    "5": 0.5378742173387365,
                    "8": 0.5367207874673225,
                    "10": 0.5301398378161432,
                    "best": {
                        "s": 5,
                        "ROC AUC": 0.5378742173387365
                    }
                }
            },
            "30": {
                "Member size": 3068.0,
                "Nonmember size": 920.0,
                "ROC AUC Individual": 0.5188256485512415,
                "MIA": {
                    "1": 0.44297269145740037,
                    "3": 0.47009284485447067,
                    "5": 0.5011943987258801,
                    "8": 0.525198034608293,
                    "10": 0.5295127159636955,
                    "30": 0.5411551219609431,
                    "best": {
                        "s": 30,
                        "ROC AUC": 0.5411551219609431
                    }
                }
            },
            "50": {
                "Member size": 1534.0,
                "Nonmember size": 460.0,
                "ROC AUC Individual": 0.5188256485512415,
                "MIA": {
                    "1": 0.39498044328552806,
                    "3": 0.3935066039340173,
                    "5": 0.4256632277081798,
                    "8": 0.47693724845530305,
                    "10": 0.5046000793605805,
                    "30": 0.5650655579520945,
                    "50": 0.5534999291903235,
                    "best": {
                        "s": 30,
                        "ROC AUC": 0.5650655579520945
                    }
                }
            },
            "80": {
                "Member size": 1534.0,
                "Nonmember size": 460.0,
                "ROC AUC Individual": 0.5188256485512415,
                "MIA": {
                    "1": 0.43035258772178453,
                    "3": 0.44334504846664025,
                    "5": 0.4685717929822572,
                    "8": 0.49003457853863164,
                    "10": 0.49867921319653086,
                    "30": 0.5249054511331646,
                    "50": 0.5368497480140088,
                    "80": 0.53887165138179,
                    "best": {
                        "s": 80,
                        "ROC AUC": 0.53887165138179
                    }
                }
            },
            "100": {
                "Member size": 767.0,
                "Nonmember size": 230.0,
                "ROC AUC Individual": 0.5188256485512415,
                "MIA": {
                    "1": 0.39161612153506037,
                    "3": 0.3553540048750071,
                    "5": 0.35629499461481773,
                    "8": 0.3830281730060654,
                    "10": 0.4064225384048524,
                    "30": 0.5601836630576498,
                    "50": 0.5838720692010015,
                    "80": 0.5844321613767166,
                    "100": 0.5711051038561956,
                    "best": {
                        "s": 80,
                        "ROC AUC": 0.5844321613767166
                    }
                }
            }
        },
        "min": {
            "1": {
                "Member size": 76700.0,
                "Nonmember size": 23000.0,
                "ROC AUC Individual": 0.5188256485512415,
                "MIA": {
                    "1": 0.5188256485512415,
                    "best": {
                        "s": 1,
                        "ROC AUC": 0.5188256485512415
                    }
                }
            },
            "3": {
                "Member size": 26078.0,
                "Nonmember size": 7820.0,
                "ROC AUC Individual": 0.5188256485512415,
                "MIA": {
                    "1": 0.49379122784217266,
                    "3": 0.5276861269178292,
                    "best": {
                        "s": 3,
                        "ROC AUC": 0.5276861269178292
                    }
                }
            },
            "5": {
                "Member size": 15340.0,
                "Nonmember size": 4600.0,
                "ROC AUC Individual": 0.5188256485512415,
                "MIA": {
                    "1": 0.4838371634800753,
                    "3": 0.5183393024369214,
                    "5": 0.5292231754823475,
                    "best": {
                        "s": 5,
                        "ROC AUC": 0.5292231754823475
                    }
                }
            },
            "8": {
                "Member size": 9971.0,
                "Nonmember size": 2990.0,
                "ROC AUC Individual": 0.5188256485512415,
                "MIA": {
                    "1": 0.47257149336857296,
                    "3": 0.4954895301652644,
                    "5": 0.5235402504082012,
                    "8": 0.5278942467763325,
                    "best": {
                        "s": 8,
                        "ROC AUC": 0.5278942467763325
                    }
                }
            },
            "10": {
                "Member size": 7670.0,
                "Nonmember size": 2300.0,
                "ROC AUC Individual": 0.5188256485512415,
                "MIA": {
                    "1": 0.4650019002240563,
                    "3": 0.4816506907481542,
                    "5": 0.5072896925321984,
                    "8": 0.5530455201346272,
                    "10": 0.5301398378161432,
                    "best": {
                        "s": 8,
                        "ROC AUC": 0.5530455201346272
                    }
                }
            },
            "30": {
                "Member size": 3068.0,
                "Nonmember size": 920.0,
                "ROC AUC Individual": 0.5188256485512415,
                "MIA": {
                    "1": 0.4490630779852093,