{
    "average": {
        "max": {
            "1": {
                "Member size": 76700.0,
                "Nonmember size": 23000.0,
                "ROC AUC Individual": 0.5822737003197012,
                "MIA": {
                    "1": 0.5822737003197012,
                    "best": {
                        "s": 1,
                        "ROC AUC": 0.5822737003197012
                    }
                }
            },
            "3": {
                "Member size": 26078.0,
                "Nonmember size": 7820.0,
                "ROC AUC Individual": 0.5822737003197012,
                "MIA": {
                    "1": 0.6007011154622339,
                    "3": 0.6226031683688505,
                    "best": {
                        "s": 3,
                        "ROC AUC": 0.6226031683688505
                    }
                }
            },
            "5": {
                "Member size": 15340.0,
                "Nonmember size": 4600.0,
                "ROC AUC Individual": 0.5822737003197012,
                "MIA": {
                    "1": 0.6049080438420926,
                    "3": 0.6440029952216686,
                    "5": 0.649089972972452,
                    "best": {
                        "s": 5,
                        "ROC AUC": 0.649089972972452
                    }
                }
            },
            "8": {
                "Member size": 9971.0,
                "Nonmember size": 2990.0,
                "ROC AUC Individual": 0.5822737003197012,
                "MIA": {
                    "1": 0.6023348982953576,
                    "3": 0.6398616648063847,
                    "5": 0.6638590647261873,
                    "8": 0.6741406576456378,
                    "best": {
                        "s": 8,
                        "ROC AUC": 0.6741406576456378
                    }
                }
            },
            "10": {
                "Member size": 7670.0,
                "Nonmember size": 2300.0,
                "ROC AUC Individual": 0.5822737003197012,
                "MIA": {
                    "1": 0.5955700491933795,
                    "3": 0.6393699268068895,
                    "5": 0.670883022102781,
                    "8": 0.6996909232211062,
                    "10": 0.6892554373311603,
                    "best": {
                        "s": 8,
                        "ROC AUC": 0.6996909232211062
                    }
                }
            },
            "30": {
                "Member size": 3068.0,
                "Nonmember size": 920.0,
                "ROC AUC Individual": 0.5822737003197012,
                "MIA": {
                    "1": 0.5672624785585688,
                    "3": 0.6007892573113508,
                    "5": 0.6219691385151898,
                    "8": 0.6376309949232819,
                    "10": 0.636397616852259,
                    "30": 0.7497888326369171,
                    "best": {
                        "s": 30,
                        "ROC AUC": 0.7497888326369171
                    }
                }
            },
            "50": {
                "Member size": 1534.0,
                "Nonmember size": 460.0,
                "ROC AUC Individual": 0.5822737003197012,
                "MIA": {
                    "1": 0.5349909302193754,
                    "3": 0.5865001984014511,
                    "5": 0.6247449124199309,
                    "8": 0.6650111955104587,
                    "10": 0.6864236721274304,
                    "30": 0.808433478827731,
                    "50": 0.8141839649699525,
                    "best": {
                        "s": 50,
                        "ROC AUC": 0.8141839649699525
                    }
                }
            },
            "80": {
                "Member size": 1534.0,
                "Nonmember size": 460.0,
                "ROC AUC Individual": 0.5822737003197012,
                "MIA": {
                    "1": 0.528489031234057,
                    "3": 0.5594850065189048,
                    "5": 0.5780950626381725,
                    "8": 0.5957924720820815,
                    "10": 0.6042627968936001,
                    "30": 0.6353968208832145,
                    "50": 0.6749544730252673,
                    "80": 0.7827659260975858,
                    "best": {
                        "s": 80,
                        "ROC AUC": 0.7827659260975858
                    }
                }
            },
            "100": {
                "Member size": 767.0,
                "Nonmember size": 230.0,
                "ROC AUC Individual": 0.5822737003197012,
                "MIA": {
                    "1": 0.4852956181622357,
                    "3": 0.5240462558811859,
                    "5": 0.566365285414659,
                    "8": 0.6140014738393516,
                    "10": 0.6387789807834023,
                    "30": 0.776616971826994,
                    "50": 0.8381187837453823,
                    "80": 0.8828701335606707,
                    "100": 0.8606490145791457,
                    "best": {
                        "s": 80,
                        "ROC AUC": 0.8828701335606707
                    }
                }
            }
        },
        "min": {
            "1": {
                "Member size": 76700.0,
                "Nonmember size": 23000.0,
                "ROC AUC Individual": 0.5822737003197012,
                "MIA": {
                    "1": 0.5822737003197012,
                    "best": {
                        "s": 1,
                        "ROC AUC": 0.5822737003197012
                    }
                }
            },
            "3": {
                "Member size": 26078.0,
                "Nonmember size": 7820.0,
                "ROC AUC Individual": 0.5822737003197012,
                "MIA": {
                    "1": 0.6025775146942349,
                    "3": 0.6226031683688505,
                    "best": {
                        "s": 3,
                        "ROC AUC": 0.6226031683688505
                    }
                }
            },
            "5": {
                "Member size": 15340.0,
                "Nonmember size": 4600.0,
                "ROC AUC Individual": 0.5822737003197012,
                "MIA": {
                    "1": 0.6048086113729477,
                    "3": 0.6387564391043097,
                    "5": 0.649089972972452,
                    "best": {
                        "s": 5,
                        "ROC AUC": 0.649089972972452
                    }
                }
            },
            "8": {
                "Member size": 9971.0,
                "Nonmember size": 2990.0,
                "ROC AUC Individual": 0.5822737003197012,
                "MIA": {
                    "1": 0.604873565774352,
                    "3": 0.6363199770625761,
                    "5": 0.6584217905100718,
                    "8": 0.6741406576456378,
                    "best": {
                        "s": 8,
                        "ROC AUC": 0.6741406576456378
                    }
                }
            },
            "10": {
                "Member size": 7670.0,
                "Nonmember size": 2300.0,
                "ROC AUC Individual": 0.5822737003197012,
                "MIA": {
                    "1": 0.6064730045742956,
                    "3": 0.639949570075126,
                    "5": 0.6648516439773451,
                    "8": 0.691669979114543,
                    "10": 0.6892554373311603,
                    "best": {
                        "s": 8,
                        "ROC AUC": 0.691669979114543
                    }
                }
            },
            "30": {
                "Member size": 3068.0,
                "Nonmember size": 920.0,
                "ROC AUC Individual": 0.5822737003197012,
                "MIA": {
                    "1": 0.6033804596232736,