{
    "average": {
        "max": {
            "1": {
                "Member size": 400.0,
                "Nonmember size": 900.0,
                "ROC AUC Individual": 0.37453611111111107,
                "MIA": {
                    "1": 0.37453611111111107,
                    "best": {
                        "s": 1,
                        "ROC AUC": 0.37453611111111107
                    }
                }
            },
            "3": {
                "Member size": 136.0,
                "Nonmember size": 306.0,
                "ROC AUC Individual": 0.37453611111111107,
                "MIA": {
                    "1": 0.27688869665513266,
                    "3": 0.31576797385620914,
                    "best": {
                        "s": 3,
                        "ROC AUC": 0.31576797385620914
                    }
                }
            },
            "5": {
                "Member size": 80.0,
                "Nonmember size": 180.0,
                "ROC AUC Individual": 0.37453611111111107,
                "MIA": {
                    "1": 0.24562499999999998,
                    "3": 0.2628472222222222,
                    "5": 0.2947222222222222,
                    "best": {
                        "s": 5,
                        "ROC AUC": 0.2947222222222222
                    }
                }
            },
            "8": {
                "Member size": 52.0,
                "Nonmember size": 117.0,
                "ROC AUC Individual": 0.37453611111111107,
                "MIA": {
                    "1": 0.21614069690992768,
                    "3": 0.21400394477317555,
                    "5": 0.23964497041420119,
                    "8": 0.27564102564102566,
                    "best": {
                        "s": 8,
                        "ROC AUC": 0.27564102564102566
                    }
                }
            },
            "10": {
                "Member size": 40.0,
                "Nonmember size": 90.0,
                "ROC AUC Individual": 0.37453611111111107,
                "MIA": {
                    "1": 0.22472222222222224,
                    "3": 0.20750000000000002,
                    "5": 0.21,
                    "8": 0.2544444444444445,
                    "10": 0.27972222222222226,
                    "best": {
                        "s": 10,
                        "ROC AUC": 0.27972222222222226
                    }
                }
            },
            "30": {
                "Member size": 16.0,
                "Nonmember size": 36.0,
                "ROC AUC Individual": 0.37453611111111107,
                "MIA": {
                    "1": 0.16493055555555558,
                    "3": 0.17187500000000003,
                    "5": 0.14930555555555558,
                    "8": 0.1684027777777778,
                    "10": 0.20833333333333331,
                    "30": 0.2569444444444445,
                    "best": {
                        "s": 30,
                        "ROC AUC": 0.2569444444444445
                    }
                }
            },
            "50": {
                "Member size": 8.0,
                "Nonmember size": 18.0,
                "ROC AUC Individual": 0.37453611111111107,
                "MIA": {
                    "1": 0.1875,
                    "3": 0.1736111111111111,
                    "5": 0.1527777777777778,
                    "8": 0.13194444444444445,
                    "10": 0.13194444444444442,
                    "30": 0.18055555555555555,
                    "50": 0.2777777777777778,
                    "best": {
                        "s": 50,
                        "ROC AUC": 0.2777777777777778
                    }
                }
            },
            "80": {
                "Member size": 8.0,
                "Nonmember size": 18.0,
                "ROC AUC Individual": 0.37453611111111107,
                "MIA": {
                    "1": 0.18055555555555555,
                    "3": 0.1875,
                    "5": 0.1527777777777778,
                    "8": 0.13194444444444445,
                    "10": 0.15972222222222224,
                    "30": 0.22916666666666669,
                    "50": 0.26388888888888884,
                    "80": 0.26388888888888895,
                    "best": {
                        "s": 80,
                        "ROC AUC": 0.26388888888888895
                    }
                }
            },
            "100": {
                "Member size": 4.0,
                "Nonmember size": 9.0,
                "ROC AUC Individual": 0.37453611111111107,
                "MIA": {
                    "1": 0.22222222222222227,
                    "3": 0.2222222222222222,
                    "5": 0.1388888888888889,
                    "8": 0.1111111111111111,
                    "10": 0.1111111111111111,
                    "30": 0.1388888888888889,
                    "50": 0.1388888888888889,
                    "80": 0.25,
                    "100": 0.2777777777777778,
                    "best": {
                        "s": 100,
                        "ROC AUC": 0.2777777777777778
                    }
                }
            }
        },
        "min": {
            "1": {
                "Member size": 400.0,
                "Nonmember size": 900.0,
                "ROC AUC Individual": 0.37453611111111107,
                "MIA": {
                    "1": 0.37453611111111107,
                    "best": {
                        "s": 1,
                        "ROC AUC": 0.37453611111111107
                    }
                }
            },
            "3": {
                "Member size": 136.0,
                "Nonmember size": 306.0,
                "ROC AUC Individual": 0.37453611111111107,
                "MIA": {
                    "1": 0.4135428681276432,
                    "3": 0.31576797385620914,
                    "best": {
                        "s": 1,
                        "ROC AUC": 0.4135428681276432
                    }
                }
            },
            "5": {
                "Member size": 80.0,
                "Nonmember size": 180.0,
                "ROC AUC Individual": 0.37453611111111107,
                "MIA": {
                    "1": 0.4436111111111111,
                    "3": 0.3832638888888889,
                    "5": 0.2947222222222222,
                    "best": {
                        "s": 1,
                        "ROC AUC": 0.4436111111111111
                    }
                }
            },
            "8": {
                "Member size": 52.0,
                "Nonmember size": 117.0,
                "ROC AUC Individual": 0.37453611111111107,
                "MIA": {
                    "1": 0.4344181459566075,
                    "3": 0.4119000657462196,
                    "5": 0.38182117028270873,
                    "8": 0.27564102564102566,
                    "best": {
                        "s": 1,
                        "ROC AUC": 0.4344181459566075
                    }
                }
            },
            "10": {
                "Member size": 40.0,
                "Nonmember size": 90.0,
                "ROC AUC Individual": 0.37453611111111107,
                "MIA": {
                    "1": 0.4547222222222222,
                    "3": 0.43,
                    "5": 0.41194444444444445,
                    "8": 0.3458333333333333,
                    "10": 0.27972222222222226,
                    "best": {
                        "s": 1,
                        "ROC AUC": 0.4547222222222222
                    }
                }
            },
            "30": {
                "Member size": 16.0,
                "Nonmember size": 36.0,
                "ROC AUC Individual": 0.37453611111111107,
                "MIA": {
                    "1": 0.4913194444444444,
                    "3": 0.44791666666666663,