{
    "average": {
        "max": {
            "1": {
                "Member size": 76700.0,
                "Nonmember size": 23000.0,
                "ROC AUC Individual": 0.5398452196761123,
                "MIA": {
                    "1": 0.5398452196761123,
                    "best": {
                        "s": 1,
                        "ROC AUC": 0.5398452196761123
                    }
                }
            },
            "3": {
                "Member size": 26078.0,
                "Nonmember size": 7820.0,
                "ROC AUC Individual": 0.5398452196761123,
                "MIA": {
                    "1": 0.5425951172790047,
                    "3": 0.5676604328021813,
                    "best": {
                        "s": 3,
                        "ROC AUC": 0.5676604328021813
                    }
                }
            },
            "5": {
                "Member size": 15340.0,
                "Nonmember size": 4600.0,
                "ROC AUC Individual": 0.5398452196761123,
                "MIA": {
                    "1": 0.5403227987323329,
                    "3": 0.5664066058256503,
                    "5": 0.5853289730438157,
                    "best": {
                        "s": 5,
                        "ROC AUC": 0.5853289730438157
                    }
                }
            },
            "8": {
                "Member size": 9971.0,
                "Nonmember size": 2990.0,
                "ROC AUC Individual": 0.5398452196761123,
                "MIA": {
                    "1": 0.544198996487808,
                    "3": 0.563826284243358,
                    "5": 0.5797154019636037,
                    "8": 0.6009356092822276,
                    "best": {
                        "s": 8,
                        "ROC AUC": 0.6009356092822276
                    }
                }
            },
            "10": {
                "Member size": 7670.0,
                "Nonmember size": 2300.0,
                "ROC AUC Individual": 0.5398452196761123,
                "MIA": {
                    "1": 0.5401986540958233,
                    "3": 0.565170963441958,
                    "5": 0.5829116477256608,
                    "8": 0.6039818874185081,
                    "10": 0.6130919390748806,
                    "best": {
                        "s": 10,
                        "ROC AUC": 0.6130919390748806
                    }
                }
            },
            "30": {
                "Member size": 3068.0,
                "Nonmember size": 920.0,
                "ROC AUC Individual": 0.5398452196761123,
                "MIA": {
                    "1": 0.537600827887328,
                    "3": 0.5577567557982835,
                    "5": 0.5650139417073448,
                    "8": 0.56782729310932,
                    "10": 0.5681685634010671,
                    "30": 0.6479123707945837,
                    "best": {
                        "s": 30,
                        "ROC AUC": 0.6479123707945837
                    }
                }
            },
            "50": {
                "Member size": 1534.0,
                "Nonmember size": 460.0,
                "ROC AUC Individual": 0.5398452196761123,
                "MIA": {
                    "1": 0.5466215067173064,
                    "3": 0.5679099824273001,
                    "5": 0.5786905470943589,
                    "8": 0.5881604696673189,
                    "10": 0.5941858816188774,
                    "30": 0.6436073901691453,
                    "50": 0.6732812917973785,
                    "best": {
                        "s": 50,
                        "ROC AUC": 0.6732812917973785
                    }
                }
            },
            "80": {
                "Member size": 1534.0,
                "Nonmember size": 460.0,
                "ROC AUC Individual": 0.5398452196761123,
                "MIA": {
                    "1": 0.5470282296921943,
                    "3": 0.5537497874270166,
                    "5": 0.5521072633937434,
                    "8": 0.5531906747213478,
                    "10": 0.5553078646586687,
                    "30": 0.5701214666818027,
                    "50": 0.5914004745629138,
                    "80": 0.6640402713941782,
                    "best": {
                        "s": 80,
                        "ROC AUC": 0.6640402713941782
                    }
                }
            },
            "100": {
                "Member size": 767.0,
                "Nonmember size": 230.0,
                "ROC AUC Individual": 0.5398452196761123,
                "MIA": {
                    "1": 0.5552633070687603,
                    "3": 0.5734935661243694,
                    "5": 0.5817743217164264,
                    "8": 0.5950164604381882,
                    "10": 0.6012998070155522,
                    "30": 0.6311556362810762,
                    "50": 0.6556538726729488,
                    "80": 0.6833544012870605,
                    "100": 0.6963563688454518,
                    "best": {
                        "s": 100,
                        "ROC AUC": 0.6963563688454518
                    }
                }
            }
        },
        "min": {
            "1": {
                "Member size": 76700.0,
                "Nonmember size": 23000.0,
                "ROC AUC Individual": 0.5398452196761123,
                "MIA": {
                    "1": 0.5398452196761123,
                    "best": {
                        "s": 1,
                        "ROC AUC": 0.5398452196761123
                    }
                }
            },
            "3": {
                "Member size": 26078.0,
                "Nonmember size": 7820.0,
                "ROC AUC Individual": 0.5398452196761123,
                "MIA": {
                    "1": 0.562964001321542,
                    "3": 0.5676604328021813,
                    "best": {
                        "s": 3,
                        "ROC AUC": 0.5676604328021813
                    }
                }
            },
            "5": {
                "Member size": 15340.0,
                "Nonmember size": 4600.0,
                "ROC AUC Individual": 0.5398452196761123,
                "MIA": {
                    "1": 0.5766941424136317,
                    "3": 0.5859636059929725,
                    "5": 0.5853289730438157,
                    "best": {
                        "s": 3,
                        "ROC AUC": 0.5859636059929725
                    }
                }
            },
            "8": {
                "Member size": 9971.0,
                "Nonmember size": 2990.0,
                "ROC AUC Individual": 0.5398452196761123,
                "MIA": {
                    "1": 0.5800918121936686,
                    "3": 0.5934943220342397,
                    "5": 0.5978951048645875,
                    "8": 0.6009356092822276,
                    "best": {
                        "s": 8,
                        "ROC AUC": 0.6009356092822276
                    }
                }
            },
            "10": {
                "Member size": 7670.0,
                "Nonmember size": 2300.0,
                "ROC AUC Individual": 0.5398452196761123,
                "MIA": {
                    "1": 0.5833125794227104,
                    "3": 0.6045342111509487,
                    "5": 0.6113289124457564,
                    "8": 0.61480496325514,
                    "10": 0.6130919390748806,
                    "best": {
                        "s": 8,
                        "ROC AUC": 0.61480496325514
                    }
                }
            },
            "30": {
                "Member size": 3068.0,
                "Nonmember size": 920.0,
                "ROC AUC Individual": 0.5398452196761123,
                "MIA": {
                    "1": 0.5825579165660554,