{
    "average": {
        "max": {
            "1": {
                "Member size": 76700.0,
                "Nonmember size": 23000.0,
                "ROC AUC Individual": 0.49201781495459135,
                "MIA": {
                    "1": 0.49201781495459135,
                    "best": {
                        "s": 1,
                        "ROC AUC": 0.49201781495459135
                    }
                }
            },
            "3": {
                "Member size": 26078.0,
                "Nonmember size": 7820.0,
                "ROC AUC Individual": 0.49201781495459135,
                "MIA": {
                    "1": 0.48854206068341927,
                    "3": 0.48668926350732744,
                    "best": {
                        "s": 1,
                        "ROC AUC": 0.48854206068341927
                    }
                }
            },
            "5": {
                "Member size": 15340.0,
                "Nonmember size": 4600.0,
                "ROC AUC Individual": 0.49201781495459135,
                "MIA": {
                    "1": 0.48407585309574974,
                    "3": 0.4809714762531335,
                    "5": 0.4830374294922197,
                    "best": {
                        "s": 1,
                        "ROC AUC": 0.48407585309574974
                    }
                }
            },
            "8": {
                "Member size": 9971.0,
                "Nonmember size": 2990.0,
                "ROC AUC Individual": 0.49201781495459135,
                "MIA": {
                    "1": 0.48070107324619327,
                    "3": 0.4811119487132519,
                    "5": 0.4780644353792264,
                    "8": 0.4787817378580901,
                    "best": {
                        "s": 3,
                        "ROC AUC": 0.4811119487132519
                    }
                }
            },
            "10": {
                "Member size": 7670.0,
                "Nonmember size": 2300.0,
                "ROC AUC Individual": 0.49201781495459135,
                "MIA": {
                    "1": 0.4733488012155091,
                    "3": 0.47275967286380294,
                    "5": 0.47147780135245526,
                    "8": 0.46829480326399053,
                    "10": 0.47131069265456627,
                    "best": {
                        "s": 1,
                        "ROC AUC": 0.4733488012155091
                    }
                }
            },
            "30": {
                "Member size": 3068.0,
                "Nonmember size": 920.0,
                "ROC AUC Individual": 0.49201781495459135,
                "MIA": {
                    "1": 0.45862299939042545,
                    "3": 0.4531856869281509,
                    "5": 0.4605745088304135,
                    "8": 0.46679887047337953,
                    "10": 0.4685665938244977,
                    "30": 0.46260228669426706,
                    "best": {
                        "s": 10,
                        "ROC AUC": 0.4685665938244977
                    }
                }
            },
            "50": {
                "Member size": 1534.0,
                "Nonmember size": 460.0,
                "ROC AUC Individual": 0.49201781495459135,
                "MIA": {
                    "1": 0.44709483589365684,
                    "3": 0.4179241539595261,
                    "5": 0.4153620352250489,
                    "8": 0.4226296832014521,
                    "10": 0.4268574753093427,
                    "30": 0.43316709292412614,
                    "50": 0.4387596433481104,
                    "best": {
                        "s": 1,
                        "ROC AUC": 0.44709483589365684
                    }
                }
            },
            "80": {
                "Member size": 1534.0,
                "Nonmember size": 460.0,
                "ROC AUC Individual": 0.49201781495459135,
                "MIA": {
                    "1": 0.4601135139731307,
                    "3": 0.4464075165806928,
                    "5": 0.4508091944901083,
                    "8": 0.4594155660109971,
                    "10": 0.4637822967185683,
                    "30": 0.4718214863828699,
                    "50": 0.4630719512542354,
                    "80": 0.45721736567976573,
                    "best": {
                        "s": 30,
                        "ROC AUC": 0.4718214863828699
                    }
                }
            },
            "100": {
                "Member size": 767.0,
                "Nonmember size": 230.0,
                "ROC AUC Individual": 0.49201781495459135,
                "MIA": {
                    "1": 0.4459979592993594,
                    "3": 0.40901876310866736,
                    "5": 0.3899608865710561,
                    "8": 0.3872682954481038,
                    "10": 0.39022164276401566,
                    "30": 0.4165569304120786,
                    "50": 0.41594962675935954,
                    "80": 0.406824942791762,
                    "100": 0.4163027656477438,
                    "best": {
                        "s": 1,
                        "ROC AUC": 0.4459979592993594
                    }
                }
            }
        },
        "min": {
            "1": {
                "Member size": 76700.0,
                "Nonmember size": 23000.0,
                "ROC AUC Individual": 0.49201781495459135,
                "MIA": {
                    "1": 0.49201781495459135,
                    "best": {
                        "s": 1,
                        "ROC AUC": 0.49201781495459135
                    }
                }
            },
            "3": {
                "Member size": 26078.0,
                "Nonmember size": 7820.0,
                "ROC AUC Individual": 0.49201781495459135,
                "MIA": {
                    "1": 0.4905958975302702,
                    "3": 0.48668926350732744,
                    "best": {
                        "s": 1,
                        "ROC AUC": 0.4905958975302702
                    }
                }
            },
            "5": {
                "Member size": 15340.0,
                "Nonmember size": 4600.0,
                "ROC AUC Individual": 0.49201781495459135,
                "MIA": {
                    "1": 0.4935603603245984,
                    "3": 0.48716502227654684,
                    "5": 0.4830374294922197,
                    "best": {
                        "s": 1,
                        "ROC AUC": 0.4935603603245984
                    }
                }
            },
            "8": {
                "Member size": 9971.0,
                "Nonmember size": 2990.0,
                "ROC AUC Individual": 0.49201781495459135,
                "MIA": {
                    "1": 0.49966528339507,
                    "3": 0.4859847289707831,
                    "5": 0.48135965950270176,
                    "8": 0.4787817378580901,
                    "best": {
                        "s": 1,
                        "ROC AUC": 0.49966528339507
                    }
                }
            },
            "10": {
                "Member size": 7670.0,
                "Nonmember size": 2300.0,
                "ROC AUC Individual": 0.49201781495459135,
                "MIA": {
                    "1": 0.5049944964226747,
                    "3": 0.4851207697939308,
                    "5": 0.47792579522012574,
                    "8": 0.47723540057636166,
                    "10": 0.47131069265456627,
                    "best": {
                        "s": 1,
                        "ROC AUC": 0.5049944964226747
                    }
                }
            },
            "30": {
                "Member size": 3068.0,
                "Nonmember size": 920.0,
                "ROC AUC Individual": 0.49201781495459135,