{
    "average": {
        "max": {
            "1": {
                "Member size": 770.0,
                "Nonmember size": 230.0,
                "ROC AUC Individual": 0.6842236024844721,
                "MIA": {
                    "1": 0.6842236024844721,
                    "best": {
                        "s": 1,
                        "ROC AUC": 0.6842236024844721
                    }
                }
            },
            "3": {
                "Member size": 770.0,
                "Nonmember size": 230.0,
                "ROC AUC Individual": 0.68434908087082,
                "MIA": {
                    "1": 0.6928797289666855,
                    "3": 0.7951214003387916,
                    "best": {
                        "s": 3,
                        "ROC AUC": 0.7951214003387916
                    }
                }
            },
            "5": {
                "Member size": 770.0,
                "Nonmember size": 230.0,
                "ROC AUC Individual": 0.6787392433653303,
                "MIA": {
                    "1": 0.7058836815358555,
                    "3": 0.7740203274985884,
                    "5": 0.839424054206663,
                    "best": {
                        "s": 5,
                        "ROC AUC": 0.839424054206663
                    }
                }
            },
            "8": {
                "Member size": 770.0,
                "Nonmember size": 230.0,
                "ROC AUC Individual": 0.6732122564935065,
                "MIA": {
                    "1": 0.7205928853754942,
                    "3": 0.7692998306041785,
                    "5": 0.8114737436476568,
                    "8": 0.8721739130434782,
                    "best": {
                        "s": 8,
                        "ROC AUC": 0.8721739130434782
                    }
                }
            },
            "10": {
                "Member size": 770.0,
                "Nonmember size": 230.0,
                "ROC AUC Individual": 0.6747006211180124,
                "MIA": {
                    "1": 0.7463975155279503,
                    "3": 0.7849068322981367,
                    "5": 0.8193562958780349,
                    "8": 0.8659514398644832,
                    "10": 0.8994297007340486,
                    "best": {
                        "s": 10,
                        "ROC AUC": 0.8994297007340486
                    }
                }
            },
            "30": {
                "Member size": 770.0,
                "Nonmember size": 230.0,
                "ROC AUC Individual": 0.679854357236966,
                "MIA": {
                    "1": 0.8160417843026538,
                    "3": 0.8547487295313382,
                    "5": 0.8740146809712027,
                    "8": 0.8904799548277809,
                    "10": 0.8989215132693393,
                    "30": 0.9678430265386787,
                    "best": {
                        "s": 30,
                        "ROC AUC": 0.9678430265386787
                    }
                }
            }
        },
        "min": {
            "1": {
                "Member size": 770.0,
                "Nonmember size": 230.0,
                "ROC AUC Individual": 0.6842236024844721,
                "MIA": {
                    "1": 0.6842236024844721,
                    "best": {
                        "s": 1,
                        "ROC AUC": 0.6842236024844721
                    }
                }
            },
            "3": {
                "Member size": 770.0,
                "Nonmember size": 230.0,
                "ROC AUC Individual": 0.68434908087082,
                "MIA": {
                    "1": 0.7994579333709768,
                    "3": 0.7951214003387916,
                    "best": {
                        "s": 1,
                        "ROC AUC": 0.7994579333709768
                    }
                }
            },
            "5": {
                "Member size": 770.0,
                "Nonmember size": 230.0,
                "ROC AUC Individual": 0.6787392433653303,
                "MIA": {
                    "1": 0.8396555618294749,
                    "3": 0.8435742518351215,
                    "5": 0.839424054206663,
                    "best": {
                        "s": 3,
                        "ROC AUC": 0.8435742518351215
                    }
                }
            },
            "8": {
                "Member size": 770.0,
                "Nonmember size": 230.0,
                "ROC AUC Individual": 0.6732122564935065,
                "MIA": {
                    "1": 0.8665894974590627,
                    "3": 0.8770976849237717,
                    "5": 0.8763466967814793,
                    "8": 0.8721739130434782,
                    "best": {
                        "s": 3,
                        "ROC AUC": 0.8770976849237717
                    }
                }
            },
            "10": {
                "Member size": 770.0,
                "Nonmember size": 230.0,
                "ROC AUC Individual": 0.6747006211180124,
                "MIA": {
                    "1": 0.8819424054206663,
                    "3": 0.898447204968944,
                    "5": 0.8982326369282891,
                    "8": 0.8963805759457933,
                    "10": 0.8994297007340486,
                    "best": {
                        "s": 10,
                        "ROC AUC": 0.8994297007340486
                    }
                }
            },
            "30": {
                "Member size": 770.0,
                "Nonmember size": 230.0,
                "ROC AUC Individual": 0.679854357236966,
                "MIA": {
                    "1": 0.927673630717109,
                    "3": 0.9562394127611519,
                    "5": 0.9646414455110107,
                    "8": 0.9685996612083568,
                    "10": 0.9687577639751552,
                    "30": 0.9678430265386787,
                    "best": {
                        "s": 10,
                        "ROC AUC": 0.9687577639751552
                    }
                }
            }
        },
        "Total individual ROC AUC": 0.6818787031848188
    },
    "std": {
        "max": {
            "1": {
                "Member size": 0.0,
                "Nonmember size": 0.0,
                "ROC AUC Individual": 0.0,
                "MIA": {
                    "1": 0.0
                }
            },
            "3": {
                "Member size": 0.0,
                "Nonmember size": 0.0,
                "ROC AUC Individual": 0.0,
                "MIA": {
                    "1": 0.0,
                    "3": 0.0
                }
            },
            "5": {
                "Member size": 0.0,
                "Nonmember size": 0.0,
                "ROC AUC Individual": 0.0,
                "MIA": {
                    "1": 0.0,
                    "3": 0.0,
                    "5": 0.0
                }
            },
            "8": {
                "Member size": 0.0,
                "Nonmember size": 0.0,
                "ROC AUC Individual": 0.0,
                "MIA": {
                    "1": 0.0,
                    "3": 0.0,
                    "5": 0.0,
                    "8": 0.0
                }
            },
            "10": {
                "Member size": 0.0,
                "Nonmember size": 0.0,
                "ROC AUC Individual": 0.0,
                "MIA": {
                    "1": 0.0,
                    "3": 0.0,
                    "5": 0.0,
                    "8": 0.0,
                    "10": 0.0
                }
            },
            "30": {
                "Member size": 0.0,
                "Nonmember size": 0.0,
                "ROC AUC Individual": 0.0,
                "MIA": {
                    "1": 0.0,
                    "3": 0.0,
                    "5": 0.0,
                    "8": 0.0,