{
    "average": {
        "max": {
            "1": {
                "Member size": 76800.0,
                "Nonmember size": 23000.0,
                "ROC AUC Individual": 0.45761582203645335,
                "MIA": {
                    "1": 0.45761582203645335,
                    "best": {
                        "s": 1,
                        "ROC AUC": 0.45761582203645335
                    }
                }
            },
            "3": {
                "Member size": 26112.0,
                "Nonmember size": 7820.0,
                "ROC AUC Individual": 0.45761582203645335,
                "MIA": {
                    "1": 0.44973761047709004,
                    "3": 0.4318455715286019,
                    "best": {
                        "s": 1,
                        "ROC AUC": 0.44973761047709004
                    }
                }
            },
            "5": {
                "Member size": 15360.0,
                "Nonmember size": 4600.0,
                "ROC AUC Individual": 0.45761582203645335,
                "MIA": {
                    "1": 0.44470268979764177,
                    "3": 0.4248544210067803,
                    "5": 0.41599733552960305,
                    "best": {
                        "s": 1,
                        "ROC AUC": 0.44470268979764177
                    }
                }
            },
            "8": {
                "Member size": 9984.0,
                "Nonmember size": 2990.0,
                "ROC AUC Individual": 0.45761582203645335,
                "MIA": {
                    "1": 0.4406426973227374,
                    "3": 0.42523201312672926,
                    "5": 0.4131106468813081,
                    "8": 0.401312829507941,
                    "best": {
                        "s": 1,
                        "ROC AUC": 0.4406426973227374
                    }
                }
            },
            "10": {
                "Member size": 7680.0,
                "Nonmember size": 2300.0,
                "ROC AUC Individual": 0.45761582203645335,
                "MIA": {
                    "1": 0.4376801298907377,
                    "3": 0.4241937072152893,
                    "5": 0.4114367179215632,
                    "8": 0.38925509947168246,
                    "10": 0.38859319253127955,
                    "best": {
                        "s": 1,
                        "ROC AUC": 0.4376801298907377
                    }
                }
            },
            "30": {
                "Member size": 3072.0,
                "Nonmember size": 920.0,
                "ROC AUC Individual": 0.45761582203645335,
                "MIA": {
                    "1": 0.4232884860501345,
                    "3": 0.4216385743055733,
                    "5": 0.4232424330335558,
                    "8": 0.42415186265977234,
                    "10": 0.4265814424067206,
                    "30": 0.3509503524352895,
                    "best": {
                        "s": 10,
                        "ROC AUC": 0.4265814424067206
                    }
                }
            },
            "50": {
                "Member size": 1536.0,
                "Nonmember size": 460.0,
                "ROC AUC Individual": 0.45761582203645335,
                "MIA": {
                    "1": 0.4107462728870246,
                    "3": 0.39661504864006353,
                    "5": 0.3928713236336822,
                    "8": 0.3920530928273632,
                    "10": 0.3899954621515074,
                    "30": 0.35161460849146,
                    "50": 0.3143339513709884,
                    "best": {
                        "s": 1,
                        "ROC AUC": 0.4107462728870246
                    }
                }
            },
            "80": {
                "Member size": 1536.0,
                "Nonmember size": 460.0,
                "ROC AUC Individual": 0.45761582203645335,
                "MIA": {
                    "1": 0.430073408536931,
                    "3": 0.4267364360872401,
                    "5": 0.4280268867523185,
                    "8": 0.4314458719759494,
                    "10": 0.4332595932953288,
                    "30": 0.4299903246829683,
                    "50": 0.4060197681021483,
                    "80": 0.33253124248978605,
                    "best": {
                        "s": 10,
                        "ROC AUC": 0.4332595932953288
                    }
                }
            },
            "100": {
                "Member size": 768.0,
                "Nonmember size": 230.0,
                "ROC AUC Individual": 0.45761582203645335,
                "MIA": {
                    "1": 0.408202482852446,
                    "3": 0.39172382517997845,
                    "5": 0.38692817867467827,
                    "8": 0.38573776996768894,
                    "10": 0.3874780341250496,
                    "30": 0.3811518621393345,
                    "50": 0.34438284213597903,
                    "80": 0.2913177845666574,
                    "100": 0.2839509321363903,
                    "best": {
                        "s": 1,
                        "ROC AUC": 0.408202482852446
                    }
                }
            }
        },
        "min": {
            "1": {
                "Member size": 76800.0,
                "Nonmember size": 23000.0,
                "ROC AUC Individual": 0.45761582203645335,
                "MIA": {
                    "1": 0.45761582203645335,
                    "best": {
                        "s": 1,
                        "ROC AUC": 0.45761582203645335
                    }
                }
            },
            "3": {
                "Member size": 26112.0,
                "Nonmember size": 7820.0,
                "ROC AUC Individual": 0.45761582203645335,
                "MIA": {
                    "1": 0.4398733835926925,
                    "3": 0.4318455715286019,
                    "best": {
                        "s": 1,
                        "ROC AUC": 0.4398733835926925
                    }
                }
            },
            "5": {
                "Member size": 15360.0,
                "Nonmember size": 4600.0,
                "ROC AUC Individual": 0.45761582203645335,
                "MIA": {
                    "1": 0.4380593294284253,
                    "3": 0.4218437012170694,
                    "5": 0.41599733552960305,
                    "best": {
                        "s": 1,
                        "ROC AUC": 0.4380593294284253
                    }
                }
            },
            "8": {
                "Member size": 9984.0,
                "Nonmember size": 2990.0,
                "ROC AUC Individual": 0.45761582203645335,
                "MIA": {
                    "1": 0.44202185325763405,
                    "3": 0.418852177403398,
                    "5": 0.41009910416283646,
                    "8": 0.401312829507941,
                    "best": {
                        "s": 1,
                        "ROC AUC": 0.44202185325763405
                    }
                }
            },
            "10": {
                "Member size": 7680.0,
                "Nonmember size": 2300.0,
                "ROC AUC Individual": 0.45761582203645335,
                "MIA": {
                    "1": 0.4453927137988321,
                    "3": 0.41518154077455727,
                    "5": 0.3998637094181935,
                    "8": 0.3915961889521049,
                    "10": 0.38859319253127955,
                    "best": {
                        "s": 1,
                        "ROC AUC": 0.4453927137988321
                    }
                }
            },
            "30": {
                "Member size": 3072.0,
                "Nonmember size": 920.0,
                "ROC AUC Individual": 0.45761582203645335,