{
    "average": {
        "max": {
            "1": {
                "Member size": 76700.0,
                "Nonmember size": 23000.0,
                "ROC AUC Individual": 0.49383198428267455,
                "MIA": {
                    "1": 0.49383198428267455,
                    "best": {
                        "s": 1,
                        "ROC AUC": 0.49383198428267455
                    }
                }
            },
            "3": {
                "Member size": 26078.0,
                "Nonmember size": 7820.0,
                "ROC AUC Individual": 0.49383198428267455,
                "MIA": {
                    "1": 0.5036037597830599,
                    "3": 0.48988159639954637,
                    "best": {
                        "s": 1,
                        "ROC AUC": 0.5036037597830599
                    }
                }
            },
            "5": {
                "Member size": 15340.0,
                "Nonmember size": 4600.0,
                "ROC AUC Individual": 0.49383198428267455,
                "MIA": {
                    "1": 0.5049909715568608,
                    "3": 0.5007286216997155,
                    "5": 0.4876585275645343,
                    "best": {
                        "s": 1,
                        "ROC AUC": 0.5049909715568608
                    }
                }
            },
            "8": {
                "Member size": 9971.0,
                "Nonmember size": 2990.0,
                "ROC AUC Individual": 0.49383198428267455,
                "MIA": {
                    "1": 0.5058470232570775,
                    "3": 0.5067607744543201,
                    "5": 0.5017016492911095,
                    "8": 0.4830667769774313,
                    "best": {
                        "s": 3,
                        "ROC AUC": 0.5067607744543201
                    }
                }
            },
            "10": {
                "Member size": 7670.0,
                "Nonmember size": 2300.0,
                "ROC AUC Individual": 0.49383198428267455,
                "MIA": {
                    "1": 0.49713839455288655,
                    "3": 0.5043498111366962,
                    "5": 0.5029291244788564,
                    "8": 0.49127835847150814,
                    "10": 0.4780273114993315,
                    "best": {
                        "s": 3,
                        "ROC AUC": 0.5043498111366962
                    }
                }
            },
            "30": {
                "Member size": 3068.0,
                "Nonmember size": 920.0,
                "ROC AUC Individual": 0.49383198428267455,
                "MIA": {
                    "1": 0.4815463701960562,
                    "3": 0.4954503865522377,
                    "5": 0.5018582878218313,
                    "8": 0.5035232995247889,
                    "10": 0.5022952378249518,
                    "30": 0.4698355475205766,
                    "best": {
                        "s": 8,
                        "ROC AUC": 0.5035232995247889
                    }
                }
            },
            "50": {
                "Member size": 1534.0,
                "Nonmember size": 460.0,
                "ROC AUC Individual": 0.49383198428267455,
                "MIA": {
                    "1": 0.4660875233830282,
                    "3": 0.4729663851255598,
                    "5": 0.4808417708953743,
                    "8": 0.4935917070818798,
                    "10": 0.4997702714200629,
                    "30": 0.5007828928672918,
                    "50": 0.4577094571687287,
                    "best": {
                        "s": 30,
                        "ROC AUC": 0.5007828928672918
                    }
                }
            },
            "80": {
                "Member size": 1534.0,
                "Nonmember size": 460.0,
                "ROC AUC Individual": 0.49383198428267455,
                "MIA": {
                    "1": 0.4779065812595658,
                    "3": 0.48439714301910325,
                    "5": 0.4921404682274248,
                    "8": 0.49731732894960606,
                    "10": 0.4991397879938779,
                    "30": 0.49999077647860146,
                    "50": 0.49637064648304124,
                    "80": 0.4712662915899562,
                    "best": {
                        "s": 30,
                        "ROC AUC": 0.49999077647860146
                    }
                }
            },
            "100": {
                "Member size": 767.0,
                "Nonmember size": 230.0,
                "ROC AUC Individual": 0.49383198428267455,
                "MIA": {
                    "1": 0.441437560229012,
                    "3": 0.4475936738280143,
                    "5": 0.4536817640723315,
                    "8": 0.46166317102205084,
                    "10": 0.4689643444249192,
                    "30": 0.5111955104585908,
                    "50": 0.5080763163309632,
                    "80": 0.4760686065794834,
                    "100": 0.43929784431967844,
                    "best": {
                        "s": 30,
                        "ROC AUC": 0.5111955104585908
                    }
                }
            }
        },
        "min": {
            "1": {
                "Member size": 76700.0,
                "Nonmember size": 23000.0,
                "ROC AUC Individual": 0.49383198428267455,
                "MIA": {
                    "1": 0.49383198428267455,
                    "best": {
                        "s": 1,
                        "ROC AUC": 0.49383198428267455
                    }
                }
            },
            "3": {
                "Member size": 26078.0,
                "Nonmember size": 7820.0,
                "ROC AUC Individual": 0.49383198428267455,
                "MIA": {
                    "1": 0.4783329917976502,
                    "3": 0.48988159639954637,
                    "best": {
                        "s": 3,
                        "ROC AUC": 0.48988159639954637
                    }
                }
            },
            "5": {
                "Member size": 15340.0,
                "Nonmember size": 4600.0,
                "ROC AUC Individual": 0.49383198428267455,
                "MIA": {
                    "1": 0.46670252999478357,
                    "3": 0.47353271149957604,
                    "5": 0.4876585275645343,
                    "best": {
                        "s": 5,
                        "ROC AUC": 0.4876585275645343
                    }
                }
            },
            "8": {
                "Member size": 9971.0,
                "Nonmember size": 2990.0,
                "ROC AUC Individual": 0.49383198428267455,
                "MIA": {
                    "1": 0.46122189669148633,
                    "3": 0.45702821174130237,
                    "5": 0.4653490322218966,
                    "8": 0.4830667769774313,
                    "best": {
                        "s": 8,
                        "ROC AUC": 0.4830667769774313
                    }
                }
            },
            "10": {
                "Member size": 7670.0,
                "Nonmember size": 2300.0,
                "ROC AUC Individual": 0.49383198428267455,
                "MIA": {
                    "1": 0.4592200973495507,
                    "3": 0.44789119082756274,
                    "5": 0.4510741984538629,
                    "8": 0.4698989228841527,
                    "10": 0.4780273114993315,
                    "best": {
                        "s": 10,
                        "ROC AUC": 0.4780273114993315
                    }
                }
            },
            "30": {
                "Member size": 3068.0,
                "Nonmember size": 920.0,
                "ROC AUC Individual": 0.49383198428267455,