{
    "average": {
        "max": {
            "1": {
                "Member size": 76700.0,
                "Nonmember size": 23000.0,
                "ROC AUC Individual": 0.5044819330786434,
                "MIA": {
                    "1": 0.5044819330786434,
                    "best": {
                        "s": 1,
                        "ROC AUC": 0.5044819330786434
                    }
                }
            },
            "3": {
                "Member size": 26078.0,
                "Nonmember size": 7820.0,
                "ROC AUC Individual": 0.5044819330786434,
                "MIA": {
                    "1": 0.5079516248868967,
                    "3": 0.5055195748215859,
                    "best": {
                        "s": 1,
                        "ROC AUC": 0.5079516248868967
                    }
                }
            },
            "5": {
                "Member size": 15340.0,
                "Nonmember size": 4600.0,
                "ROC AUC Individual": 0.5044819330786434,
                "MIA": {
                    "1": 0.5091046465915727,
                    "3": 0.5070040631546892,
                    "5": 0.5058814587990642,
                    "best": {
                        "s": 1,
                        "ROC AUC": 0.5091046465915727
                    }
                }
            },
            "8": {
                "Member size": 9971.0,
                "Nonmember size": 2990.0,
                "ROC AUC Individual": 0.5044819330786434,
                "MIA": {
                    "1": 0.5040749612001896,
                    "3": 0.5057983763043361,
                    "5": 0.5041086397933929,
                    "8": 0.5018775839389676,
                    "best": {
                        "s": 3,
                        "ROC AUC": 0.5057983763043361
                    }
                }
            },
            "10": {
                "Member size": 7670.0,
                "Nonmember size": 2300.0,
                "ROC AUC Individual": 0.5044819330786434,
                "MIA": {
                    "1": 0.4991591813320503,
                    "3": 0.5029608024624311,
                    "5": 0.5028479900012653,
                    "8": 0.5043463407755209,
                    "10": 0.5028511973592065,
                    "best": {
                        "s": 8,
                        "ROC AUC": 0.5043463407755209
                    }
                }
            },
            "30": {
                "Member size": 3068.0,
                "Nonmember size": 920.0,
                "ROC AUC Individual": 0.5044819330786434,
                "MIA": {
                    "1": 0.4804027090628145,
                    "3": 0.48613554528572034,
                    "5": 0.49085106533788864,
                    "8": 0.4923820868430755,
                    "10": 0.4936520320590113,
                    "30": 0.49974709749436086,
                    "best": {
                        "s": 30,
                        "ROC AUC": 0.49974709749436086
                    }
                }
            },
            "50": {
                "Member size": 1534.0,
                "Nonmember size": 460.0,
                "ROC AUC Individual": 0.5044819330786434,
                "MIA": {
                    "1": 0.45232342270846326,
                    "3": 0.46276004761634826,
                    "5": 0.47571141091774843,
                    "8": 0.4875290516410634,
                    "10": 0.49125616461651833,
                    "30": 0.5016963324074599,
                    "50": 0.5017916993893202,
                    "best": {
                        "s": 50,
                        "ROC AUC": 0.5017916993893202
                    }
                }
            },
            "80": {
                "Member size": 1534.0,
                "Nonmember size": 460.0,
                "ROC AUC Individual": 0.5044819330786434,
                "MIA": {
                    "1": 0.45903647752394994,
                    "3": 0.47200413808740993,
                    "5": 0.4798721727793209,
                    "8": 0.48800804943030446,
                    "10": 0.4904512215860779,
                    "30": 0.49677680780276967,
                    "50": 0.49406542796118663,
                    "80": 0.5063278101785692,
                    "best": {
                        "s": 80,
                        "ROC AUC": 0.5063278101785692
                    }
                }
            },
            "100": {
                "Member size": 767.0,
                "Nonmember size": 230.0,
                "ROC AUC Individual": 0.5044819330786434,
                "MIA": {
                    "1": 0.43137010373561585,
                    "3": 0.42294654498044326,
                    "5": 0.4321296978629329,
                    "8": 0.44789977892409727,
                    "10": 0.45636301796950285,
                    "30": 0.4863839918371975,
                    "50": 0.4954560003658063,
                    "80": 0.5060643819017352,
                    "100": 0.510818835054643,
                    "best": {
                        "s": 100,
                        "ROC AUC": 0.510818835054643
                    }
                }
            }
        },
        "min": {
            "1": {
                "Member size": 76700.0,
                "Nonmember size": 23000.0,
                "ROC AUC Individual": 0.5044819330786434,
                "MIA": {
                    "1": 0.5044819330786434,
                    "best": {
                        "s": 1,
                        "ROC AUC": 0.5044819330786434
                    }
                }
            },
            "3": {
                "Member size": 26078.0,
                "Nonmember size": 7820.0,
                "ROC AUC Individual": 0.5044819330786434,
                "MIA": {
                    "1": 0.5027050829669482,
                    "3": 0.5055195748215859,
                    "best": {
                        "s": 3,
                        "ROC AUC": 0.5055195748215859
                    }
                }
            },
            "5": {
                "Member size": 15340.0,
                "Nonmember size": 4600.0,
                "ROC AUC Individual": 0.5044819330786434,
                "MIA": {
                    "1": 0.5038415211376495,
                    "3": 0.5063764350924588,
                    "5": 0.5058814587990642,
                    "best": {
                        "s": 3,
                        "ROC AUC": 0.5063764350924588
                    }
                }
            },
            "8": {
                "Member size": 9971.0,
                "Nonmember size": 2990.0,
                "ROC AUC Individual": 0.5044819330786434,
                "MIA": {
                    "1": 0.5023378319021332,
                    "3": 0.5050737355046921,
                    "5": 0.5061444015451275,
                    "8": 0.5018775839389676,
                    "best": {
                        "s": 5,
                        "ROC AUC": 0.5061444015451275
                    }
                }
            },
            "10": {
                "Member size": 7670.0,
                "Nonmember size": 2300.0,
                "ROC AUC Individual": 0.5044819330786434,
                "MIA": {
                    "1": 0.5039135257825562,
                    "3": 0.5061943448225592,
                    "5": 0.5091746383090844,
                    "8": 0.509714917485977,
                    "10": 0.5028511973592065,
                    "best": {
                        "s": 8,
                        "ROC AUC": 0.509714917485977
                    }
                }
            },
            "30": {
                "Member size": 3068.0,
                "Nonmember size": 920.0,
                "ROC AUC Individual": 0.5044819330786434,
                "MIA": {
                    "1": 0.5021498057233613,