{
    "average": {
        "max": {
            "1": {
                "Member size": 400.0,
                "Nonmember size": 900.0,
                "ROC AUC Individual": 0.4717055555555555,
                "MIA": {
                    "1": 0.4717055555555555,
                    "best": {
                        "s": 1,
                        "ROC AUC": 0.4717055555555555
                    }
                }
            },
            "3": {
                "Member size": 136.0,
                "Nonmember size": 306.0,
                "ROC AUC Individual": 0.4717055555555555,
                "MIA": {
                    "1": 0.5297241445597847,
                    "3": 0.46465301806997306,
                    "best": {
                        "s": 1,
                        "ROC AUC": 0.5297241445597847
                    }
                }
            },
            "5": {
                "Member size": 80.0,
                "Nonmember size": 180.0,
                "ROC AUC Individual": 0.4717055555555555,
                "MIA": {
                    "1": 0.5902777777777777,
                    "3": 0.5700000000000001,
                    "5": 0.46534722222222225,
                    "best": {
                        "s": 1,
                        "ROC AUC": 0.5902777777777777
                    }
                }
            },
            "8": {
                "Member size": 52.0,
                "Nonmember size": 117.0,
                "ROC AUC Individual": 0.4717055555555555,
                "MIA": {
                    "1": 0.6120973044049968,
                    "3": 0.5849769888231426,
                    "5": 0.5488165680473372,
                    "8": 0.4314595660749507,
                    "best": {
                        "s": 1,
                        "ROC AUC": 0.6120973044049968
                    }
                }
            },
            "10": {
                "Member size": 40.0,
                "Nonmember size": 90.0,
                "ROC AUC Individual": 0.4717055555555555,
                "MIA": {
                    "1": 0.6144444444444446,
                    "3": 0.6286111111111111,
                    "5": 0.6063888888888889,
                    "8": 0.5194444444444445,
                    "10": 0.43805555555555553,
                    "best": {
                        "s": 3,
                        "ROC AUC": 0.6286111111111111
                    }
                }
            },
            "30": {
                "Member size": 16.0,
                "Nonmember size": 36.0,
                "ROC AUC Individual": 0.4717055555555555,
                "MIA": {
                    "1": 0.6145833333333333,
                    "3": 0.5868055555555556,
                    "5": 0.5972222222222222,
                    "8": 0.5746527777777778,
                    "10": 0.5677083333333333,
                    "30": 0.3246527777777778,
                    "best": {
                        "s": 1,
                        "ROC AUC": 0.6145833333333333
                    }
                }
            },
            "50": {
                "Member size": 8.0,
                "Nonmember size": 18.0,
                "ROC AUC Individual": 0.4717055555555555,
                "MIA": {
                    "1": 0.6805555555555556,
                    "3": 0.6805555555555556,
                    "5": 0.6666666666666667,
                    "8": 0.6805555555555556,
                    "10": 0.6805555555555556,
                    "30": 0.6666666666666667,
                    "50": 0.32638888888888884,
                    "best": {
                        "s": 1,
                        "ROC AUC": 0.6805555555555556
                    }
                }
            },
            "80": {
                "Member size": 8.0,
                "Nonmember size": 18.0,
                "ROC AUC Individual": 0.4717055555555555,
                "MIA": {
                    "1": 0.5694444444444444,
                    "3": 0.5694444444444444,
                    "5": 0.5763888888888888,
                    "8": 0.5833333333333334,
                    "10": 0.576388888888889,
                    "30": 0.4861111111111111,
                    "50": 0.4652777777777778,
                    "80": 0.3194444444444444,
                    "best": {
                        "s": 8,
                        "ROC AUC": 0.5833333333333334
                    }
                }
            },
            "100": {
                "Member size": 4.0,
                "Nonmember size": 9.0,
                "ROC AUC Individual": 0.4717055555555555,
                "MIA": {
                    "1": 0.6666666666666667,
                    "3": 0.6388888888888888,
                    "5": 0.6388888888888888,
                    "8": 0.6666666666666667,
                    "10": 0.6666666666666667,
                    "30": 0.6666666666666667,
                    "50": 0.6666666666666667,
                    "80": 0.6666666666666667,
                    "100": 0.3611111111111111,
                    "best": {
                        "s": 1,
                        "ROC AUC": 0.6666666666666667
                    }
                }
            }
        },
        "min": {
            "1": {
                "Member size": 400.0,
                "Nonmember size": 900.0,
                "ROC AUC Individual": 0.4717055555555555,
                "MIA": {
                    "1": 0.4717055555555555,
                    "best": {
                        "s": 1,
                        "ROC AUC": 0.4717055555555555
                    }
                }
            },
            "3": {
                "Member size": 136.0,
                "Nonmember size": 306.0,
                "ROC AUC Individual": 0.4717055555555555,
                "MIA": {
                    "1": 0.4079680891964629,
                    "3": 0.46465301806997306,
                    "best": {
                        "s": 3,
                        "ROC AUC": 0.46465301806997306
                    }
                }
            },
            "5": {
                "Member size": 80.0,
                "Nonmember size": 180.0,
                "ROC AUC Individual": 0.4717055555555555,
                "MIA": {
                    "1": 0.38576388888888885,
                    "3": 0.3779861111111111,
                    "5": 0.46534722222222225,
                    "best": {
                        "s": 5,
                        "ROC AUC": 0.46534722222222225
                    }
                }
            },
            "8": {
                "Member size": 52.0,
                "Nonmember size": 117.0,
                "ROC AUC Individual": 0.4717055555555555,
                "MIA": {
                    "1": 0.3617685733070349,
                    "3": 0.36982248520710065,
                    "5": 0.35634451019066404,
                    "8": 0.4314595660749507,
                    "best": {
                        "s": 8,
                        "ROC AUC": 0.4314595660749507
                    }
                }
            },
            "10": {
                "Member size": 40.0,
                "Nonmember size": 90.0,
                "ROC AUC Individual": 0.4717055555555555,
                "MIA": {
                    "1": 0.3566666666666667,
                    "3": 0.36944444444444446,
                    "5": 0.37333333333333335,
                    "8": 0.36583333333333334,
                    "10": 0.43805555555555553,
                    "best": {
                        "s": 10,
                        "ROC AUC": 0.43805555555555553
                    }
                }
            },
            "30": {
                "Member size": 16.0,
                "Nonmember size": 36.0,
                "ROC AUC Individual": 0.4717055555555555,
                "MIA": {
                    "1": 0.3159722222222222,
                    "3": 0.3628472222222222,