{
    "average": {
        "max": {
            "1": {
                "Member size": 769.0,
                "Nonmember size": 229.0,
                "ROC AUC Individual": 0.5167659468146121,
                "MIA": {
                    "1": 0.5167659468146121,
                    "best": {
                        "s": 1,
                        "ROC AUC": 0.5167659468146121
                    }
                }
            },
            "3": {
                "Member size": 769.0,
                "Nonmember size": 229.0,
                "ROC AUC Individual": 0.518076747623996,
                "MIA": {
                    "1": 0.5192929057756628,
                    "3": 0.5462433489872289,
                    "best": {
                        "s": 3,
                        "ROC AUC": 0.5462433489872289
                    }
                }
            },
            "5": {
                "Member size": 769.0,
                "Nonmember size": 229.0,
                "ROC AUC Individual": 0.5154850909421298,
                "MIA": {
                    "1": 0.5151021288919427,
                    "3": 0.5250282508333286,
                    "5": 0.5476516317340617,
                    "best": {
                        "s": 5,
                        "ROC AUC": 0.5476516317340617
                    }
                }
            },
            "8": {
                "Member size": 769.0,
                "Nonmember size": 229.0,
                "ROC AUC Individual": 0.5252311706066405,
                "MIA": {
                    "1": 0.5242786809842079,
                    "3": 0.5298777406147608,
                    "5": 0.5418083940465983,
                    "8": 0.5732165064366471,
                    "best": {
                        "s": 8,
                        "ROC AUC": 0.5732165064366471
                    }
                }
            },
            "10": {
                "Member size": 769.0,
                "Nonmember size": 229.0,
                "ROC AUC Individual": 0.5298267755435802,
                "MIA": {
                    "1": 0.5229953265455619,
                    "3": 0.5279129590405506,
                    "5": 0.540150254683392,
                    "8": 0.5673164831545533,
                    "10": 0.588900687673551,
                    "best": {
                        "s": 10,
                        "ROC AUC": 0.588900687673551
                    }
                }
            },
            "30": {
                "Member size": 769.0,
                "Nonmember size": 229.0,
                "ROC AUC Individual": 0.5349085319297746,
                "MIA": {
                    "1": 0.4800966490820609,
                    "3": 0.48896939824305374,
                    "5": 0.5027171907030624,
                    "8": 0.5200907433802193,
                    "10": 0.5296165268794613,
                    "30": 0.6157888444173694,
                    "best": {
                        "s": 30,
                        "ROC AUC": 0.6157888444173694
                    }
                }
            }
        },
        "min": {
            "1": {
                "Member size": 769.0,
                "Nonmember size": 229.0,
                "ROC AUC Individual": 0.5167659468146121,
                "MIA": {
                    "1": 0.5167659468146121,
                    "best": {
                        "s": 1,
                        "ROC AUC": 0.5167659468146121
                    }
                }
            },
            "3": {
                "Member size": 769.0,
                "Nonmember size": 229.0,
                "ROC AUC Individual": 0.518076747623996,
                "MIA": {
                    "1": 0.5428646061067228,
                    "3": 0.5462433489872289,
                    "best": {
                        "s": 3,
                        "ROC AUC": 0.5462433489872289
                    }
                }
            },
            "5": {
                "Member size": 769.0,
                "Nonmember size": 229.0,
                "ROC AUC Individual": 0.5154850909421298,
                "MIA": {
                    "1": 0.5484352729399606,
                    "3": 0.5464761699252134,
                    "5": 0.5476516317340617,
                    "best": {
                        "s": 1,
                        "ROC AUC": 0.5484352729399606
                    }
                }
            },
            "8": {
                "Member size": 769.0,
                "Nonmember size": 229.0,
                "ROC AUC Individual": 0.5252311706066405,
                "MIA": {
                    "1": 0.5698377635561411,
                    "3": 0.582972271594142,
                    "5": 0.5826088437885077,
                    "8": 0.5732165064366471,
                    "best": {
                        "s": 3,
                        "ROC AUC": 0.582972271594142
                    }
                }
            },
            "10": {
                "Member size": 769.0,
                "Nonmember size": 229.0,
                "ROC AUC Individual": 0.5298267755435802,
                "MIA": {
                    "1": 0.5971629916922675,
                    "3": 0.6107290702494592,
                    "5": 0.6083213610371322,
                    "8": 0.60334126438805,
                    "10": 0.588900687673551,
                    "best": {
                        "s": 3,
                        "ROC AUC": 0.6107290702494592
                    }
                }
            },
            "30": {
                "Member size": 769.0,
                "Nonmember size": 229.0,
                "ROC AUC Individual": 0.5349085319297746,
                "MIA": {
                    "1": 0.6354591967109784,
                    "3": 0.6438805003946598,
                    "5": 0.6484347050840142,
                    "8": 0.6513761988858666,
                    "10": 0.6527133369723435,
                    "30": 0.6157888444173694,
                    "best": {
                        "s": 10,
                        "ROC AUC": 0.6527133369723435
                    }
                }
            }
        },
        "Total individual ROC AUC": 0.5339642315874544
    },
    "std": {
        "max": {
            "1": {
                "Member size": 0.0,
                "Nonmember size": 0.0,
                "ROC AUC Individual": 0.0,
                "MIA": {
                    "1": 0.0
                }
            },
            "3": {
                "Member size": 0.0,
                "Nonmember size": 0.0,
                "ROC AUC Individual": 0.0,
                "MIA": {
                    "1": 0.0,
                    "3": 0.0
                }
            },
            "5": {
                "Member size": 0.0,
                "Nonmember size": 0.0,
                "ROC AUC Individual": 0.0,
                "MIA": {
                    "1": 0.0,
                    "3": 0.0,
                    "5": 0.0
                }
            },
            "8": {
                "Member size": 0.0,
                "Nonmember size": 0.0,
                "ROC AUC Individual": 0.0,
                "MIA": {
                    "1": 0.0,
                    "3": 0.0,
                    "5": 0.0,
                    "8": 0.0
                }
            },
            "10": {
                "Member size": 0.0,
                "Nonmember size": 0.0,
                "ROC AUC Individual": 0.0,
                "MIA": {
                    "1": 0.0,
                    "3": 0.0,
                    "5": 0.0,
                    "8": 0.0,
                    "10": 0.0
                }
            },
            "30": {
                "Member size": 0.0,
                "Nonmember size": 0.0,
                "ROC AUC Individual": 0.0,
                "MIA": {
                    "1": 0.0,
                    "3": 0.0,
                    "5": 0.0,
                    "8": 0.0,