{
    "average": {
        "max": {
            "1": {
                "Member size": 767.0,
                "Nonmember size": 230.0,
                "ROC AUC Individual": 0.5957315344935095,
                "MIA": {
                    "1": 0.5957315344935095,
                    "best": {
                        "s": 1,
                        "ROC AUC": 0.5957315344935095
                    }
                }
            },
            "3": {
                "Member size": 767.0,
                "Nonmember size": 230.0,
                "ROC AUC Individual": 0.6034558188500356,
                "MIA": {
                    "1": 0.6436199761918259,
                    "3": 0.6640693378800796,
                    "best": {
                        "s": 3,
                        "ROC AUC": 0.6640693378800796
                    }
                }
            },
            "5": {
                "Member size": 767.0,
                "Nonmember size": 230.0,
                "ROC AUC Individual": 0.5950298402468912,
                "MIA": {
                    "1": 0.6494246357916218,
                    "3": 0.7008695652173913,
                    "5": 0.6860687457318462,
                    "best": {
                        "s": 3,
                        "ROC AUC": 0.7008695652173913
                    }
                }
            },
            "8": {
                "Member size": 767.0,
                "Nonmember size": 230.0,
                "ROC AUC Individual": 0.5849488954976286,
                "MIA": {
                    "1": 0.6507227481435293,
                    "3": 0.6934413185564081,
                    "5": 0.7081094923742317,
                    "8": 0.6786250853630776,
                    "best": {
                        "s": 5,
                        "ROC AUC": 0.7081094923742317
                    }
                }
            },
            "10": {
                "Member size": 767.0,
                "Nonmember size": 230.0,
                "ROC AUC Individual": 0.5868556093024311,
                "MIA": {
                    "1": 0.6540388866844282,
                    "3": 0.7041943734015345,
                    "5": 0.7300762576826769,
                    "8": 0.7312656498975643,
                    "10": 0.7047575688595493,
                    "best": {
                        "s": 8,
                        "ROC AUC": 0.7312656498975643
                    }
                }
            },
            "30": {
                "Member size": 767.0,
                "Nonmember size": 230.0,
                "ROC AUC Individual": 0.5919279053441027,
                "MIA": {
                    "1": 0.6802902329799898,
                    "3": 0.7442388466341242,
                    "5": 0.7830343966398002,
                    "8": 0.8135272023674026,
                    "10": 0.827441384020032,
                    "30": 0.8094856547642895,
                    "best": {
                        "s": 10,
                        "ROC AUC": 0.827441384020032
                    }
                }
            },
            "50": {
                "Member size": 767.0,
                "Nonmember size": 230.0,
                "ROC AUC Individual": 0.5925957482149654,
                "MIA": {
                    "1": 0.6849895130661527,
                    "3": 0.7446815756612555,
                    "5": 0.7784879100919514,
                    "8": 0.8167083997268382,
                    "10": 0.8343159572046438,
                    "30": 0.9085078534031413,
                    "50": 0.8581360606757068,
                    "best": {
                        "s": 30,
                        "ROC AUC": 0.9085078534031413
                    }
                }
            },
            "80": {
                "Member size": 767.0,
                "Nonmember size": 230.0,
                "ROC AUC Individual": 0.587040413990821,
                "MIA": {
                    "1": 0.656351680743722,
                    "3": 0.728960943257185,
                    "5": 0.7700810611643332,
                    "8": 0.8092285017856131,
                    "10": 0.8280766396462786,
                    "30": 0.9149417448138675,
                    "50": 0.9345594965675057,
                    "80": 0.8765466995090941,
                    "best": {
                        "s": 50,
                        "ROC AUC": 0.9345594965675057
                    }
                }
            },
            "100": {
                "Member size": 767.0,
                "Nonmember size": 230.0,
                "ROC AUC Individual": 0.5873979848955514,
                "MIA": {
                    "1": 0.6397993311036789,
                    "3": 0.7206054078566975,
                    "5": 0.7655688453035543,
                    "8": 0.8072766488818254,
                    "10": 0.827102962878874,
                    "30": 0.9157658425689117,
                    "50": 0.9386956521739132,
                    "80": 0.9375800915331809,
                    "100": 0.8897437674730251,
                    "best": {
                        "s": 50,
                        "ROC AUC": 0.9386956521739132
                    }
                }
            }
        },
        "min": {
            "1": {
                "Member size": 767.0,
                "Nonmember size": 230.0,
                "ROC AUC Individual": 0.5957315344935095,
                "MIA": {
                    "1": 0.5957315344935095,
                    "best": {
                        "s": 1,
                        "ROC AUC": 0.5957315344935095
                    }
                }
            },
            "3": {
                "Member size": 767.0,
                "Nonmember size": 230.0,
                "ROC AUC Individual": 0.6034558188500356,
                "MIA": {
                    "1": 0.6176520605407857,
                    "3": 0.6640693378800796,
                    "best": {
                        "s": 3,
                        "ROC AUC": 0.6640693378800796
                    }
                }
            },
            "5": {
                "Member size": 767.0,
                "Nonmember size": 230.0,
                "ROC AUC Individual": 0.5950298402468912,
                "MIA": {
                    "1": 0.6177597641857038,
                    "3": 0.6531230463199773,
                    "5": 0.6860687457318462,
                    "best": {
                        "s": 5,
                        "ROC AUC": 0.6860687457318462
                    }
                }
            },
            "8": {
                "Member size": 767.0,
                "Nonmember size": 230.0,
                "ROC AUC Individual": 0.5849488954976286,
                "MIA": {
                    "1": 0.601035738675165,
                    "3": 0.6243967675847941,
                    "5": 0.6496528568176645,
                    "8": 0.6786250853630776,
                    "best": {
                        "s": 8,
                        "ROC AUC": 0.6786250853630776
                    }
                }
            },
            "10": {
                "Member size": 767.0,
                "Nonmember size": 230.0,
                "ROC AUC Individual": 0.5868556093024311,
                "MIA": {
                    "1": 0.6057363988162986,
                    "3": 0.6298144775779649,
                    "5": 0.6524982927384475,
                    "8": 0.6884418392897793,
                    "10": 0.7047575688595493,
                    "best": {
                        "s": 10,
                        "ROC AUC": 0.7047575688595493
                    }
                }
            },
            "30": {
                "Member size": 767.0,
                "Nonmember size": 230.0,
                "ROC AUC Individual": 0.5919279053441027,
                "MIA": {
                    "1": 0.5894453462584879,
                    "3": 0.6282722513089005,