{"1": {"ROC AUC": 0.6896000000000001, "Group size": 100, "ROC AUC Individual": 0.6896000000000001}, "3": {"ROC AUC": 0.745, "Group size": 100, "ROC AUC Individual": 0.745}, "5": {"ROC AUC": 0.7661999999999999, "Group size": 100, "ROC AUC Individual": 0.7661999999999999}, "10": {"ROC AUC": 0.8367, "Group size": 100, "ROC AUC Individual": 0.8367}, "30": {"ROC AUC": 0.9325999999999999, "Group size": 100, "ROC AUC Individual": 0.9325999999999999}, "best": {"top k": 30, "ROC AUC": 0.9325999999999999}, "Individual ROC AUC": 0.6771274444444444, "Total individual ROC AUC": 0.7005654478011383}