{"1": {"ROC AUC": 0.6896000000000001, "Group size": 100}, "3": {"ROC AUC": 0.745, "Group size": 100}, "5": {"ROC AUC": 0.7661999999999999, "Group size": 100}, "10": {"ROC AUC": 0.8367, "Group size": 100}, "30": {"ROC AUC": 0.9325999999999999, "Group size": 100}, "best": {"top k": 30, "ROC AUC": 0.9325999999999999}, "individual ROC AUC": 0.7005654478011383}