{
    "average": {
        "max": {
            "1": {
                "Member size": 767.0,
                "Nonmember size": 230.0,
                "ROC AUC Individual": 0.5713111501615554,
                "MIA": {
                    "1": 0.5713111501615554,
                    "best": {
                        "s": 1,
                        "ROC AUC": 0.5713111501615554
                    }
                }
            },
            "3": {
                "Member size": 767.0,
                "Nonmember size": 230.0,
                "ROC AUC Individual": 0.5733154301492142,
                "MIA": {
                    "1": 0.5995124992914234,
                    "3": 0.6149303779482806,
                    "best": {
                        "s": 3,
                        "ROC AUC": 0.6149303779482806
                    }
                }
            },
            "5": {
                "Member size": 767.0,
                "Nonmember size": 230.0,
                "ROC AUC Individual": 0.565355813742398,
                "MIA": {
                    "1": 0.6046369253443682,
                    "3": 0.6391247513498153,
                    "5": 0.6273389483268836,
                    "best": {
                        "s": 3,
                        "ROC AUC": 0.6391247513498153
                    }
                }
            },
            "8": {
                "Member size": 767.0,
                "Nonmember size": 230.0,
                "ROC AUC Individual": 0.5622143925591419,
                "MIA": {
                    "1": 0.6025083612040134,
                    "3": 0.646844136678397,
                    "5": 0.6629951690821256,
                    "8": 0.6348736626451172,
                    "best": {
                        "s": 5,
                        "ROC AUC": 0.6629951690821256
                    }
                }
            },
            "10": {
                "Member size": 767.0,
                "Nonmember size": 230.0,
                "ROC AUC Individual": 0.564730125155239,
                "MIA": {
                    "1": 0.6018139561249363,
                    "3": 0.6497616074469292,
                    "5": 0.676317135549872,
                    "8": 0.6777948280761579,
                    "10": 0.6554404734805371,
                    "best": {
                        "s": 8,
                        "ROC AUC": 0.6777948280761579
                    }
                }
            },
            "30": {
                "Member size": 767.0,
                "Nonmember size": 230.0,
                "ROC AUC Individual": 0.5667247930948696,
                "MIA": {
                    "1": 0.6184910152485686,
                    "3": 0.6664717902145533,
                    "5": 0.699107701051435,
                    "8": 0.7313839158851946,
                    "10": 0.7468371696504689,
                    "30": 0.7254288118035565,
                    "best": {
                        "s": 10,
                        "ROC AUC": 0.7468371696504689
                    }
                }
            },
            "50": {
                "Member size": 767.0,
                "Nonmember size": 230.0,
                "ROC AUC Individual": 0.5657646565820128,
                "MIA": {
                    "1": 0.5987699110027775,
                    "3": 0.6506981496197071,
                    "5": 0.6841943734015346,
                    "8": 0.7186928104575163,
                    "10": 0.7353566354077863,
                    "30": 0.8218130150610968,
                    "50": 0.7608365892898183,
                    "best": {
                        "s": 30,
                        "ROC AUC": 0.8218130150610968
                    }
                }
            },
            "80": {
                "Member size": 767.0,
                "Nonmember size": 230.0,
                "ROC AUC Individual": 0.5627842588978804,
                "MIA": {
                    "1": 0.5652343971430192,
                    "3": 0.6113825746839748,
                    "5": 0.6526336701101146,
                    "8": 0.6968554887047338,
                    "10": 0.7180270178226814,
                    "30": 0.8273697354977863,
                    "50": 0.8559047020510769,
                    "80": 0.7824612207461077,
                    "best": {
                        "s": 50,
                        "ROC AUC": 0.8559047020510769
                    }
                }
            },
            "100": {
                "Member size": 767.0,
                "Nonmember size": 230.0,
                "ROC AUC Individual": 0.5624217968254484,
                "MIA": {
                    "1": 0.5445212856414036,
                    "3": 0.5941726659486424,
                    "5": 0.6359461913951641,
                    "8": 0.6818367578612783,
                    "10": 0.7034737200590305,
                    "30": 0.8176183448745602,
                    "50": 0.8604986876640419,
                    "80": 0.8521224932868651,
                    "100": 0.7944710149950325,
                    "best": {
                        "s": 50,
                        "ROC AUC": 0.8604986876640419
                    }
                }
            }
        },
        "min": {
            "1": {
                "Member size": 767.0,
                "Nonmember size": 230.0,
                "ROC AUC Individual": 0.5713111501615554,
                "MIA": {
                    "1": 0.5713111501615554,
                    "best": {
                        "s": 1,
                        "ROC AUC": 0.5713111501615554
                    }
                }
            },
            "3": {
                "Member size": 767.0,
                "Nonmember size": 230.0,
                "ROC AUC Individual": 0.5733154301492142,
                "MIA": {
                    "1": 0.5839464882943144,
                    "3": 0.6149303779482806,
                    "best": {
                        "s": 3,
                        "ROC AUC": 0.6149303779482806
                    }
                }
            },
            "5": {
                "Member size": 767.0,
                "Nonmember size": 230.0,
                "ROC AUC Individual": 0.565355813742398,
                "MIA": {
                    "1": 0.579706365852276,
                    "3": 0.5995453253765274,
                    "5": 0.6273389483268836,
                    "best": {
                        "s": 5,
                        "ROC AUC": 0.6273389483268836
                    }
                }
            },
            "8": {
                "Member size": 767.0,
                "Nonmember size": 230.0,
                "ROC AUC Individual": 0.5622143925591419,
                "MIA": {
                    "1": 0.5741627880576683,
                    "3": 0.5863931254268153,
                    "5": 0.6076371500113817,
                    "8": 0.6348736626451172,
                    "best": {
                        "s": 8,
                        "ROC AUC": 0.6348736626451172
                    }
                }
            },
            "10": {
                "Member size": 767.0,
                "Nonmember size": 230.0,
                "ROC AUC Individual": 0.564730125155239,
                "MIA": {
                    "1": 0.5928843421426542,
                    "3": 0.6005804689278398,
                    "5": 0.6160311859776917,
                    "8": 0.6446335078534031,
                    "10": 0.6554404734805371,
                    "best": {
                        "s": 10,
                        "ROC AUC": 0.6554404734805371
                    }
                }
            },
            "30": {
                "Member size": 767.0,
                "Nonmember size": 230.0,
                "ROC AUC Individual": 0.5667247930948696,
                "MIA": {
                    "1": 0.5821274652510204,
                    "3": 0.6090559912206499,