{
    "average": {
        "max": {
            "1": {
                "Member size": 76700.0,
                "Nonmember size": 23000.0,
                "ROC AUC Individual": 0.5624217968254484,
                "MIA": {
                    "1": 0.5624217968254484,
                    "best": {
                        "s": 1,
                        "ROC AUC": 0.5624217968254484
                    }
                }
            },
            "3": {
                "Member size": 26078.0,
                "Nonmember size": 7820.0,
                "ROC AUC Individual": 0.5624217968254484,
                "MIA": {
                    "1": 0.5975265083353671,
                    "3": 0.5935124492247057,
                    "best": {
                        "s": 1,
                        "ROC AUC": 0.5975265083353671
                    }
                }
            },
            "5": {
                "Member size": 15340.0,
                "Nonmember size": 4600.0,
                "ROC AUC Individual": 0.5624217968254484,
                "MIA": {
                    "1": 0.6110510199164337,
                    "3": 0.6320521648379385,
                    "5": 0.6170425854630832,
                    "best": {
                        "s": 3,
                        "ROC AUC": 0.6320521648379385
                    }
                }
            },
            "8": {
                "Member size": 9971.0,
                "Nonmember size": 2990.0,
                "ROC AUC Individual": 0.5624217968254484,
                "MIA": {
                    "1": 0.619734940357136,
                    "3": 0.6445597316093774,
                    "5": 0.650034109215931,
                    "8": 0.6367263298762128,
                    "best": {
                        "s": 5,
                        "ROC AUC": 0.650034109215931
                    }
                }
            },
            "10": {
                "Member size": 7670.0,
                "Nonmember size": 2300.0,
                "ROC AUC Individual": 0.5624217968254484,
                "MIA": {
                    "1": 0.6207999455742204,
                    "3": 0.6542578632405911,
                    "5": 0.6729674026504493,
                    "8": 0.6716161633357166,
                    "10": 0.6540269584787995,
                    "best": {
                        "s": 5,
                        "ROC AUC": 0.6729674026504493
                    }
                }
            },
            "30": {
                "Member size": 3068.0,
                "Nonmember size": 920.0,
                "ROC AUC Individual": 0.5624217968254484,
                "MIA": {
                    "1": 0.602268893267745,
                    "3": 0.6367862969004894,
                    "5": 0.6517407622885685,
                    "8": 0.6563617465092519,
                    "10": 0.65129484050403,
                    "30": 0.7039449587329317,
                    "best": {
                        "s": 30,
                        "ROC AUC": 0.7039449587329317
                    }
                }
            },
            "50": {
                "Member size": 1534.0,
                "Nonmember size": 460.0,
                "ROC AUC Individual": 0.5624217968254484,
                "MIA": {
                    "1": 0.5872810498271073,
                    "3": 0.639249553305539,
                    "5": 0.6754157679645816,
                    "8": 0.7132549097513906,
                    "10": 0.7316139743444204,
                    "30": 0.8103445339993189,
                    "50": 0.7502979013156296,
                    "best": {
                        "s": 30,
                        "ROC AUC": 0.8103445339993189
                    }
                }
            },
            "80": {
                "Member size": 1534.0,
                "Nonmember size": 460.0,
                "ROC AUC Individual": 0.5624217968254484,
                "MIA": {
                    "1": 0.5759409897398107,
                    "3": 0.6069808967745594,
                    "5": 0.6237528007033666,
                    "8": 0.6322255647633104,
                    "10": 0.6330755477352707,
                    "30": 0.636107957770462,
                    "50": 0.6637311010506535,
                    "80": 0.7336654950883834,
                    "best": {
                        "s": 80,
                        "ROC AUC": 0.7336654950883834
                    }
                }
            },
            "100": {
                "Member size": 767.0,
                "Nonmember size": 230.0,
                "ROC AUC Individual": 0.5624217968254484,
                "MIA": {
                    "1": 0.5445212856414036,
                    "3": 0.5941726659486424,
                    "5": 0.6359461913951641,
                    "8": 0.6818367578612783,
                    "10": 0.7034737200590305,
                    "30": 0.8176183448745602,
                    "50": 0.8604986876640419,
                    "80": 0.8521224932868651,
                    "100": 0.7944710149950325,
                    "best": {
                        "s": 50,
                        "ROC AUC": 0.8604986876640419
                    }
                }
            }
        },
        "min": {
            "1": {
                "Member size": 76700.0,
                "Nonmember size": 23000.0,
                "ROC AUC Individual": 0.5624217968254484,
                "MIA": {
                    "1": 0.5624217968254484,
                    "best": {
                        "s": 1,
                        "ROC AUC": 0.5624217968254484
                    }
                }
            },
            "3": {
                "Member size": 26078.0,
                "Nonmember size": 7820.0,
                "ROC AUC Individual": 0.5624217968254484,
                "MIA": {
                    "1": 0.5634738303882462,
                    "3": 0.5935124492247057,
                    "best": {
                        "s": 3,
                        "ROC AUC": 0.5935124492247057
                    }
                }
            },
            "5": {
                "Member size": 15340.0,
                "Nonmember size": 4600.0,
                "ROC AUC Individual": 0.5624217968254484,
                "MIA": {
                    "1": 0.5692538655848132,
                    "3": 0.5937536690365925,
                    "5": 0.6170425854630832,
                    "best": {
                        "s": 5,
                        "ROC AUC": 0.6170425854630832
                    }
                }
            },
            "8": {
                "Member size": 9971.0,
                "Nonmember size": 2990.0,
                "ROC AUC Individual": 0.5624217968254484,
                "MIA": {
                    "1": 0.5712093721991602,
                    "3": 0.5892126703547057,
                    "5": 0.6071540247589671,
                    "8": 0.6367263298762128,
                    "best": {
                        "s": 8,
                        "ROC AUC": 0.6367263298762128
                    }
                }
            },
            "10": {
                "Member size": 7670.0,
                "Nonmember size": 2300.0,
                "ROC AUC Individual": 0.5624217968254484,
                "MIA": {
                    "1": 0.5752990371576576,
                    "3": 0.5933257361375545,
                    "5": 0.6104965037585873,
                    "8": 0.6390086779102797,
                    "10": 0.6540269584787995,
                    "best": {
                        "s": 10,
                        "ROC AUC": 0.6540269584787995
                    }
                }
            },
            "30": {
                "Member size": 3068.0,
                "Nonmember size": 920.0,
                "ROC AUC Individual": 0.5624217968254484,
                "MIA": {
                    "1": 0.5777921891991074,