{
    "average": {
        "max": {
            "1": {
                "Member size": 76700.0,
                "Nonmember size": 23000.0,
                "ROC AUC Individual": 0.48043419939469945,
                "MIA": {
                    "1": 0.48043419939469945,
                    "best": {
                        "s": 1,
                        "ROC AUC": 0.48043419939469945
                    }
                }
            },
            "3": {
                "Member size": 26078.0,
                "Nonmember size": 7820.0,
                "ROC AUC Individual": 0.48043419939469945,
                "MIA": {
                    "1": 0.4598440366188602,
                    "3": 0.4664437218915771,
                    "best": {
                        "s": 3,
                        "ROC AUC": 0.4664437218915771
                    }
                }
            },
            "5": {
                "Member size": 15340.0,
                "Nonmember size": 4600.0,
                "ROC AUC Individual": 0.48043419939469945,
                "MIA": {
                    "1": 0.4449589293951895,
                    "3": 0.45135177040325297,
                    "5": 0.4571230040162875,
                    "best": {
                        "s": 5,
                        "ROC AUC": 0.4571230040162875
                    }
                }
            },
            "8": {
                "Member size": 9971.0,
                "Nonmember size": 2990.0,
                "ROC AUC Individual": 0.48043419939469945,
                "MIA": {
                    "1": 0.4341964922288138,
                    "3": 0.43884055248313425,
                    "5": 0.4440151718294012,
                    "8": 0.4473389113449191,
                    "best": {
                        "s": 8,
                        "ROC AUC": 0.4473389113449191
                    }
                }
            },
            "10": {
                "Member size": 7670.0,
                "Nonmember size": 2300.0,
                "ROC AUC Individual": 0.48043419939469945,
                "MIA": {
                    "1": 0.42533017969322795,
                    "3": 0.4259608612250358,
                    "5": 0.43074338165737847,
                    "8": 0.43672037700521715,
                    "10": 0.44154432794776316,
                    "best": {
                        "s": 10,
                        "ROC AUC": 0.44154432794776316
                    }
                }
            },
            "30": {
                "Member size": 3068.0,
                "Nonmember size": 920.0,
                "ROC AUC Individual": 0.48043419939469945,
                "MIA": {
                    "1": 0.4007701769654361,
                    "3": 0.4057595550549782,
                    "5": 0.41398070949114096,
                    "8": 0.4268274640895539,
                    "10": 0.4342236822799804,
                    "30": 0.42122770223856326,
                    "best": {
                        "s": 10,
                        "ROC AUC": 0.4342236822799804
                    }
                }
            },
            "50": {
                "Member size": 1534.0,
                "Nonmember size": 460.0,
                "ROC AUC Individual": 0.48043419939469945,
                "MIA": {
                    "1": 0.37129494706762906,
                    "3": 0.3749338725916825,
                    "5": 0.37641569537591657,
                    "8": 0.3761426531738312,
                    "10": 0.37612875825190684,
                    "30": 0.39239130744811024,
                    "50": 0.40604595393201603,
                    "best": {
                        "s": 50,
                        "ROC AUC": 0.40604595393201603
                    }
                }
            },
            "80": {
                "Member size": 1534.0,
                "Nonmember size": 460.0,
                "ROC AUC Individual": 0.48043419939469945,
                "MIA": {
                    "1": 0.400355937491137,
                    "3": 0.4023059665464459,
                    "5": 0.4102618351177122,
                    "8": 0.4203234600857637,
                    "10": 0.42623036946582227,
                    "30": 0.44378740093805596,
                    "50": 0.435686836839251,
                    "80": 0.4019700973793563,
                    "best": {
                        "s": 30,
                        "ROC AUC": 0.44378740093805596
                    }
                }
            },
            "100": {
                "Member size": 767.0,
                "Nonmember size": 230.0,
                "ROC AUC Individual": 0.48043419939469945,
                "MIA": {
                    "1": 0.37594240689303327,
                    "3": 0.36485460007936055,
                    "5": 0.3650643387563063,
                    "8": 0.36851085539368517,
                    "10": 0.3697749560682501,
                    "30": 0.3804518552242203,
                    "50": 0.37649735898887,
                    "80": 0.3919994315759557,
                    "100": 0.39230353337785834,
                    "best": {
                        "s": 100,
                        "ROC AUC": 0.39230353337785834
                    }
                }
            }
        },
        "min": {
            "1": {
                "Member size": 76700.0,
                "Nonmember size": 23000.0,
                "ROC AUC Individual": 0.48043419939469945,
                "MIA": {
                    "1": 0.48043419939469945,
                    "best": {
                        "s": 1,
                        "ROC AUC": 0.48043419939469945
                    }
                }
            },
            "3": {
                "Member size": 26078.0,
                "Nonmember size": 7820.0,
                "ROC AUC Individual": 0.48043419939469945,
                "MIA": {
                    "1": 0.4829695228796183,
                    "3": 0.4664437218915771,
                    "best": {
                        "s": 1,
                        "ROC AUC": 0.4829695228796183
                    }
                }
            },
            "5": {
                "Member size": 15340.0,
                "Nonmember size": 4600.0,
                "ROC AUC Individual": 0.48043419939469945,
                "MIA": {
                    "1": 0.482338651661684,
                    "3": 0.4731613317001786,
                    "5": 0.4571230040162875,
                    "best": {
                        "s": 1,
                        "ROC AUC": 0.482338651661684
                    }
                }
            },
            "8": {
                "Member size": 9971.0,
                "Nonmember size": 2990.0,
                "ROC AUC Individual": 0.48043419939469945,
                "MIA": {
                    "1": 0.4777873233229966,
                    "3": 0.47424606888928766,
                    "5": 0.46683537443066614,
                    "8": 0.4473389113449191,
                    "best": {
                        "s": 1,
                        "ROC AUC": 0.4777873233229966
                    }
                }
            },
            "10": {
                "Member size": 7670.0,
                "Nonmember size": 2300.0,
                "ROC AUC Individual": 0.48043419939469945,
                "MIA": {
                    "1": 0.4801732690529978,
                    "3": 0.4759621839337659,
                    "5": 0.4687326092379728,
                    "8": 0.45577856873144584,
                    "10": 0.44154432794776316,
                    "best": {
                        "s": 1,
                        "ROC AUC": 0.4801732690529978
                    }
                }
            },
            "30": {
                "Member size": 3068.0,
                "Nonmember size": 920.0,
                "ROC AUC Individual": 0.48043419939469945,