{
    "average": {
        "max": {
            "1": {
                "Member size": 76700.0,
                "Nonmember size": 23000.0,
                "ROC AUC Individual": 0.572476850416834,
                "MIA": {
                    "1": 0.572476850416834,
                    "best": {
                        "s": 1,
                        "ROC AUC": 0.572476850416834
                    }
                }
            },
            "3": {
                "Member size": 26078.0,
                "Nonmember size": 7820.0,
                "ROC AUC Individual": 0.572476850416834,
                "MIA": {
                    "1": 0.6072972744569631,
                    "3": 0.6100099376466361,
                    "best": {
                        "s": 3,
                        "ROC AUC": 0.6100099376466361
                    }
                }
            },
            "5": {
                "Member size": 15340.0,
                "Nonmember size": 4600.0,
                "ROC AUC Individual": 0.572476850416834,
                "MIA": {
                    "1": 0.6178526407841848,
                    "3": 0.6487589793910038,
                    "5": 0.6366174260285788,
                    "best": {
                        "s": 3,
                        "ROC AUC": 0.6487589793910038
                    }
                }
            },
            "8": {
                "Member size": 9971.0,
                "Nonmember size": 2990.0,
                "ROC AUC Individual": 0.572476850416834,
                "MIA": {
                    "1": 0.625715913943077,
                    "3": 0.6616040794152476,
                    "5": 0.6706143651977948,
                    "8": 0.6602870498386991,
                    "best": {
                        "s": 5,
                        "ROC AUC": 0.6706143651977948
                    }
                }
            },
            "10": {
                "Member size": 7670.0,
                "Nonmember size": 2300.0,
                "ROC AUC Individual": 0.572476850416834,
                "MIA": {
                    "1": 0.6238018391378048,
                    "3": 0.6717564048742852,
                    "5": 0.6939174117273306,
                    "8": 0.6967059344251132,
                    "10": 0.6789340733588705,
                    "best": {
                        "s": 8,
                        "ROC AUC": 0.6967059344251132
                    }
                }
            },
            "30": {
                "Member size": 3068.0,
                "Nonmember size": 920.0,
                "ROC AUC Individual": 0.572476850416834,
                "MIA": {
                    "1": 0.6121847578004281,
                    "3": 0.6490222354576136,
                    "5": 0.66684818060637,
                    "8": 0.6722033218867067,
                    "10": 0.6663476274264957,
                    "30": 0.7370180569897377,
                    "best": {
                        "s": 30,
                        "ROC AUC": 0.7370180569897377
                    }
                }
            },
            "50": {
                "Member size": 1534.0,
                "Nonmember size": 460.0,
                "ROC AUC Individual": 0.572476850416834,
                "MIA": {
                    "1": 0.6029335071707953,
                    "3": 0.661198344765036,
                    "5": 0.7010203503202765,
                    "8": 0.7417751496071925,
                    "10": 0.7637217618344874,
                    "30": 0.8480474514700874,
                    "50": 0.7821393677482666,
                    "best": {
                        "s": 30,
                        "ROC AUC": 0.8480474514700874
                    }
                }
            },
            "80": {
                "Member size": 1534.0,
                "Nonmember size": 460.0,
                "ROC AUC Individual": 0.572476850416834,
                "MIA": {
                    "1": 0.5950002834306445,
                    "3": 0.6275175726999602,
                    "5": 0.6457768833966329,
                    "8": 0.6533112113219319,
                    "10": 0.6518203504387584,
                    "30": 0.6521440945105501,
                    "50": 0.6828181092939769,
                    "80": 0.7666957057865094,
                    "best": {
                        "s": 80,
                        "ROC AUC": 0.7666957057865094
                    }
                }
            },
            "100": {
                "Member size": 767.0,
                "Nonmember size": 230.0,
                "ROC AUC Individual": 0.572476850416834,
                "MIA": {
                    "1": 0.5758517090867865,
                    "3": 0.6284224250325945,
                    "5": 0.673567258091945,
                    "8": 0.7225157304007709,
                    "10": 0.7465619862819568,
                    "30": 0.8640538086048359,
                    "50": 0.901350114416476,
                    "80": 0.8799885583524027,
                    "100": 0.8210588942029989,
                    "best": {
                        "s": 50,
                        "ROC AUC": 0.901350114416476
                    }
                }
            }
        },
        "min": {
            "1": {
                "Member size": 76700.0,
                "Nonmember size": 23000.0,
                "ROC AUC Individual": 0.572476850416834,
                "MIA": {
                    "1": 0.572476850416834,
                    "best": {
                        "s": 1,
                        "ROC AUC": 0.572476850416834
                    }
                }
            },
            "3": {
                "Member size": 26078.0,
                "Nonmember size": 7820.0,
                "ROC AUC Individual": 0.572476850416834,
                "MIA": {
                    "1": 0.5778414747003968,
                    "3": 0.6100099376466361,
                    "best": {
                        "s": 3,
                        "ROC AUC": 0.6100099376466361
                    }
                }
            },
            "5": {
                "Member size": 15340.0,
                "Nonmember size": 4600.0,
                "ROC AUC Individual": 0.572476850416834,
                "MIA": {
                    "1": 0.5815700191674087,
                    "3": 0.6131018567097639,
                    "5": 0.6366174260285788,
                    "best": {
                        "s": 5,
                        "ROC AUC": 0.6366174260285788
                    }
                }
            },
            "8": {
                "Member size": 9971.0,
                "Nonmember size": 2990.0,
                "ROC AUC Individual": 0.572476850416834,
                "MIA": {
                    "1": 0.5853550663678433,
                    "3": 0.6100245817047927,
                    "5": 0.6318270800278516,
                    "8": 0.6602870498386991,
                    "best": {
                        "s": 8,
                        "ROC AUC": 0.6602870498386991
                    }
                }
            },
            "10": {
                "Member size": 7670.0,
                "Nonmember size": 2300.0,
                "ROC AUC Individual": 0.572476850416834,
                "MIA": {
                    "1": 0.5835405388535175,
                    "3": 0.6143903678056534,
                    "5": 0.6353574199424001,
                    "8": 0.6650752914534899,
                    "10": 0.6789340733588705,
                    "best": {
                        "s": 10,
                        "ROC AUC": 0.6789340733588705
                    }
                }
            },
            "30": {
                "Member size": 3068.0,
                "Nonmember size": 920.0,
                "ROC AUC Individual": 0.572476850416834,
                "MIA": {
                    "1": 0.5776420426883224,
                    "3": 0.6035665641370779,