{
    "average": {
        "max": {
            "1": {
                "Member size": 76700.0,
                "Nonmember size": 23000.0,
                "ROC AUC Individual": 0.4817507645155157,
                "MIA": {
                    "1": 0.4817507645155157,
                    "best": {
                        "s": 1,
                        "ROC AUC": 0.4817507645155157
                    }
                }
            },
            "3": {
                "Member size": 26078.0,
                "Nonmember size": 7820.0,
                "ROC AUC Individual": 0.4817507645155157,
                "MIA": {
                    "1": 0.4874074619137888,
                    "3": 0.4718299368170772,
                    "best": {
                        "s": 1,
                        "ROC AUC": 0.4874074619137888
                    }
                }
            },
            "5": {
                "Member size": 15340.0,
                "Nonmember size": 4600.0,
                "ROC AUC Individual": 0.4817507645155157,
                "MIA": {
                    "1": 0.48858577348461385,
                    "3": 0.47752703559093657,
                    "5": 0.4661928224227931,
                    "best": {
                        "s": 1,
                        "ROC AUC": 0.48858577348461385
                    }
                }
            },
            "8": {
                "Member size": 9971.0,
                "Nonmember size": 2990.0,
                "ROC AUC Individual": 0.4817507645155157,
                "MIA": {
                    "1": 0.48687801824967014,
                    "3": 0.48553167719914037,
                    "5": 0.47326358314556405,
                    "8": 0.4603259238924333,
                    "best": {
                        "s": 1,
                        "ROC AUC": 0.48687801824967014
                    }
                }
            },
            "10": {
                "Member size": 7670.0,
                "Nonmember size": 2300.0,
                "ROC AUC Individual": 0.4817507645155157,
                "MIA": {
                    "1": 0.48654585584352095,
                    "3": 0.48512853865771666,
                    "5": 0.47561548410106497,
                    "8": 0.4571673171096271,
                    "10": 0.45379675099558353,
                    "best": {
                        "s": 1,
                        "ROC AUC": 0.48654585584352095
                    }
                }
            },
            "30": {
                "Member size": 3068.0,
                "Nonmember size": 920.0,
                "ROC AUC Individual": 0.4817507645155157,
                "MIA": {
                    "1": 0.48903895694736305,
                    "3": 0.48746743402902204,
                    "5": 0.48595080648430883,
                    "8": 0.4843134409783792,
                    "10": 0.48140316897633634,
                    "30": 0.4310116631639742,
                    "best": {
                        "s": 1,
                        "ROC AUC": 0.48903895694736305
                    }
                }
            },
            "50": {
                "Member size": 1534.0,
                "Nonmember size": 460.0,
                "ROC AUC Individual": 0.4817507645155157,
                "MIA": {
                    "1": 0.48239327601241866,
                    "3": 0.4843171385177222,
                    "5": 0.4872082572512614,
                    "8": 0.48859906596813374,
                    "10": 0.48831749119723317,
                    "30": 0.4552153105962612,
                    "50": 0.4172320491984099,
                    "best": {
                        "s": 8,
                        "ROC AUC": 0.48859906596813374
                    }
                }
            },
            "80": {
                "Member size": 1534.0,
                "Nonmember size": 460.0,
                "ROC AUC Individual": 0.4817507645155157,
                "MIA": {
                    "1": 0.4876925040415213,
                    "3": 0.49419390565984156,
                    "5": 0.4975861187629569,
                    "8": 0.49199585380399286,
                    "10": 0.48907931729758897,
                    "30": 0.4765464110802813,
                    "50": 0.4627947015623225,
                    "80": 0.42518417139006814,
                    "best": {
                        "s": 5,
                        "ROC AUC": 0.4975861187629569
                    }
                }
            },
            "100": {
                "Member size": 767.0,
                "Nonmember size": 230.0,
                "ROC AUC Individual": 0.4817507645155157,
                "MIA": {
                    "1": 0.49026132305424863,
                    "3": 0.4931660801453059,
                    "5": 0.49889885344533996,
                    "8": 0.4983880122601885,
                    "10": 0.4990350777613804,
                    "30": 0.492195481893518,
                    "50": 0.46323378564520384,
                    "80": 0.422322533066895,
                    "100": 0.4053430016219826,
                    "best": {
                        "s": 10,
                        "ROC AUC": 0.4990350777613804
                    }
                }
            }
        },
        "min": {
            "1": {
                "Member size": 76700.0,
                "Nonmember size": 23000.0,
                "ROC AUC Individual": 0.4817507645155157,
                "MIA": {
                    "1": 0.4817507645155157,
                    "best": {
                        "s": 1,
                        "ROC AUC": 0.4817507645155157
                    }
                }
            },
            "3": {
                "Member size": 26078.0,
                "Nonmember size": 7820.0,
                "ROC AUC Individual": 0.4817507645155157,
                "MIA": {
                    "1": 0.46754159229737424,
                    "3": 0.4718299368170772,
                    "best": {
                        "s": 3,
                        "ROC AUC": 0.4718299368170772
                    }
                }
            },
            "5": {
                "Member size": 15340.0,
                "Nonmember size": 4600.0,
                "ROC AUC Individual": 0.4817507645155157,
                "MIA": {
                    "1": 0.4641547523925844,
                    "3": 0.46024126113488106,
                    "5": 0.4661928224227931,
                    "best": {
                        "s": 5,
                        "ROC AUC": 0.4661928224227931
                    }
                }
            },
            "8": {
                "Member size": 9971.0,
                "Nonmember size": 2990.0,
                "ROC AUC Individual": 0.4817507645155157,
                "MIA": {
                    "1": 0.4713511875105759,
                    "3": 0.4580945647589988,
                    "5": 0.4544171121666243,
                    "8": 0.4603259238924333,
                    "best": {
                        "s": 1,
                        "ROC AUC": 0.4713511875105759
                    }
                }
            },
            "10": {
                "Member size": 7670.0,
                "Nonmember size": 2300.0,
                "ROC AUC Individual": 0.4817507645155157,
                "MIA": {
                    "1": 0.4737113422604814,
                    "3": 0.4546372831888268,
                    "5": 0.4499022147452353,
                    "8": 0.4497566644144906,
                    "10": 0.45379675099558353,
                    "best": {
                        "s": 1,
                        "ROC AUC": 0.4737113422604814
                    }
                }
            },
            "30": {
                "Member size": 3068.0,
                "Nonmember size": 920.0,
                "ROC AUC Individual": 0.4817507645155157,