{"1": {"ROC AUC": 0.5239, "Group size": 100, "ROC AUC Individual": 0.4761}, "3": {"ROC AUC": 0.527, "Group size": 100, "ROC AUC Individual": 0.473}, "5": {"ROC AUC": 0.5546, "Group size": 100, "ROC AUC Individual": 0.44539999999999996}, "10": {"ROC AUC": 0.5951, "Group size": 100, "ROC AUC Individual": 0.40490000000000004}, "30": {"ROC AUC": 0.6603000000000001, "Group size": 100, "ROC AUC Individual": 0.3397}, "best": {"top k": 30, "ROC AUC": 0.6603000000000001}, "Individual ROC AUC": 0.4533480555555556, "Total individual ROC AUC": 0.5551865572132528}