{"1": {"ROC AUC": 0.5239, "Group size": 100}, "3": {"ROC AUC": 0.527, "Group size": 100}, "5": {"ROC AUC": 0.5546, "Group size": 100}, "10": {"ROC AUC": 0.5951, "Group size": 100}, "30": {"ROC AUC": 0.6603000000000001, "Group size": 100}, "best": {"top k": 30, "ROC AUC": 0.6603000000000001}}