{
    "average": {
        "max": {
            "1": {
                "Member size": 76700.0,
                "Nonmember size": 23000.0,
                "ROC AUC Individual": 0.44814166083329654,
                "MIA": {
                    "1": 0.44814166083329654,
                    "best": {
                        "s": 1,
                        "ROC AUC": 0.44814166083329654
                    }
                }
            },
            "3": {
                "Member size": 26078.0,
                "Nonmember size": 7820.0,
                "ROC AUC Individual": 0.44814166083329654,
                "MIA": {
                    "1": 0.45233991998549755,
                    "3": 0.4264674963024464,
                    "best": {
                        "s": 1,
                        "ROC AUC": 0.45233991998549755
                    }
                }
            },
            "5": {
                "Member size": 15340.0,
                "Nonmember size": 4600.0,
                "ROC AUC Individual": 0.44814166083329654,
                "MIA": {
                    "1": 0.45585550522430784,
                    "3": 0.42943118564959354,
                    "5": 0.4045531118149318,
                    "best": {
                        "s": 1,
                        "ROC AUC": 0.45585550522430784
                    }
                }
            },
            "8": {
                "Member size": 9971.0,
                "Nonmember size": 2990.0,
                "ROC AUC Individual": 0.44814166083329654,
                "MIA": {
                    "1": 0.4539094645374596,
                    "3": 0.4347532534804382,
                    "5": 0.41607218724264505,
                    "8": 0.38767005123202747,
                    "best": {
                        "s": 1,
                        "ROC AUC": 0.4539094645374596
                    }
                }
            },
            "10": {
                "Member size": 7670.0,
                "Nonmember size": 2300.0,
                "ROC AUC Individual": 0.44814166083329654,
                "MIA": {
                    "1": 0.4510493120241288,
                    "3": 0.43360147574269214,
                    "5": 0.41729344422256515,
                    "8": 0.3902088500195797,
                    "10": 0.3754683442638508,
                    "best": {
                        "s": 1,
                        "ROC AUC": 0.4510493120241288
                    }
                }
            },
            "30": {
                "Member size": 3068.0,
                "Nonmember size": 920.0,
                "ROC AUC Individual": 0.44814166083329654,
                "MIA": {
                    "1": 0.4377528671269192,
                    "3": 0.4350789063054117,
                    "5": 0.43339190722746296,
                    "8": 0.42792137302758537,
                    "10": 0.42514899534566924,
                    "30": 0.33080359637685575,
                    "best": {
                        "s": 1,
                        "ROC AUC": 0.4377528671269192
                    }
                }
            },
            "50": {
                "Member size": 1534.0,
                "Nonmember size": 460.0,
                "ROC AUC Individual": 0.44814166083329654,
                "MIA": {
                    "1": 0.4101907488237629,
                    "3": 0.40217816727644007,
                    "5": 0.40079270540854817,
                    "8": 0.39717518931336676,
                    "10": 0.39299296174367127,
                    "30": 0.3466148865475818,
                    "50": 0.2803047534035136,
                    "best": {
                        "s": 1,
                        "ROC AUC": 0.4101907488237629
                    }
                }
            },
            "80": {
                "Member size": 1534.0,
                "Nonmember size": 460.0,
                "ROC AUC Individual": 0.44814166083329654,
                "MIA": {
                    "1": 0.4373717476333542,
                    "3": 0.4309492092285018,
                    "5": 0.434905901026019,
                    "8": 0.4401479507964401,
                    "10": 0.44048665041664303,
                    "30": 0.4203007412035328,
                    "50": 0.3903429873478444,
                    "80": 0.30585059587415614,
                    "best": {
                        "s": 10,
                        "ROC AUC": 0.44048665041664303
                    }
                }
            },
            "100": {
                "Member size": 767.0,
                "Nonmember size": 230.0,
                "ROC AUC Individual": 0.44814166083329654,
                "MIA": {
                    "1": 0.4007879371917692,
                    "3": 0.37993877898078343,
                    "5": 0.3760188443637189,
                    "8": 0.377801112498581,
                    "10": 0.3796628448178,
                    "30": 0.36557498013395384,
                    "50": 0.3366576958609966,
                    "80": 0.27997521073742315,
                    "100": 0.2348374575448811,
                    "best": {
                        "s": 1,
                        "ROC AUC": 0.4007879371917692
                    }
                }
            }
        },
        "min": {
            "1": {
                "Member size": 76700.0,
                "Nonmember size": 23000.0,
                "ROC AUC Individual": 0.44814166083329654,
                "MIA": {
                    "1": 0.44814166083329654,
                    "best": {
                        "s": 1,
                        "ROC AUC": 0.44814166083329654
                    }
                }
            },
            "3": {
                "Member size": 26078.0,
                "Nonmember size": 7820.0,
                "ROC AUC Individual": 0.44814166083329654,
                "MIA": {
                    "1": 0.420302392489341,
                    "3": 0.4264674963024464,
                    "best": {
                        "s": 3,
                        "ROC AUC": 0.4264674963024464
                    }
                }
            },
            "5": {
                "Member size": 15340.0,
                "Nonmember size": 4600.0,
                "ROC AUC Individual": 0.44814166083329654,
                "MIA": {
                    "1": 0.4050156292085454,
                    "3": 0.38674712078113965,
                    "5": 0.4045531118149318,
                    "best": {
                        "s": 1,
                        "ROC AUC": 0.4050156292085454
                    }
                }
            },
            "8": {
                "Member size": 9971.0,
                "Nonmember size": 2990.0,
                "ROC AUC Individual": 0.44814166083329654,
                "MIA": {
                    "1": 0.4029476201229945,
                    "3": 0.3817828127748188,
                    "5": 0.37487553035984905,
                    "8": 0.38767005123202747,
                    "best": {
                        "s": 1,
                        "ROC AUC": 0.4029476201229945
                    }
                }
            },
            "10": {
                "Member size": 7670.0,
                "Nonmember size": 2300.0,
                "ROC AUC Individual": 0.44814166083329654,
                "MIA": {
                    "1": 0.3965138809298209,
                    "3": 0.3702718384347372,
                    "5": 0.3554394375539066,
                    "8": 0.3534782489431959,
                    "10": 0.3754683442638508,
                    "best": {
                        "s": 1,
                        "ROC AUC": 0.3965138809298209
                    }
                }
            },
            "30": {
                "Member size": 3068.0,
                "Nonmember size": 920.0,
                "ROC AUC Individual": 0.44814166083329654,