{
    "average": {
        "max": {
            "1": {
                "Member size": 76700.0,
                "Nonmember size": 23000.0,
                "ROC AUC Individual": 0.5294449436959595,
                "MIA": {
                    "1": 0.5294449436959595,
                    "best": {
                        "s": 1,
                        "ROC AUC": 0.5294449436959595
                    }
                }
            },
            "3": {
                "Member size": 26078.0,
                "Nonmember size": 7820.0,
                "ROC AUC Individual": 0.5294449436959595,
                "MIA": {
                    "1": 0.5265484343376478,
                    "3": 0.5466961403330904,
                    "best": {
                        "s": 3,
                        "ROC AUC": 0.5466961403330904
                    }
                }
            },
            "5": {
                "Member size": 15340.0,
                "Nonmember size": 4600.0,
                "ROC AUC Individual": 0.5294449436959595,
                "MIA": {
                    "1": 0.5214511627841054,
                    "3": 0.5354844623276309,
                    "5": 0.5567741988287878,
                    "best": {
                        "s": 5,
                        "ROC AUC": 0.5567741988287878
                    }
                }
            },
            "8": {
                "Member size": 9971.0,
                "Nonmember size": 2990.0,
                "ROC AUC Individual": 0.5294449436959595,
                "MIA": {
                    "1": 0.5156277619813178,
                    "3": 0.5317118183425475,
                    "5": 0.5423510460774736,
                    "8": 0.5661085123363981,
                    "best": {
                        "s": 8,
                        "ROC AUC": 0.5661085123363981
                    }
                }
            },
            "10": {
                "Member size": 7670.0,
                "Nonmember size": 2300.0,
                "ROC AUC Individual": 0.5294449436959595,
                "MIA": {
                    "1": 0.5063534160680775,
                    "3": 0.5235770029151874,
                    "5": 0.5357327207237867,
                    "8": 0.5504262151841997,
                    "10": 0.5677782951550374,
                    "best": {
                        "s": 10,
                        "ROC AUC": 0.5677782951550374
                    }
                }
            },
            "30": {
                "Member size": 3068.0,
                "Nonmember size": 920.0,
                "ROC AUC Individual": 0.5294449436959595,
                "MIA": {
                    "1": 0.47780882749039566,
                    "3": 0.4916667848783602,
                    "5": 0.5058455840617551,
                    "8": 0.5179933164944943,
                    "10": 0.5218185946191395,
                    "30": 0.5873819981113291,
                    "best": {
                        "s": 30,
                        "ROC AUC": 0.5873819981113291
                    }
                }
            },
            "50": {
                "Member size": 1534.0,
                "Nonmember size": 460.0,
                "ROC AUC Individual": 0.5294449436959595,
                "MIA": {
                    "1": 0.45519882659713173,
                    "3": 0.45253812142168814,
                    "5": 0.4636404889531751,
                    "8": 0.48348422068339203,
                    "10": 0.4946602906118743,
                    "30": 0.5516942899307526,
                    "50": 0.5948799597171619,
                    "best": {
                        "s": 50,
                        "ROC AUC": 0.5948799597171619
                    }
                }
            },
            "80": {
                "Member size": 1534.0,
                "Nonmember size": 460.0,
                "ROC AUC Individual": 0.5294449436959595,
                "MIA": {
                    "1": 0.47777974604614254,
                    "3": 0.47418513689700126,
                    "5": 0.4847981973811009,
                    "8": 0.4988804489541409,
                    "10": 0.5050847457627119,
                    "30": 0.5314471927981143,
                    "50": 0.5462401412260471,
                    "80": 0.5963977186409691,
                    "best": {
                        "s": 80,
                        "ROC AUC": 0.5963977186409691
                    }
                }
            },
            "100": {
                "Member size": 767.0,
                "Nonmember size": 230.0,
                "ROC AUC Individual": 0.5294449436959595,
                "MIA": {
                    "1": 0.4559492092285018,
                    "3": 0.4294711184173233,
                    "5": 0.4273964060994275,
                    "8": 0.439907034748597,
                    "10": 0.45109687659429737,
                    "30": 0.5210239527755705,
                    "50": 0.5468732169348396,
                    "80": 0.5657551487414187,
                    "100": 0.5993218733393406,
                    "best": {
                        "s": 100,
                        "ROC AUC": 0.5993218733393406
                    }
                }
            }
        },
        "min": {
            "1": {
                "Member size": 76700.0,
                "Nonmember size": 23000.0,
                "ROC AUC Individual": 0.5294449436959595,
                "MIA": {
                    "1": 0.5294449436959595,
                    "best": {
                        "s": 1,
                        "ROC AUC": 0.5294449436959595
                    }
                }
            },
            "3": {
                "Member size": 26078.0,
                "Nonmember size": 7820.0,
                "ROC AUC Individual": 0.5294449436959595,
                "MIA": {
                    "1": 0.5515879717116244,
                    "3": 0.5466961403330904,
                    "best": {
                        "s": 1,
                        "ROC AUC": 0.5515879717116244
                    }
                }
            },
            "5": {
                "Member size": 15340.0,
                "Nonmember size": 4600.0,
                "ROC AUC Individual": 0.5294449436959595,
                "MIA": {
                    "1": 0.5699823566272166,
                    "3": 0.5703886626414796,
                    "5": 0.5567741988287878,
                    "best": {
                        "s": 3,
                        "ROC AUC": 0.5703886626414796
                    }
                }
            },
            "8": {
                "Member size": 9971.0,
                "Nonmember size": 2990.0,
                "ROC AUC Individual": 0.5294449436959595,
                "MIA": {
                    "1": 0.5867663121075469,
                    "3": 0.5801475613210904,
                    "5": 0.5778723362825561,
                    "8": 0.5661085123363981,
                    "best": {
                        "s": 1,
                        "ROC AUC": 0.5867663121075469
                    }
                }
            },
            "10": {
                "Member size": 7670.0,
                "Nonmember size": 2300.0,
                "ROC AUC Individual": 0.5294449436959595,
                "MIA": {
                    "1": 0.5987151958337116,
                    "3": 0.5931304234320642,
                    "5": 0.5875316015958767,
                    "8": 0.5882675136887744,
                    "10": 0.5677782951550374,
                    "best": {
                        "s": 1,
                        "ROC AUC": 0.5987151958337116
                    }
                }
            },
            "30": {
                "Member size": 3068.0,
                "Nonmember size": 920.0,
                "ROC AUC Individual": 0.5294449436959595,
                "MIA": {
                    "1": 0.6147738265378804,