{
    "average": {
        "max": {
            "1": {
                "Member size": 76700.0,
                "Nonmember size": 23000.0,
                "ROC AUC Individual": 0.5144790624610984,
                "MIA": {
                    "1": 0.5144790624610984,
                    "best": {
                        "s": 1,
                        "ROC AUC": 0.5144790624610984
                    }
                }
            },
            "3": {
                "Member size": 26078.0,
                "Nonmember size": 7820.0,
                "ROC AUC Individual": 0.5144790624610984,
                "MIA": {
                    "1": 0.5017271912367012,
                    "3": 0.5237540723428117,
                    "best": {
                        "s": 3,
                        "ROC AUC": 0.5237540723428117
                    }
                }
            },
            "5": {
                "Member size": 15340.0,
                "Nonmember size": 4600.0,
                "ROC AUC Individual": 0.5144790624610984,
                "MIA": {
                    "1": 0.4927213669374727,
                    "3": 0.5039111010919898,
                    "5": 0.5283845426068466,
                    "best": {
                        "s": 5,
                        "ROC AUC": 0.5283845426068466
                    }
                }
            },
            "8": {
                "Member size": 9971.0,
                "Nonmember size": 2990.0,
                "ROC AUC Individual": 0.5144790624610984,
                "MIA": {
                    "1": 0.49042329779772714,
                    "3": 0.50018425181316,
                    "5": 0.508308236578703,
                    "8": 0.5335993186529995,
                    "best": {
                        "s": 8,
                        "ROC AUC": 0.5335993186529995
                    }
                }
            },
            "10": {
                "Member size": 7670.0,
                "Nonmember size": 2300.0,
                "ROC AUC Individual": 0.5144790624610984,
                "MIA": {
                    "1": 0.48519890921666564,
                    "3": 0.4909924841884341,
                    "5": 0.49850945857795176,
                    "8": 0.5128549060542797,
                    "10": 0.5329413987620769,
                    "best": {
                        "s": 10,
                        "ROC AUC": 0.5329413987620769
                    }
                }
            },
            "30": {
                "Member size": 3068.0,
                "Nonmember size": 920.0,
                "ROC AUC Individual": 0.5144790624610984,
                "MIA": {
                    "1": 0.47284079471513024,
                    "3": 0.47413015098195027,
                    "5": 0.4819935577250539,
                    "8": 0.48840071233965265,
                    "10": 0.4916903167215348,
                    "30": 0.5423158750515682,
                    "best": {
                        "s": 30,
                        "ROC AUC": 0.5423158750515682
                    }
                }
            },
            "50": {
                "Member size": 1534.0,
                "Nonmember size": 460.0,
                "ROC AUC Individual": 0.5144790624610984,
                "MIA": {
                    "1": 0.45631837764299077,
                    "3": 0.44718369777929035,
                    "5": 0.447295379725281,
                    "8": 0.452412305596549,
                    "10": 0.4561712453172891,
                    "30": 0.4880789533431718,
                    "50": 0.5393251194108635,
                    "best": {
                        "s": 50,
                        "ROC AUC": 0.5393251194108635
                    }
                }
            },
            "80": {
                "Member size": 1534.0,
                "Nonmember size": 460.0,
                "ROC AUC Individual": 0.5144790624610984,
                "MIA": {
                    "1": 0.472812624000907,
                    "3": 0.4649975892679883,
                    "5": 0.47070393374741204,
                    "8": 0.47788366090927137,
                    "10": 0.48242150940185485,
                    "30": 0.5026197711072615,
                    "50": 0.5091910822584779,
                    "80": 0.5425880865222721,
                    "best": {
                        "s": 80,
                        "ROC AUC": 0.5425880865222721
                    }
                }
            },
            "100": {
                "Member size": 767.0,
                "Nonmember size": 230.0,
                "ROC AUC Individual": 0.5144790624610984,
                "MIA": {
                    "1": 0.4560569128734199,
                    "3": 0.433767926988266,
                    "5": 0.4273186513792712,
                    "8": 0.42890793506640934,
                    "10": 0.4330684527188103,
                    "30": 0.4570439323419231,
                    "50": 0.4696737702108209,
                    "80": 0.49426773455377576,
                    "100": 0.5373547284027633,
                    "best": {
                        "s": 100,
                        "ROC AUC": 0.5373547284027633
                    }
                }
            }
        },
        "min": {
            "1": {
                "Member size": 76700.0,
                "Nonmember size": 23000.0,
                "ROC AUC Individual": 0.5144790624610984,
                "MIA": {
                    "1": 0.5144790624610984,
                    "best": {
                        "s": 1,
                        "ROC AUC": 0.5144790624610984
                    }
                }
            },
            "3": {
                "Member size": 26078.0,
                "Nonmember size": 7820.0,
                "ROC AUC Individual": 0.5144790624610984,
                "MIA": {
                    "1": 0.5400375259266292,
                    "3": 0.5237540723428117,
                    "best": {
                        "s": 1,
                        "ROC AUC": 0.5400375259266292
                    }
                }
            },
            "5": {
                "Member size": 15340.0,
                "Nonmember size": 4600.0,
                "ROC AUC Individual": 0.5144790624610984,
                "MIA": {
                    "1": 0.5609587899235905,
                    "3": 0.5491914365040427,
                    "5": 0.5283845426068466,
                    "best": {
                        "s": 1,
                        "ROC AUC": 0.5609587899235905
                    }
                }
            },
            "8": {
                "Member size": 9971.0,
                "Nonmember size": 2990.0,
                "ROC AUC Individual": 0.5144790624610984,
                "MIA": {
                    "1": 0.5779395751800339,
                    "3": 0.5638702002795347,
                    "5": 0.551698729419285,
                    "8": 0.5335993186529995,
                    "best": {
                        "s": 1,
                        "ROC AUC": 0.5779395751800339
                    }
                }
            },
            "10": {
                "Member size": 7670.0,
                "Nonmember size": 2300.0,
                "ROC AUC Individual": 0.5144790624610984,
                "MIA": {
                    "1": 0.5904433772805664,
                    "3": 0.5784538004460764,
                    "5": 0.5637653219642551,
                    "8": 0.5512311392278106,
                    "10": 0.5329413987620769,
                    "best": {
                        "s": 1,
                        "ROC AUC": 0.5904433772805664
                    }
                }
            },
            "30": {
                "Member size": 3068.0,
                "Nonmember size": 920.0,
                "ROC AUC Individual": 0.5144790624610984,
                "MIA": {
                    "1": 0.6088068208067013,