{
    "average": {
        "max": {
            "1": {
                "Member size": 769.0,
                "Nonmember size": 229.0,
                "ROC AUC Individual": 0.5037336528469458,
                "MIA": {
                    "1": 0.5037336528469458,
                    "best": {
                        "s": 1,
                        "ROC AUC": 0.5037336528469458
                    }
                }
            },
            "3": {
                "Member size": 769.0,
                "Nonmember size": 229.0,
                "ROC AUC Individual": 0.524595418412035,
                "MIA": {
                    "1": 0.49806077194337345,
                    "3": 0.5294972771307375,
                    "best": {
                        "s": 3,
                        "ROC AUC": 0.5294972771307375
                    }
                }
            },
            "5": {
                "Member size": 769.0,
                "Nonmember size": 229.0,
                "ROC AUC Individual": 0.5355333586975656,
                "MIA": {
                    "1": 0.48095127228124773,
                    "3": 0.5211611518390016,
                    "5": 0.5502069834924277,
                    "best": {
                        "s": 5,
                        "ROC AUC": 0.5502069834924277
                    }
                }
            },
            "8": {
                "Member size": 769.0,
                "Nonmember size": 229.0,
                "ROC AUC Individual": 0.5438779627883998,
                "MIA": {
                    "1": 0.4906559304035752,
                    "3": 0.5231486476510638,
                    "5": 0.5477424886854703,
                    "8": 0.5846985536709048,
                    "best": {
                        "s": 8,
                        "ROC AUC": 0.5846985536709048
                    }
                }
            },
            "10": {
                "Member size": 769.0,
                "Nonmember size": 229.0,
                "ROC AUC Individual": 0.5429135139463681,
                "MIA": {
                    "1": 0.4986286278896769,
                    "3": 0.5277596379350485,
                    "5": 0.5498151628894782,
                    "8": 0.5775889972231845,
                    "10": 0.5981679858078602,
                    "best": {
                        "s": 10,
                        "ROC AUC": 0.5981679858078602
                    }
                }
            },
            "30": {
                "Member size": 769.0,
                "Nonmember size": 229.0,
                "ROC AUC Individual": 0.5372581197189551,
                "MIA": {
                    "1": 0.49248442655067265,
                    "3": 0.5059198982402144,
                    "5": 0.5196733692596862,
                    "8": 0.536317227045843,
                    "10": 0.5456868501598515,
                    "30": 0.6299482472970741,
                    "best": {
                        "s": 30,
                        "ROC AUC": 0.6299482472970741
                    }
                }
            }
        },
        "min": {
            "1": {
                "Member size": 769.0,
                "Nonmember size": 229.0,
                "ROC AUC Individual": 0.5037336528469458,
                "MIA": {
                    "1": 0.5037336528469458,
                    "best": {
                        "s": 1,
                        "ROC AUC": 0.5037336528469458
                    }
                }
            },
            "3": {
                "Member size": 769.0,
                "Nonmember size": 229.0,
                "ROC AUC Individual": 0.524595418412035,
                "MIA": {
                    "1": 0.5684919449634018,
                    "3": 0.5294972771307375,
                    "best": {
                        "s": 1,
                        "ROC AUC": 0.5684919449634018
                    }
                }
            },
            "5": {
                "Member size": 769.0,
                "Nonmember size": 229.0,
                "ROC AUC Individual": 0.5355333586975656,
                "MIA": {
                    "1": 0.6005985201674039,
                    "3": 0.5952038886775204,
                    "5": 0.5502069834924277,
                    "best": {
                        "s": 1,
                        "ROC AUC": 0.6005985201674039
                    }
                }
            },
            "8": {
                "Member size": 769.0,
                "Nonmember size": 229.0,
                "ROC AUC Individual": 0.5438779627883998,
                "MIA": {
                    "1": 0.62659496538918,
                    "3": 0.6347039483023946,
                    "5": 0.6325290600280521,
                    "8": 0.5846985536709048,
                    "best": {
                        "s": 3,
                        "ROC AUC": 0.6347039483023946
                    }
                }
            },
            "10": {
                "Member size": 769.0,
                "Nonmember size": 229.0,
                "ROC AUC Individual": 0.5429135139463681,
                "MIA": {
                    "1": 0.6214104405994287,
                    "3": 0.642614181634403,
                    "5": 0.6367652653874766,
                    "8": 0.6284688900119818,
                    "10": 0.5981679858078602,
                    "best": {
                        "s": 3,
                        "ROC AUC": 0.642614181634403
                    }
                }
            },
            "30": {
                "Member size": 769.0,
                "Nonmember size": 229.0,
                "ROC AUC Individual": 0.5372581197189551,
                "MIA": {
                    "1": 0.6445164990545199,
                    "3": 0.6553455119505284,
                    "5": 0.6628343340611353,
                    "8": 0.6652072670132029,
                    "10": 0.6661238990452224,
                    "30": 0.6299482472970741,
                    "best": {
                        "s": 10,
                        "ROC AUC": 0.6661238990452224
                    }
                }
            }
        },
        "Total individual ROC AUC": 0.5373035817097931
    },
    "std": {
        "max": {
            "1": {
                "Member size": 0.0,
                "Nonmember size": 0.0,
                "ROC AUC Individual": 0.0,
                "MIA": {
                    "1": 0.0
                }
            },
            "3": {
                "Member size": 0.0,
                "Nonmember size": 0.0,
                "ROC AUC Individual": 0.0,
                "MIA": {
                    "1": 0.0,
                    "3": 0.0
                }
            },
            "5": {
                "Member size": 0.0,
                "Nonmember size": 0.0,
                "ROC AUC Individual": 0.0,
                "MIA": {
                    "1": 0.0,
                    "3": 0.0,
                    "5": 0.0
                }
            },
            "8": {
                "Member size": 0.0,
                "Nonmember size": 0.0,
                "ROC AUC Individual": 0.0,
                "MIA": {
                    "1": 0.0,
                    "3": 0.0,
                    "5": 0.0,
                    "8": 0.0
                }
            },
            "10": {
                "Member size": 0.0,
                "Nonmember size": 0.0,
                "ROC AUC Individual": 0.0,
                "MIA": {
                    "1": 0.0,
                    "3": 0.0,
                    "5": 0.0,
                    "8": 0.0,
                    "10": 0.0
                }
            },
            "30": {
                "Member size": 0.0,
                "Nonmember size": 0.0,
                "ROC AUC Individual": 0.0,
                "MIA": {
                    "1": 0.0,
                    "3": 0.0,
                    "5": 0.0,
                    "8": 0.0,