{
    "average": {
        "max": {
            "1": {
                "Member size": 76700.0,
                "Nonmember size": 23000.0,
                "ROC AUC Individual": 0.5869210344702305,
                "MIA": {
                    "1": 0.5869210344702305,
                    "best": {
                        "s": 1,
                        "ROC AUC": 0.5869210344702305
                    }
                }
            },
            "3": {
                "Member size": 26078.0,
                "Nonmember size": 7820.0,
                "ROC AUC Individual": 0.5869210344702305,
                "MIA": {
                    "1": 0.6314909567760025,
                    "3": 0.6308057758016148,
                    "best": {
                        "s": 1,
                        "ROC AUC": 0.6314909567760025
                    }
                }
            },
            "5": {
                "Member size": 15340.0,
                "Nonmember size": 4600.0,
                "ROC AUC Individual": 0.5869210344702305,
                "MIA": {
                    "1": 0.6479841130582186,
                    "3": 0.6807412175727946,
                    "5": 0.6626221872084982,
                    "best": {
                        "s": 3,
                        "ROC AUC": 0.6807412175727946
                    }
                }
            },
            "8": {
                "Member size": 9971.0,
                "Nonmember size": 2990.0,
                "ROC AUC Individual": 0.5869210344702305,
                "MIA": {
                    "1": 0.6644806896521653,
                    "3": 0.7002037120793227,
                    "5": 0.7094290254830908,
                    "8": 0.6903313152240949,
                    "best": {
                        "s": 5,
                        "ROC AUC": 0.7094290254830908
                    }
                }
            },
            "10": {
                "Member size": 7670.0,
                "Nonmember size": 2300.0,
                "ROC AUC Individual": 0.5869210344702305,
                "MIA": {
                    "1": 0.6704681467455085,
                    "3": 0.7138998269945263,
                    "5": 0.7361159741762731,
                    "8": 0.7416446778568428,
                    "10": 0.7136542333130642,
                    "best": {
                        "s": 8,
                        "ROC AUC": 0.7416446778568428
                    }
                }
            },
            "30": {
                "Member size": 3068.0,
                "Nonmember size": 920.0,
                "ROC AUC Individual": 0.5869210344702305,
                "MIA": {
                    "1": 0.6634115266299032,
                    "3": 0.6999989360947585,
                    "5": 0.7132590963898149,
                    "8": 0.7106978658190487,
                    "10": 0.7012547536610285,
                    "30": 0.7833812620066398,
                    "best": {
                        "s": 30,
                        "ROC AUC": 0.7833812620066398
                    }
                }
            },
            "50": {
                "Member size": 1534.0,
                "Nonmember size": 460.0,
                "ROC AUC Individual": 0.5869210344702305,
                "MIA": {
                    "1": 0.6661831812255541,
                    "3": 0.7304957599478147,
                    "5": 0.7676579029467654,
                    "8": 0.8052673402202293,
                    "10": 0.8233922692700647,
                    "30": 0.8952307299352935,
                    "50": 0.8418812772062937,
                    "best": {
                        "s": 30,
                        "ROC AUC": 0.8952307299352935
                    }
                }
            },
            "80": {
                "Member size": 1534.0,
                "Nonmember size": 460.0,
                "ROC AUC Individual": 0.5869210344702305,
                "MIA": {
                    "1": 0.6456472138767644,
                    "3": 0.6788985885153903,
                    "5": 0.6902088883850122,
                    "8": 0.6931990816847118,
                    "10": 0.6900181513939703,
                    "30": 0.678009541930537,
                    "50": 0.7132629374241147,
                    "80": 0.8214580499158152,
                    "best": {
                        "s": 80,
                        "ROC AUC": 0.8214580499158152
                    }
                }
            },
            "100": {
                "Member size": 767.0,
                "Nonmember size": 230.0,
                "ROC AUC Individual": 0.5869210344702305,
                "MIA": {
                    "1": 0.6380222209625305,
                    "3": 0.7168187744458931,
                    "5": 0.7604274134119381,
                    "8": 0.7996768890652457,
                    "10": 0.8188254634091037,
                    "30": 0.9051594959700306,
                    "50": 0.9345322461252432,
                    "80": 0.9352495280285076,
                    "100": 0.888686721656154,
                    "best": {
                        "s": 80,
                        "ROC AUC": 0.9352495280285076
                    }
                }
            }
        },
        "min": {
            "1": {
                "Member size": 76700.0,
                "Nonmember size": 23000.0,
                "ROC AUC Individual": 0.5869210344702305,
                "MIA": {
                    "1": 0.5869210344702305,
                    "best": {
                        "s": 1,
                        "ROC AUC": 0.5869210344702305
                    }
                }
            },
            "3": {
                "Member size": 26078.0,
                "Nonmember size": 7820.0,
                "ROC AUC Individual": 0.5869210344702305,
                "MIA": {
                    "1": 0.5899279778249333,
                    "3": 0.6308057758016148,
                    "best": {
                        "s": 3,
                        "ROC AUC": 0.6308057758016148
                    }
                }
            },
            "5": {
                "Member size": 15340.0,
                "Nonmember size": 4600.0,
                "ROC AUC Individual": 0.5869210344702305,
                "MIA": {
                    "1": 0.5935301277071129,
                    "3": 0.6308333356966419,
                    "5": 0.6626221872084982,
                    "best": {
                        "s": 5,
                        "ROC AUC": 0.6626221872084982
                    }
                }
            },
            "8": {
                "Member size": 9971.0,
                "Nonmember size": 2990.0,
                "ROC AUC Individual": 0.5869210344702305,
                "MIA": {
                    "1": 0.5929613010083787,
                    "3": 0.6251407858222449,
                    "5": 0.6507261372479637,
                    "8": 0.6903313152240949,
                    "best": {
                        "s": 8,
                        "ROC AUC": 0.6903313152240949
                    }
                }
            },
            "10": {
                "Member size": 7670.0,
                "Nonmember size": 2300.0,
                "ROC AUC Individual": 0.5869210344702305,
                "MIA": {
                    "1": 0.5903828606448538,
                    "3": 0.6286406168194367,
                    "5": 0.656068196298311,
                    "8": 0.6920554080945177,
                    "10": 0.7136542333130642,
                    "best": {
                        "s": 10,
                        "ROC AUC": 0.7136542333130642
                    }
                }
            },
            "30": {
                "Member size": 3068.0,
                "Nonmember size": 920.0,
                "ROC AUC Individual": 0.5869210344702305,
                "MIA": {
                    "1": 0.5843366579269633,