{
    "average": {
        "max": {
            "1": {
                "Member size": 767.0,
                "Nonmember size": 230.0,
                "ROC AUC Individual": 0.5969049373618276,
                "MIA": {
                    "1": 0.5969049373618276,
                    "best": {
                        "s": 1,
                        "ROC AUC": 0.5969049373618276
                    }
                }
            },
            "3": {
                "Member size": 767.0,
                "Nonmember size": 230.0,
                "ROC AUC Individual": 0.6040086742187845,
                "MIA": {
                    "1": 0.6400147383935152,
                    "3": 0.6663711281614095,
                    "best": {
                        "s": 3,
                        "ROC AUC": 0.6663711281614095
                    }
                }
            },
            "5": {
                "Member size": 767.0,
                "Nonmember size": 230.0,
                "ROC AUC Individual": 0.593452845602251,
                "MIA": {
                    "1": 0.6545377246187858,
                    "3": 0.7017391304347826,
                    "5": 0.6842305941270203,
                    "best": {
                        "s": 3,
                        "ROC AUC": 0.7017391304347826
                    }
                }
            },
            "8": {
                "Member size": 767.0,
                "Nonmember size": 230.0,
                "ROC AUC Individual": 0.5843975747736763,
                "MIA": {
                    "1": 0.6558925230995976,
                    "3": 0.6976527422563228,
                    "5": 0.7107019039499858,
                    "8": 0.6784543592078305,
                    "best": {
                        "s": 5,
                        "ROC AUC": 0.7107019039499858
                    }
                }
            },
            "10": {
                "Member size": 767.0,
                "Nonmember size": 230.0,
                "ROC AUC Individual": 0.5867402078926626,
                "MIA": {
                    "1": 0.6597301740264156,
                    "3": 0.7079113384484229,
                    "5": 0.7333731173628872,
                    "8": 0.7317192384200056,
                    "10": 0.7042112451627589,
                    "best": {
                        "s": 5,
                        "ROC AUC": 0.7333731173628872
                    }
                }
            },
            "30": {
                "Member size": 767.0,
                "Nonmember size": 230.0,
                "ROC AUC Individual": 0.591844231992418,
                "MIA": {
                    "1": 0.6780567995011622,
                    "3": 0.7410318991940061,
                    "5": 0.7761720967192643,
                    "8": 0.8087411196362603,
                    "10": 0.8228246660983234,
                    "30": 0.8115002260669502,
                    "best": {
                        "s": 10,
                        "ROC AUC": 0.8228246660983234
                    }
                }
            },
            "50": {
                "Member size": 767.0,
                "Nonmember size": 230.0,
                "ROC AUC Individual": 0.5920429004124793,
                "MIA": {
                    "1": 0.684898815259906,
                    "3": 0.7383130888863663,
                    "5": 0.7735384266091498,
                    "8": 0.8096391020176186,
                    "10": 0.8269906223358908,
                    "30": 0.9049900539926117,
                    "50": 0.8563491151459434,
                    "best": {
                        "s": 30,
                        "ROC AUC": 0.9049900539926117
                    }
                }
            },
            "80": {
                "Member size": 767.0,
                "Nonmember size": 230.0,
                "ROC AUC Individual": 0.586547002815831,
                "MIA": {
                    "1": 0.660399070347486,
                    "3": 0.7255030893940253,
                    "5": 0.7665041664304745,
                    "8": 0.8042004421518056,
                    "10": 0.8216030837254124,
                    "30": 0.905024154589372,
                    "50": 0.9301023130906816,
                    "80": 0.8745103920901283,
                    "best": {
                        "s": 50,
                        "ROC AUC": 0.9301023130906816
                    }
                }
            },
            "100": {
                "Member size": 767.0,
                "Nonmember size": 230.0,
                "ROC AUC Individual": 0.5869210344702305,
                "MIA": {
                    "1": 0.6380222209625305,
                    "3": 0.7168187744458931,
                    "5": 0.7604274134119381,
                    "8": 0.7996768890652457,
                    "10": 0.8188254634091037,
                    "30": 0.9051594959700306,
                    "50": 0.9345322461252432,
                    "80": 0.9352495280285076,
                    "100": 0.888686721656154,
                    "best": {
                        "s": 80,
                        "ROC AUC": 0.9352495280285076
                    }
                }
            }
        },
        "min": {
            "1": {
                "Member size": 767.0,
                "Nonmember size": 230.0,
                "ROC AUC Individual": 0.5969049373618276,
                "MIA": {
                    "1": 0.5969049373618276,
                    "best": {
                        "s": 1,
                        "ROC AUC": 0.5969049373618276
                    }
                }
            },
            "3": {
                "Member size": 767.0,
                "Nonmember size": 230.0,
                "ROC AUC Individual": 0.6040086742187845,
                "MIA": {
                    "1": 0.6210702341137123,
                    "3": 0.6663711281614095,
                    "best": {
                        "s": 3,
                        "ROC AUC": 0.6663711281614095
                    }
                }
            },
            "5": {
                "Member size": 767.0,
                "Nonmember size": 230.0,
                "ROC AUC Individual": 0.593452845602251,
                "MIA": {
                    "1": 0.6204070064055325,
                    "3": 0.6501108269394715,
                    "5": 0.6842305941270203,
                    "best": {
                        "s": 5,
                        "ROC AUC": 0.6842305941270203
                    }
                }
            },
            "8": {
                "Member size": 767.0,
                "Nonmember size": 230.0,
                "ROC AUC Individual": 0.5843975747736763,
                "MIA": {
                    "1": 0.603057686842853,
                    "3": 0.6238561347598452,
                    "5": 0.6477350330070567,
                    "8": 0.6784543592078305,
                    "best": {
                        "s": 8,
                        "ROC AUC": 0.6784543592078305
                    }
                }
            },
            "10": {
                "Member size": 767.0,
                "Nonmember size": 230.0,
                "ROC AUC Individual": 0.5867402078926626,
                "MIA": {
                    "1": 0.6048138675760159,
                    "3": 0.6301559298884589,
                    "5": 0.6504268153881174,
                    "8": 0.6854712041884816,
                    "10": 0.7042112451627589,
                    "best": {
                        "s": 10,
                        "ROC AUC": 0.7042112451627589
                    }
                }
            },
            "30": {
                "Member size": 767.0,
                "Nonmember size": 230.0,
                "ROC AUC Individual": 0.591844231992418,
                "MIA": {
                    "1": 0.5931101407083941,
                    "3": 0.6315530762020165,