{
    "average": {
        "max": {
            "1": {
                "Member size": 76700.0,
                "Nonmember size": 23000.0,
                "ROC AUC Individual": 0.3706972279340062,
                "MIA": {
                    "1": 0.3706972279340062,
                    "best": {
                        "s": 1,
                        "ROC AUC": 0.3706972279340062
                    }
                }
            },
            "3": {
                "Member size": 26078.0,
                "Nonmember size": 7820.0,
                "ROC AUC Individual": 0.3706972279340062,
                "MIA": {
                    "1": 0.3581448829681959,
                    "3": 0.3103307260006584,
                    "best": {
                        "s": 1,
                        "ROC AUC": 0.3581448829681959
                    }
                }
            },
            "5": {
                "Member size": 15340.0,
                "Nonmember size": 4600.0,
                "ROC AUC Individual": 0.3706972279340062,
                "MIA": {
                    "1": 0.3532902013753848,
                    "3": 0.2967734859742057,
                    "5": 0.2678395200345269,
                    "best": {
                        "s": 1,
                        "ROC AUC": 0.3532902013753848
                    }
                }
            },
            "8": {
                "Member size": 9971.0,
                "Nonmember size": 2990.0,
                "ROC AUC Individual": 0.3706972279340062,
                "MIA": {
                    "1": 0.3600975102043418,
                    "3": 0.30767492766149335,
                    "5": 0.26965236115300895,
                    "8": 0.2320614508888683,
                    "best": {
                        "s": 1,
                        "ROC AUC": 0.3600975102043418
                    }
                }
            },
            "10": {
                "Member size": 7670.0,
                "Nonmember size": 2300.0,
                "ROC AUC Individual": 0.3706972279340062,
                "MIA": {
                    "1": 0.3569850952734612,
                    "3": 0.29912323094812676,
                    "5": 0.25897913451937915,
                    "8": 0.2160227859448848,
                    "10": 0.20535424696023824,
                    "best": {
                        "s": 1,
                        "ROC AUC": 0.3569850952734612
                    }
                }
            },
            "30": {
                "Member size": 3068.0,
                "Nonmember size": 920.0,
                "ROC AUC Individual": 0.3706972279340062,
                "MIA": {
                    "1": 0.36376947449001296,
                    "3": 0.3254741471026314,
                    "5": 0.30697759393801793,
                    "8": 0.29414838517425357,
                    "10": 0.2946163015098195,
                    "30": 0.12948750668741144,
                    "best": {
                        "s": 1,
                        "ROC AUC": 0.36376947449001296
                    }
                }
            },
            "50": {
                "Member size": 1534.0,
                "Nonmember size": 460.0,
                "ROC AUC Individual": 0.3706972279340062,
                "MIA": {
                    "1": 0.3528144663000964,
                    "3": 0.2961527553248816,
                    "5": 0.26301369863013696,
                    "8": 0.22904364843018804,
                    "10": 0.21018986264048128,
                    "30": 0.10493387444658872,
                    "50": 0.06807885480010929,
                    "best": {
                        "s": 1,
                        "ROC AUC": 0.3528144663000964
                    }
                }
            },
            "80": {
                "Member size": 1534.0,
                "Nonmember size": 460.0,
                "ROC AUC Individual": 0.3706972279340062,
                "MIA": {
                    "1": 0.37986083555354005,
                    "3": 0.34874015078510284,
                    "5": 0.33746135738393035,
                    "8": 0.3284962704557701,
                    "10": 0.3248149408661618,
                    "30": 0.2942572936769213,
                    "50": 0.21472053757011475,
                    "80": 0.0930753858412118,
                    "best": {
                        "s": 1,
                        "ROC AUC": 0.37986083555354005
                    }
                }
            },
            "100": {
                "Member size": 767.0,
                "Nonmember size": 230.0,
                "ROC AUC Individual": 0.3706972279340062,
                "MIA": {
                    "1": 0.3563006632277082,
                    "3": 0.3000736919675755,
                    "5": 0.2664248058500085,
                    "8": 0.23569525537101071,
                    "10": 0.21935264440791336,
                    "30": 0.12722634771271468,
                    "50": 0.07680788312489997,
                    "80": 0.043163155810844164,
                    "100": 0.037233428063122395,
                    "best": {
                        "s": 1,
                        "ROC AUC": 0.3563006632277082
                    }
                }
            }
        },
        "min": {
            "1": {
                "Member size": 76700.0,
                "Nonmember size": 23000.0,
                "ROC AUC Individual": 0.3706972279340062,
                "MIA": {
                    "1": 0.3706972279340062,
                    "best": {
                        "s": 1,
                        "ROC AUC": 0.3706972279340062
                    }
                }
            },
            "3": {
                "Member size": 26078.0,
                "Nonmember size": 7820.0,
                "ROC AUC Individual": 0.3706972279340062,
                "MIA": {
                    "1": 0.3270589770488021,
                    "3": 0.3103307260006584,
                    "best": {
                        "s": 1,
                        "ROC AUC": 0.3270589770488021
                    }
                }
            },
            "5": {
                "Member size": 15340.0,
                "Nonmember size": 4600.0,
                "ROC AUC Individual": 0.3706972279340062,
                "MIA": {
                    "1": 0.31442027331622746,
                    "3": 0.26029584842305875,
                    "5": 0.2678395200345269,
                    "best": {
                        "s": 1,
                        "ROC AUC": 0.31442027331622746
                    }
                }
            },
            "8": {
                "Member size": 9971.0,
                "Nonmember size": 2990.0,
                "ROC AUC Individual": 0.3706972279340062,
                "MIA": {
                    "1": 0.31682325923037663,
                    "3": 0.2600312796141711,
                    "5": 0.22832725230510076,
                    "8": 0.2320614508888683,
                    "best": {
                        "s": 1,
                        "ROC AUC": 0.31682325923037663
                    }
                }
            },
            "10": {
                "Member size": 7670.0,
                "Nonmember size": 2300.0,
                "ROC AUC Individual": 0.3706972279340062,
                "MIA": {
                    "1": 0.3168363254771831,
                    "3": 0.2509625069358745,
                    "5": 0.21015900317654287,
                    "8": 0.18306281204138494,
                    "10": 0.20535424696023824,
                    "best": {
                        "s": 1,
                        "ROC AUC": 0.3168363254771831
                    }
                }
            },
            "30": {
                "Member size": 3068.0,
                "Nonmember size": 920.0,
                "ROC AUC Individual": 0.3706972279340062,