{
    "average": {
        "max": {
            "1": {
                "Member size": 767.0,
                "Nonmember size": 230.0,
                "ROC AUC Individual": 0.4779774389206961,
                "MIA": {
                    "1": 0.4779774389206961,
                    "best": {
                        "s": 1,
                        "ROC AUC": 0.4779774389206961
                    }
                }
            },
            "3": {
                "Member size": 767.0,
                "Nonmember size": 230.0,
                "ROC AUC Individual": 0.5058721183123096,
                "MIA": {
                    "1": 0.4971260132645542,
                    "3": 0.5069394714407501,
                    "best": {
                        "s": 3,
                        "ROC AUC": 0.5069394714407501
                    }
                }
            },
            "5": {
                "Member size": 767.0,
                "Nonmember size": 230.0,
                "ROC AUC Individual": 0.5048431968775529,
                "MIA": {
                    "1": 0.5232243070120741,
                    "3": 0.5128275078147201,
                    "5": 0.5149100842249033,
                    "best": {
                        "s": 1,
                        "ROC AUC": 0.5232243070120741
                    }
                }
            },
            "8": {
                "Member size": 767.0,
                "Nonmember size": 230.0,
                "ROC AUC Individual": 0.5043960771733813,
                "MIA": {
                    "1": 0.511439260812879,
                    "3": 0.5082046770348507,
                    "5": 0.510048309178744,
                    "8": 0.5124687002048713,
                    "best": {
                        "s": 8,
                        "ROC AUC": 0.5124687002048713
                    }
                }
            },
            "10": {
                "Member size": 767.0,
                "Nonmember size": 230.0,
                "ROC AUC Individual": 0.5029875922218883,
                "MIA": {
                    "1": 0.5114222549742078,
                    "3": 0.5069587921443978,
                    "5": 0.5102585961921,
                    "8": 0.5084167994536763,
                    "10": 0.5158035511040291,
                    "best": {
                        "s": 10,
                        "ROC AUC": 0.5158035511040291
                    }
                }
            },
            "30": {
                "Member size": 767.0,
                "Nonmember size": 230.0,
                "ROC AUC Individual": 0.4994428024517436,
                "MIA": {
                    "1": 0.46305198118020524,
                    "3": 0.4644738335792939,
                    "5": 0.47114314905210575,
                    "8": 0.4746518897414038,
                    "10": 0.47664677465188976,
                    "30": 0.49388474591791764,
                    "best": {
                        "s": 30,
                        "ROC AUC": 0.49388474591791764
                    }
                }
            },
            "50": {
                "Member size": 767.0,
                "Nonmember size": 230.0,
                "ROC AUC Individual": 0.49778085543949435,
                "MIA": {
                    "1": 0.45547871435859644,
                    "3": 0.42993594467433816,
                    "5": 0.4313486207288001,
                    "8": 0.43655583972719525,
                    "10": 0.4399829497016198,
                    "30": 0.4488333712724789,
                    "50": 0.47066766260629744,
                    "best": {
                        "s": 50,
                        "ROC AUC": 0.47066766260629744
                    }
                }
            },
            "80": {
                "Member size": 767.0,
                "Nonmember size": 230.0,
                "ROC AUC Individual": 0.4999051846878925,
                "MIA": {
                    "1": 0.44587041550932494,
                    "3": 0.42126863556487726,
                    "5": 0.4146023468057366,
                    "8": 0.4206152798274492,
                    "10": 0.4249914859802475,
                    "30": 0.44383631713554983,
                    "50": 0.442941914869337,
                    "80": 0.47105616862702115,
                    "best": {
                        "s": 80,
                        "ROC AUC": 0.47105616862702115
                    }
                }
            },
            "100": {
                "Member size": 767.0,
                "Nonmember size": 230.0,
                "ROC AUC Individual": 0.5010302770086711,
                "MIA": {
                    "1": 0.46463635848307916,
                    "3": 0.437962700527181,
                    "5": 0.4219715435632901,
                    "8": 0.42163142678986454,
                    "10": 0.4253897171362168,
                    "30": 0.4458848904529458,
                    "50": 0.44921078124109637,
                    "80": 0.45088270582185913,
                    "100": 0.4750698921004598,
                    "best": {
                        "s": 100,
                        "ROC AUC": 0.4750698921004598
                    }
                }
            }
        },
        "min": {
            "1": {
                "Member size": 767.0,
                "Nonmember size": 230.0,
                "ROC AUC Individual": 0.4779774389206961,
                "MIA": {
                    "1": 0.4779774389206961,
                    "best": {
                        "s": 1,
                        "ROC AUC": 0.4779774389206961
                    }
                }
            },
            "3": {
                "Member size": 767.0,
                "Nonmember size": 230.0,
                "ROC AUC Individual": 0.5058721183123096,
                "MIA": {
                    "1": 0.5210475596621507,
                    "3": 0.5069394714407501,
                    "best": {
                        "s": 1,
                        "ROC AUC": 0.5210475596621507
                    }
                }
            },
            "5": {
                "Member size": 767.0,
                "Nonmember size": 230.0,
                "ROC AUC Individual": 0.5048431968775529,
                "MIA": {
                    "1": 0.5116206564253727,
                    "3": 0.5021256038647343,
                    "5": 0.5149100842249033,
                    "best": {
                        "s": 5,
                        "ROC AUC": 0.5149100842249033
                    }
                }
            },
            "8": {
                "Member size": 767.0,
                "Nonmember size": 230.0,
                "ROC AUC Individual": 0.5043960771733813,
                "MIA": {
                    "1": 0.5347826086956521,
                    "3": 0.5180116093785568,
                    "5": 0.5148588663783291,
                    "8": 0.5124687002048713,
                    "best": {
                        "s": 1,
                        "ROC AUC": 0.5347826086956521
                    }
                }
            },
            "10": {
                "Member size": 767.0,
                "Nonmember size": 230.0,
                "ROC AUC Individual": 0.5029875922218883,
                "MIA": {
                    "1": 0.5352991258939721,
                    "3": 0.5259446847257,
                    "5": 0.515109264739358,
                    "8": 0.5115581607102209,
                    "10": 0.5158035511040291,
                    "best": {
                        "s": 1,
                        "ROC AUC": 0.5352991258939721
                    }
                }
            },
            "30": {
                "Member size": 767.0,
                "Nonmember size": 230.0,
                "ROC AUC Individual": 0.4994428024517436,
                "MIA": {
                    "1": 0.5695179381796387,