{
    "average": {
        "max": {
            "1": {
                "Member size": 767.0,
                "Nonmember size": 230.0,
                "ROC AUC Individual": 0.5003627912249873,
                "MIA": {
                    "1": 0.5003627912249873,
                    "best": {
                        "s": 1,
                        "ROC AUC": 0.5003627912249873
                    }
                }
            },
            "3": {
                "Member size": 767.0,
                "Nonmember size": 230.0,
                "ROC AUC Individual": 0.530480486159704,
                "MIA": {
                    "1": 0.5152882489654782,
                    "3": 0.5497641375390736,
                    "best": {
                        "s": 3,
                        "ROC AUC": 0.5497641375390736
                    }
                }
            },
            "5": {
                "Member size": 767.0,
                "Nonmember size": 230.0,
                "ROC AUC Individual": 0.5284134746301171,
                "MIA": {
                    "1": 0.5430304404512216,
                    "3": 0.543949985791418,
                    "5": 0.5594639198725244,
                    "best": {
                        "s": 5,
                        "ROC AUC": 0.5594639198725244
                    }
                }
            },
            "8": {
                "Member size": 767.0,
                "Nonmember size": 230.0,
                "ROC AUC Individual": 0.5294534113385179,
                "MIA": {
                    "1": 0.5350490335015021,
                    "3": 0.5387444658871609,
                    "5": 0.5455981813015061,
                    "8": 0.5633849305713635,
                    "best": {
                        "s": 8,
                        "ROC AUC": 0.5633849305713635
                    }
                }
            },
            "10": {
                "Member size": 767.0,
                "Nonmember size": 230.0,
                "ROC AUC Individual": 0.5273100696945123,
                "MIA": {
                    "1": 0.5378663341080439,
                    "3": 0.539652627994097,
                    "5": 0.5473032111395282,
                    "8": 0.5538584111085818,
                    "10": 0.5684441156385158,
                    "best": {
                        "s": 10,
                        "ROC AUC": 0.5684441156385158
                    }
                }
            },
            "30": {
                "Member size": 767.0,
                "Nonmember size": 230.0,
                "ROC AUC Individual": 0.5242381358773073,
                "MIA": {
                    "1": 0.47930389433705567,
                    "3": 0.48322738108752417,
                    "5": 0.4993350383631714,
                    "8": 0.514947428246661,
                    "10": 0.5224438761011652,
                    "30": 0.5758640622227817,
                    "best": {
                        "s": 30,
                        "ROC AUC": 0.5758640622227817
                    }
                }
            },
            "50": {
                "Member size": 767.0,
                "Nonmember size": 230.0,
                "ROC AUC Individual": 0.5228359773165971,
                "MIA": {
                    "1": 0.46480358256334675,
                    "3": 0.4536817640723315,
                    "5": 0.45797101449275357,
                    "8": 0.4727365728900256,
                    "10": 0.48048309178743964,
                    "30": 0.5197726626882637,
                    "50": 0.5646403125718226,
                    "best": {
                        "s": 50,
                        "ROC AUC": 0.5646403125718226
                    }
                }
            },
            "80": {
                "Member size": 767.0,
                "Nonmember size": 230.0,
                "ROC AUC Individual": 0.5236911209296881,
                "MIA": {
                    "1": 0.43657955898191714,
                    "3": 0.41930729550478996,
                    "5": 0.42163142678986454,
                    "8": 0.4349243240179128,
                    "10": 0.4459611133155717,
                    "30": 0.5010628019323672,
                    "50": 0.5190859294762068,
                    "80": 0.5700680115140782,
                    "best": {
                        "s": 80,
                        "ROC AUC": 0.5700680115140782
                    }
                }
            },
            "100": {
                "Member size": 767.0,
                "Nonmember size": 230.0,
                "ROC AUC Individual": 0.5244367391440914,
                "MIA": {
                    "1": 0.45592086616404964,
                    "3": 0.4301286775126127,
                    "5": 0.42682954481038493,
                    "8": 0.4357632787256958,
                    "10": 0.4453772461878578,
                    "30": 0.5014927914632762,
                    "50": 0.5230440480939085,
                    "80": 0.542152773810204,
                    "100": 0.5789434162796608,
                    "best": {
                        "s": 100,
                        "ROC AUC": 0.5789434162796608
                    }
                }
            }
        },
        "min": {
            "1": {
                "Member size": 767.0,
                "Nonmember size": 230.0,
                "ROC AUC Individual": 0.5003627912249873,
                "MIA": {
                    "1": 0.5003627912249873,
                    "best": {
                        "s": 1,
                        "ROC AUC": 0.5003627912249873
                    }
                }
            },
            "3": {
                "Member size": 767.0,
                "Nonmember size": 230.0,
                "ROC AUC Individual": 0.530480486159704,
                "MIA": {
                    "1": 0.5676662320730117,
                    "3": 0.5497641375390736,
                    "best": {
                        "s": 1,
                        "ROC AUC": 0.5676662320730117
                    }
                }
            },
            "5": {
                "Member size": 767.0,
                "Nonmember size": 230.0,
                "ROC AUC Individual": 0.5284134746301171,
                "MIA": {
                    "1": 0.5534680440458621,
                    "3": 0.5571753339016766,
                    "5": 0.5594639198725244,
                    "best": {
                        "s": 5,
                        "ROC AUC": 0.5594639198725244
                    }
                }
            },
            "8": {
                "Member size": 767.0,
                "Nonmember size": 230.0,
                "ROC AUC Individual": 0.5294534113385179,
                "MIA": {
                    "1": 0.5787263026450221,
                    "3": 0.5796892783974504,
                    "5": 0.5780616890507625,
                    "8": 0.5633849305713635,
                    "best": {
                        "s": 3,
                        "ROC AUC": 0.5796892783974504
                    }
                }
            },
            "10": {
                "Member size": 767.0,
                "Nonmember size": 230.0,
                "ROC AUC Individual": 0.5273100696945123,
                "MIA": {
                    "1": 0.5935634010670905,
                    "3": 0.5907978602321875,
                    "5": 0.5787275210562258,
                    "8": 0.5768438424766675,
                    "10": 0.5684441156385158,
                    "best": {
                        "s": 1,
                        "ROC AUC": 0.5935634010670905
                    }
                }
            },
            "30": {
                "Member size": 767.0,
                "Nonmember size": 230.0,
                "ROC AUC Individual": 0.5242381358773073,
                "MIA": {
                    "1": 0.6046267686729678,
                    "3": 0.6255572829740048,