{
    "average": {
        "max": {
            "1": {
                "Member size": 76700.0,
                "Nonmember size": 23000.0,
                "ROC AUC Individual": 0.6010370987019069,
                "MIA": {
                    "1": 0.6010370987019069,
                    "best": {
                        "s": 1,
                        "ROC AUC": 0.6010370987019069
                    }
                }
            },
            "3": {
                "Member size": 26078.0,
                "Nonmember size": 7820.0,
                "ROC AUC Individual": 0.6010370987019069,
                "MIA": {
                    "1": 0.6347456947179222,
                    "3": 0.6472565215122228,
                    "best": {
                        "s": 3,
                        "ROC AUC": 0.6472565215122228
                    }
                }
            },
            "5": {
                "Member size": 15340.0,
                "Nonmember size": 4600.0,
                "ROC AUC Individual": 0.6010370987019069,
                "MIA": {
                    "1": 0.643185498212423,
                    "3": 0.689055664586806,
                    "5": 0.6816698360441664,
                    "best": {
                        "s": 3,
                        "ROC AUC": 0.689055664586806
                    }
                }
            },
            "8": {
                "Member size": 9971.0,
                "Nonmember size": 2990.0,
                "ROC AUC Individual": 0.6010370987019069,
                "MIA": {
                    "1": 0.6384363483533686,
                    "3": 0.6890357600199415,
                    "5": 0.7141476403905463,
                    "8": 0.7126768364861251,
                    "best": {
                        "s": 5,
                        "ROC AUC": 0.7141476403905463
                    }
                }
            },
            "10": {
                "Member size": 7670.0,
                "Nonmember size": 2300.0,
                "ROC AUC Individual": 0.6010370987019069,
                "MIA": {
                    "1": 0.6352826162009471,
                    "3": 0.6944702780001919,
                    "5": 0.7319809969492977,
                    "8": 0.7564208551493077,
                    "10": 0.7371189106158942,
                    "best": {
                        "s": 8,
                        "ROC AUC": 0.7564208551493077
                    }
                }
            },
            "30": {
                "Member size": 3068.0,
                "Nonmember size": 920.0,
                "ROC AUC Individual": 0.6010370987019069,
                "MIA": {
                    "1": 0.6005114047149884,
                    "3": 0.6503788576856012,
                    "5": 0.6776578320428827,
                    "8": 0.6913678068011004,
                    "10": 0.6867579260940493,
                    "30": 0.8052967502117012,
                    "best": {
                        "s": 30,
                        "ROC AUC": 0.8052967502117012
                    }
                }
            },
            "50": {
                "Member size": 1534.0,
                "Nonmember size": 460.0,
                "ROC AUC Individual": 0.6010370987019069,
                "MIA": {
                    "1": 0.5718085709426903,
                    "3": 0.6393061617822119,
                    "5": 0.68701604217448,
                    "8": 0.7405801825293351,
                    "10": 0.7674437390170624,
                    "30": 0.8991497080664361,
                    "50": 0.8809467611367885,
                    "best": {
                        "s": 30,
                        "ROC AUC": 0.8991497080664361
                    }
                }
            },
            "80": {
                "Member size": 1534.0,
                "Nonmember size": 460.0,
                "ROC AUC Individual": 0.6010370987019069,
                "MIA": {
                    "1": 0.5513030723881865,
                    "3": 0.6013420441018084,
                    "5": 0.6289240972733972,
                    "8": 0.6515305254804149,
                    "10": 0.659574287171929,
                    "30": 0.6773608780959423,
                    "50": 0.7247658096295664,
                    "80": 0.8434176326107885,
                    "best": {
                        "s": 80,
                        "ROC AUC": 0.8434176326107885
                    }
                }
            },
            "100": {
                "Member size": 767.0,
                "Nonmember size": 230.0,
                "ROC AUC Individual": 0.6010370987019069,
                "MIA": {
                    "1": 0.5295278045462275,
                    "3": 0.5853296298395783,
                    "5": 0.6330650189898532,
                    "8": 0.6892466413468624,
                    "10": 0.7193016268918995,
                    "30": 0.8806983731081005,
                    "50": 0.9355328218243821,
                    "80": 0.9560500142085819,
                    "100": 0.9296284743882999,
                    "best": {
                        "s": 80,
                        "ROC AUC": 0.9560500142085819
                    }
                }
            }
        },
        "min": {
            "1": {
                "Member size": 76700.0,
                "Nonmember size": 23000.0,
                "ROC AUC Individual": 0.6010370987019069,
                "MIA": {
                    "1": 0.6010370987019069,
                    "best": {
                        "s": 1,
                        "ROC AUC": 0.6010370987019069
                    }
                }
            },
            "3": {
                "Member size": 26078.0,
                "Nonmember size": 7820.0,
                "ROC AUC Individual": 0.6010370987019069,
                "MIA": {
                    "1": 0.6114611059480694,
                    "3": 0.6472565215122228,
                    "best": {
                        "s": 3,
                        "ROC AUC": 0.6472565215122228
                    }
                }
            },
            "5": {
                "Member size": 15340.0,
                "Nonmember size": 4600.0,
                "ROC AUC Individual": 0.6010370987019069,
                "MIA": {
                    "1": 0.6110913620120024,
                    "3": 0.6596519400316496,
                    "5": 0.6816698360441664,
                    "best": {
                        "s": 5,
                        "ROC AUC": 0.6816698360441664
                    }
                }
            },
            "8": {
                "Member size": 9971.0,
                "Nonmember size": 2990.0,
                "ROC AUC Individual": 0.6010370987019069,
                "MIA": {
                    "1": 0.6093901294682412,
                    "3": 0.6531692028574637,
                    "5": 0.683589124259848,
                    "8": 0.7126768364861251,
                    "best": {
                        "s": 8,
                        "ROC AUC": 0.7126768364861251
                    }
                }
            },
            "10": {
                "Member size": 7670.0,
                "Nonmember size": 2300.0,
                "ROC AUC Individual": 0.6010370987019069,
                "MIA": {
                    "1": 0.6098457052951964,
                    "3": 0.6580459610287126,
                    "5": 0.6913326916052727,
                    "8": 0.7292435296536013,
                    "10": 0.7371189106158942,
                    "best": {
                        "s": 10,
                        "ROC AUC": 0.7371189106158942
                    }
                }
            },
            "30": {
                "Member size": 3068.0,
                "Nonmember size": 920.0,
                "ROC AUC Individual": 0.6010370987019069,
                "MIA": {
                    "1": 0.6159377956514205,