{
    "average": {
        "max": {
            "1": {
                "Member size": 76700.0,
                "Nonmember size": 23000.0,
                "ROC AUC Individual": 0.5413153385367309,
                "MIA": {
                    "1": 0.5413153385367309,
                    "best": {
                        "s": 1,
                        "ROC AUC": 0.5413153385367309
                    }
                }
            },
            "3": {
                "Member size": 26078.0,
                "Nonmember size": 7820.0,
                "ROC AUC Individual": 0.5413153385367309,
                "MIA": {
                    "1": 0.561981930914901,
                    "3": 0.558738440470331,
                    "best": {
                        "s": 1,
                        "ROC AUC": 0.561981930914901
                    }
                }
            },
            "5": {
                "Member size": 15340.0,
                "Nonmember size": 4600.0,
                "ROC AUC Individual": 0.5413153385367309,
                "MIA": {
                    "1": 0.5694141149857983,
                    "3": 0.5839258186912283,
                    "5": 0.5710945126427643,
                    "best": {
                        "s": 3,
                        "ROC AUC": 0.5839258186912283
                    }
                }
            },
            "8": {
                "Member size": 9971.0,
                "Nonmember size": 2990.0,
                "ROC AUC Individual": 0.5413153385367309,
                "MIA": {
                    "1": 0.5711762271121369,
                    "3": 0.590030025505573,
                    "5": 0.5941800416290146,
                    "8": 0.5824615121576974,
                    "best": {
                        "s": 5,
                        "ROC AUC": 0.5941800416290146
                    }
                }
            },
            "10": {
                "Member size": 7670.0,
                "Nonmember size": 2300.0,
                "ROC AUC Individual": 0.5413153385367309,
                "MIA": {
                    "1": 0.5651485653704638,
                    "3": 0.5925589997276935,
                    "5": 0.6057318906773939,
                    "8": 0.606685087574965,
                    "10": 0.5909364647662962,
                    "best": {
                        "s": 8,
                        "ROC AUC": 0.606685087574965
                    }
                }
            },
            "30": {
                "Member size": 3068.0,
                "Nonmember size": 920.0,
                "ROC AUC Individual": 0.5413153385367309,
                "MIA": {
                    "1": 0.5404493486057753,
                    "3": 0.5645778382824244,
                    "5": 0.5754904430128278,
                    "8": 0.5813386279436188,
                    "10": 0.5825795965876024,
                    "30": 0.6208797447695811,
                    "best": {
                        "s": 30,
                        "ROC AUC": 0.6208797447695811
                    }
                }
            },
            "50": {
                "Member size": 1534.0,
                "Nonmember size": 460.0,
                "ROC AUC Individual": 0.5413153385367309,
                "MIA": {
                    "1": 0.4987033048013151,
                    "3": 0.5383779264214047,
                    "5": 0.5647936624907886,
                    "8": 0.5945042002497445,
                    "10": 0.6115208877284596,
                    "30": 0.6974032239754796,
                    "50": 0.64266719309012,
                    "best": {
                        "s": 30,
                        "ROC AUC": 0.6974032239754796
                    }
                }
            },
            "80": {
                "Member size": 1534.0,
                "Nonmember size": 460.0,
                "ROC AUC Individual": 0.5413153385367309,
                "MIA": {
                    "1": 0.5149693894903917,
                    "3": 0.5395031460801542,
                    "5": 0.5532807097103339,
                    "8": 0.5631965308089111,
                    "10": 0.5664871605918033,
                    "30": 0.5782424104734047,
                    "50": 0.5999530195609465,
                    "80": 0.6375946453579608,
                    "best": {
                        "s": 80,
                        "ROC AUC": 0.6375946453579608
                    }
                }
            },
            "100": {
                "Member size": 767.0,
                "Nonmember size": 230.0,
                "ROC AUC Individual": 0.5413153385367309,
                "MIA": {
                    "1": 0.4534833626211665,
                    "3": 0.49268182075846045,
                    "5": 0.5219148574343858,
                    "8": 0.5559208661640497,
                    "10": 0.5743325208321524,
                    "30": 0.683142240889999,
                    "50": 0.7336098398169335,
                    "80": 0.7240160183066362,
                    "100": 0.6649569094983943,
                    "best": {
                        "s": 50,
                        "ROC AUC": 0.7336098398169335
                    }
                }
            }
        },
        "min": {
            "1": {
                "Member size": 76700.0,
                "Nonmember size": 23000.0,
                "ROC AUC Individual": 0.5413153385367309,
                "MIA": {
                    "1": 0.5413153385367309,
                    "best": {
                        "s": 1,
                        "ROC AUC": 0.5413153385367309
                    }
                }
            },
            "3": {
                "Member size": 26078.0,
                "Nonmember size": 7820.0,
                "ROC AUC Individual": 0.5413153385367309,
                "MIA": {
                    "1": 0.540069085687559,
                    "3": 0.558738440470331,
                    "best": {
                        "s": 3,
                        "ROC AUC": 0.558738440470331
                    }
                }
            },
            "5": {
                "Member size": 15340.0,
                "Nonmember size": 4600.0,
                "ROC AUC Individual": 0.5413153385367309,
                "MIA": {
                    "1": 0.5420186446780522,
                    "3": 0.5596165980834512,
                    "5": 0.5710945126427643,
                    "best": {
                        "s": 5,
                        "ROC AUC": 0.5710945126427643
                    }
                }
            },
            "8": {
                "Member size": 9971.0,
                "Nonmember size": 2990.0,
                "ROC AUC Individual": 0.5413153385367309,
                "MIA": {
                    "1": 0.5390678935134235,
                    "3": 0.5534828334292385,
                    "5": 0.5655174949087469,
                    "8": 0.5824615121576974,
                    "best": {
                        "s": 8,
                        "ROC AUC": 0.5824615121576974
                    }
                }
            },
            "10": {
                "Member size": 7670.0,
                "Nonmember size": 2300.0,
                "ROC AUC Individual": 0.5413153385367309,
                "MIA": {
                    "1": 0.5417829321017424,
                    "3": 0.555536292882477,
                    "5": 0.5673863151499932,
                    "8": 0.5856712850679981,
                    "10": 0.5909364647662962,
                    "best": {
                        "s": 10,
                        "ROC AUC": 0.5909364647662962
                    }
                }
            },
            "30": {
                "Member size": 3068.0,
                "Nonmember size": 920.0,
                "ROC AUC Individual": 0.5413153385367309,
                "MIA": {
                    "1": 0.5423121644874267,