{
    "average": {
        "max": {
            "1": {
                "Member size": 92200.0,
                "Nonmember size": 7400.0,
                "ROC AUC Individual": 0.5586598405346779,
                "MIA": {
                    "1": 0.5586598405346779,
                    "best": {
                        "s": 1,
                        "ROC AUC": 0.5586598405346779
                    }
                }
            },
            "3": {
                "Member size": 31348.0,
                "Nonmember size": 2516.0,
                "ROC AUC Individual": 0.5586598405346779,
                "MIA": {
                    "1": 0.6110319881050166,
                    "3": 0.5788936198149377,
                    "best": {
                        "s": 1,
                        "ROC AUC": 0.6110319881050166
                    }
                }
            },
            "5": {
                "Member size": 18440.0,
                "Nonmember size": 1480.0,
                "ROC AUC Individual": 0.5586598405346779,
                "MIA": {
                    "1": 0.6346475420648414,
                    "3": 0.6436095884387641,
                    "5": 0.5958978351996248,
                    "best": {
                        "s": 3,
                        "ROC AUC": 0.6436095884387641
                    }
                }
            },
            "8": {
                "Member size": 11986.0,
                "Nonmember size": 962.0,
                "ROC AUC Individual": 0.5586598405346779,
                "MIA": {
                    "1": 0.6488627324394052,
                    "3": 0.6755225170876764,
                    "5": 0.6674318236140362,
                    "8": 0.6151352773662135,
                    "best": {
                        "s": 3,
                        "ROC AUC": 0.6755225170876764
                    }
                }
            },
            "10": {
                "Member size": 9220.0,
                "Nonmember size": 740.0,
                "ROC AUC Individual": 0.5586598405346779,
                "MIA": {
                    "1": 0.6465599167497216,
                    "3": 0.6889354810341795,
                    "5": 0.6956931171952864,
                    "8": 0.6706679076039163,
                    "10": 0.6319326376267808,
                    "best": {
                        "s": 5,
                        "ROC AUC": 0.6956931171952864
                    }
                }
            },
            "30": {
                "Member size": 3688.0,
                "Nonmember size": 296.0,
                "ROC AUC Individual": 0.5586598405346779,
                "MIA": {
                    "1": 0.6339099233452541,
                    "3": 0.6651649615993434,
                    "5": 0.6700786334056399,
                    "8": 0.6666164368001407,
                    "10": 0.6636195916632467,
                    "30": 0.679032068945301,
                    "best": {
                        "s": 30,
                        "ROC AUC": 0.679032068945301
                    }
                }
            },
            "50": {
                "Member size": 1844.0,
                "Nonmember size": 148.0,
                "ROC AUC Individual": 0.5586598405346779,
                "MIA": {
                    "1": 0.6109130415665123,
                    "3": 0.6700731371284516,
                    "5": 0.7066417013542827,
                    "8": 0.7431406460690626,
                    "10": 0.7599995602978249,
                    "30": 0.8202790643137714,
                    "50": 0.7483327959195638,
                    "best": {
                        "s": 30,
                        "ROC AUC": 0.8202790643137714
                    }
                }
            },
            "80": {
                "Member size": 1844.0,
                "Nonmember size": 148.0,
                "ROC AUC Individual": 0.5586598405346779,
                "MIA": {
                    "1": 0.5808282523304216,
                    "3": 0.6110284633874655,
                    "5": 0.6265243008735417,
                    "8": 0.6336731254030603,
                    "10": 0.6339222899689277,
                    "30": 0.6316688163217448,
                    "50": 0.6462632643489477,
                    "80": 0.7278500029313479,
                    "best": {
                        "s": 80,
                        "ROC AUC": 0.7278500029313479
                    }
                }
            },
            "100": {
                "Member size": 922.0,
                "Nonmember size": 74.0,
                "ROC AUC Individual": 0.5586598405346779,
                "MIA": {
                    "1": 0.5354546520490121,
                    "3": 0.5897871841472708,
                    "5": 0.6302690977311368,
                    "8": 0.6703552793574487,
                    "10": 0.6922231341971037,
                    "30": 0.8242656973676495,
                    "50": 0.8722958316233803,
                    "80": 0.8756522248930059,
                    "100": 0.8223896347540599,
                    "best": {
                        "s": 80,
                        "ROC AUC": 0.8756522248930059
                    }
                }
            }
        },
        "min": {
            "1": {
                "Member size": 92200.0,
                "Nonmember size": 7400.0,
                "ROC AUC Individual": 0.5586598405346779,
                "MIA": {
                    "1": 0.5586598405346779,
                    "best": {
                        "s": 1,
                        "ROC AUC": 0.5586598405346779
                    }
                }
            },
            "3": {
                "Member size": 31348.0,
                "Nonmember size": 2516.0,
                "ROC AUC Individual": 0.5586598405346779,
                "MIA": {
                    "1": 0.5333661301116772,
                    "3": 0.5788936198149377,
                    "best": {
                        "s": 3,
                        "ROC AUC": 0.5788936198149377
                    }
                }
            },
            "5": {
                "Member size": 18440.0,
                "Nonmember size": 1480.0,
                "ROC AUC Individual": 0.5586598405346779,
                "MIA": {
                    "1": 0.5182697352992907,
                    "3": 0.5615458829219675,
                    "5": 0.5958978351996248,
                    "best": {
                        "s": 5,
                        "ROC AUC": 0.5958978351996248
                    }
                }
            },
            "8": {
                "Member size": 11986.0,
                "Nonmember size": 962.0,
                "ROC AUC Individual": 0.5586598405346779,
                "MIA": {
                    "1": 0.5075693818810789,
                    "3": 0.5419775514260747,
                    "5": 0.5732991331189229,
                    "8": 0.6151352773662135,
                    "best": {
                        "s": 8,
                        "ROC AUC": 0.6151352773662135
                    }
                }
            },
            "10": {
                "Member size": 9220.0,
                "Nonmember size": 740.0,
                "ROC AUC Individual": 0.5586598405346779,
                "MIA": {
                    "1": 0.502107932227238,
                    "3": 0.5354344257489594,
                    "5": 0.570249311133259,
                    "8": 0.6173084364190655,
                    "10": 0.6319326376267808,
                    "best": {
                        "s": 10,
                        "ROC AUC": 0.6319326376267808
                    }
                }
            },
            "30": {
                "Member size": 3688.0,
                "Nonmember size": 296.0,
                "ROC AUC Individual": 0.5586598405346779,
                "MIA": {
                    "1": 0.49243620654276843,