{
    "average": {
        "max": {
            "1": {
                "Member size": 76700.0,
                "Nonmember size": 23000.0,
                "ROC AUC Individual": 0.4084564013278711,
                "MIA": {
                    "1": 0.4084564013278711,
                    "best": {
                        "s": 1,
                        "ROC AUC": 0.4084564013278711
                    }
                }
            },
            "3": {
                "Member size": 26078.0,
                "Nonmember size": 7820.0,
                "ROC AUC Individual": 0.4084564013278711,
                "MIA": {
                    "1": 0.4003832834746824,
                    "3": 0.36257576635587796,
                    "best": {
                        "s": 1,
                        "ROC AUC": 0.4003832834746824
                    }
                }
            },
            "5": {
                "Member size": 15340.0,
                "Nonmember size": 4600.0,
                "ROC AUC Individual": 0.4084564013278711,
                "MIA": {
                    "1": 0.3969286427004258,
                    "3": 0.3587978897461854,
                    "5": 0.33341661930012245,
                    "best": {
                        "s": 1,
                        "ROC AUC": 0.3969286427004258
                    }
                }
            },
            "8": {
                "Member size": 9971.0,
                "Nonmember size": 2990.0,
                "ROC AUC Individual": 0.4084564013278711,
                "MIA": {
                    "1": 0.39872835235561055,
                    "3": 0.364186687762163,
                    "5": 0.33734879128643275,
                    "8": 0.30421748889166567,
                    "best": {
                        "s": 1,
                        "ROC AUC": 0.39872835235561055
                    }
                }
            },
            "10": {
                "Member size": 7670.0,
                "Nonmember size": 2300.0,
                "ROC AUC Individual": 0.4084564013278711,
                "MIA": {
                    "1": 0.3990056239972334,
                    "3": 0.3583900112297099,
                    "5": 0.32941021336448917,
                    "8": 0.295642887531204,
                    "10": 0.28157550291937644,
                    "best": {
                        "s": 1,
                        "ROC AUC": 0.3990056239972334
                    }
                }
            },
            "30": {
                "Member size": 3068.0,
                "Nonmember size": 920.0,
                "ROC AUC Individual": 0.4084564013278711,
                "MIA": {
                    "1": 0.409841794133908,
                    "3": 0.37918581071499474,
                    "5": 0.3645797881391985,
                    "8": 0.3526737854164894,
                    "10": 0.3505044811253864,
                    "30": 0.21793290555257153,
                    "best": {
                        "s": 1,
                        "ROC AUC": 0.409841794133908
                    }
                }
            },
            "50": {
                "Member size": 1534.0,
                "Nonmember size": 460.0,
                "ROC AUC Individual": 0.4084564013278711,
                "MIA": {
                    "1": 0.3931934130718213,
                    "3": 0.3524545093815543,
                    "5": 0.32816733745252535,
                    "8": 0.3045065472478885,
                    "10": 0.29242673317839124,
                    "30": 0.20719488691117283,
                    "50": 0.15086895632258884,
                    "best": {
                        "s": 1,
                        "ROC AUC": 0.3931934130718213
                    }
                }
            },
            "80": {
                "Member size": 1534.0,
                "Nonmember size": 460.0,
                "ROC AUC Individual": 0.4084564013278711,
                "MIA": {
                    "1": 0.4173161952270279,
                    "3": 0.3917096536477524,
                    "5": 0.383501502182416,
                    "8": 0.3793988436029703,
                    "10": 0.37765999659883226,
                    "30": 0.34974032239754793,
                    "50": 0.2905261211017528,
                    "80": 0.18567727667414816,
                    "best": {
                        "s": 1,
                        "ROC AUC": 0.4173161952270279
                    }
                }
            },
            "100": {
                "Member size": 767.0,
                "Nonmember size": 230.0,
                "ROC AUC Individual": 0.4084564013278711,
                "MIA": {
                    "1": 0.39880959129301063,
                    "3": 0.3588231959639476,
                    "5": 0.32978856073918716,
                    "8": 0.30622980556657786,
                    "10": 0.29583356952553713,
                    "30": 0.22840541919392324,
                    "50": 0.1802242203505577,
                    "80": 0.12506695538207305,
                    "100": 0.10119336429380099,
                    "best": {
                        "s": 1,
                        "ROC AUC": 0.39880959129301063
                    }
                }
            }
        },
        "min": {
            "1": {
                "Member size": 76700.0,
                "Nonmember size": 23000.0,
                "ROC AUC Individual": 0.4084564013278711,
                "MIA": {
                    "1": 0.4084564013278711,
                    "best": {
                        "s": 1,
                        "ROC AUC": 0.4084564013278711
                    }
                }
            },
            "3": {
                "Member size": 26078.0,
                "Nonmember size": 7820.0,
                "ROC AUC Individual": 0.4084564013278711,
                "MIA": {
                    "1": 0.37149253562238427,
                    "3": 0.36257576635587796,
                    "best": {
                        "s": 1,
                        "ROC AUC": 0.37149253562238427
                    }
                }
            },
            "5": {
                "Member size": 15340.0,
                "Nonmember size": 4600.0,
                "ROC AUC Individual": 0.4084564013278711,
                "MIA": {
                    "1": 0.358833279467465,
                    "3": 0.3215197255915125,
                    "5": 0.33341661930012245,
                    "best": {
                        "s": 1,
                        "ROC AUC": 0.358833279467465
                    }
                }
            },
            "8": {
                "Member size": 9971.0,
                "Nonmember size": 2990.0,
                "ROC AUC Individual": 0.4084564013278711,
                "MIA": {
                    "1": 0.35583737525298353,
                    "3": 0.3164374070347913,
                    "5": 0.29501560455961306,
                    "8": 0.30421748889166567,
                    "best": {
                        "s": 1,
                        "ROC AUC": 0.35583737525298353
                    }
                }
            },
            "10": {
                "Member size": 7670.0,
                "Nonmember size": 2300.0,
                "ROC AUC Individual": 0.4084564013278711,
                "MIA": {
                    "1": 0.35205363119107635,
                    "3": 0.30438260842114573,
                    "5": 0.2757440515061038,
                    "8": 0.26035232993835034,
                    "10": 0.28157550291937644,
                    "best": {
                        "s": 1,
                        "ROC AUC": 0.35205363119107635
                    }
                }
            },
            "30": {
                "Member size": 3068.0,
                "Nonmember size": 920.0,
                "ROC AUC Individual": 0.4084564013278711,