{
    "average": {
        "max": {
            "1": {
                "Member size": 767.0,
                "Nonmember size": 230.0,
                "ROC AUC Individual": 0.5518678079473952,
                "MIA": {
                    "1": 0.5518678079473952,
                    "best": {
                        "s": 1,
                        "ROC AUC": 0.5518678079473952
                    }
                }
            },
            "3": {
                "Member size": 767.0,
                "Nonmember size": 230.0,
                "ROC AUC Individual": 0.5691850899256765,
                "MIA": {
                    "1": 0.566113032141035,
                    "3": 0.6070190394998579,
                    "best": {
                        "s": 3,
                        "ROC AUC": 0.6070190394998579
                    }
                }
            },
            "5": {
                "Member size": 767.0,
                "Nonmember size": 230.0,
                "ROC AUC Individual": 0.5762682672233821,
                "MIA": {
                    "1": 0.5821948869111728,
                    "3": 0.6211253196930946,
                    "5": 0.6301217846574095,
                    "best": {
                        "s": 5,
                        "ROC AUC": 0.6301217846574095
                    }
                }
            },
            "8": {
                "Member size": 767.0,
                "Nonmember size": 230.0,
                "ROC AUC Individual": 0.5654130984198101,
                "MIA": {
                    "1": 0.5802222096253047,
                    "3": 0.6139970484731525,
                    "5": 0.6334850899157751,
                    "8": 0.6225301616207604,
                    "best": {
                        "s": 5,
                        "ROC AUC": 0.6334850899157751
                    }
                }
            },
            "10": {
                "Member size": 767.0,
                "Nonmember size": 230.0,
                "ROC AUC Individual": 0.5592467718794836,
                "MIA": {
                    "1": 0.5886174253160251,
                    "3": 0.6092348734249062,
                    "5": 0.6265365353972229,
                    "8": 0.6394718870931027,
                    "10": 0.6251707261552469,
                    "best": {
                        "s": 8,
                        "ROC AUC": 0.6394718870931027
                    }
                }
            },
            "30": {
                "Member size": 767.0,
                "Nonmember size": 230.0,
                "ROC AUC Individual": 0.5699524467214556,
                "MIA": {
                    "1": 0.5576724675471912,
                    "3": 0.6066125553411283,
                    "5": 0.6310656436487638,
                    "8": 0.6595037559754156,
                    "10": 0.6750455269747325,
                    "30": 0.729040159792133,
                    "best": {
                        "s": 30,
                        "ROC AUC": 0.729040159792133
                    }
                }
            },
            "50": {
                "Member size": 767.0,
                "Nonmember size": 230.0,
                "ROC AUC Individual": 0.5709368694526985,
                "MIA": {
                    "1": 0.5177144152825804,
                    "3": 0.5667932656878862,
                    "5": 0.6028928672918443,
                    "8": 0.6338846263142939,
                    "10": 0.6505143506678034,
                    "30": 0.7537445936717504,
                    "50": 0.7793553206159503,
                    "best": {
                        "s": 50,
                        "ROC AUC": 0.7793553206159503
                    }
                }
            },
            "80": {
                "Member size": 767.0,
                "Nonmember size": 230.0,
                "ROC AUC Individual": 0.5682888119827567,
                "MIA": {
                    "1": 0.5071707953063885,
                    "3": 0.5521228955274644,
                    "5": 0.5907885040530583,
                    "8": 0.6278124645249177,
                    "10": 0.6445056192530366,
                    "30": 0.7403881174595948,
                    "50": 0.798362445414847,
                    "80": 0.8147075620266162,
                    "best": {
                        "s": 80,
                        "ROC AUC": 0.8147075620266162
                    }
                }
            },
            "100": {
                "Member size": 767.0,
                "Nonmember size": 230.0,
                "ROC AUC Individual": 0.5673377456005948,
                "MIA": {
                    "1": 0.51171702284451,
                    "3": 0.5570205770647922,
                    "5": 0.5969956351680744,
                    "8": 0.6348846437276798,
                    "10": 0.6531659202993028,
                    "30": 0.742501986604609,
                    "50": 0.7938577338542863,
                    "80": 0.8468739032627396,
                    "100": 0.8298329521036945,
                    "best": {
                        "s": 80,
                        "ROC AUC": 0.8468739032627396
                    }
                }
            }
        },
        "min": {
            "1": {
                "Member size": 767.0,
                "Nonmember size": 230.0,
                "ROC AUC Individual": 0.5518678079473952,
                "MIA": {
                    "1": 0.5518678079473952,
                    "best": {
                        "s": 1,
                        "ROC AUC": 0.5518678079473952
                    }
                }
            },
            "3": {
                "Member size": 767.0,
                "Nonmember size": 230.0,
                "ROC AUC Individual": 0.5691850899256765,
                "MIA": {
                    "1": 0.6134856300663227,
                    "3": 0.6070190394998579,
                    "best": {
                        "s": 1,
                        "ROC AUC": 0.6134856300663227
                    }
                }
            },
            "5": {
                "Member size": 767.0,
                "Nonmember size": 230.0,
                "ROC AUC Individual": 0.5762682672233821,
                "MIA": {
                    "1": 0.590998242730004,
                    "3": 0.6257828928672919,
                    "5": 0.6301217846574095,
                    "best": {
                        "s": 5,
                        "ROC AUC": 0.6301217846574095
                    }
                }
            },
            "8": {
                "Member size": 767.0,
                "Nonmember size": 230.0,
                "ROC AUC Individual": 0.5654130984198101,
                "MIA": {
                    "1": 0.5538641019804235,
                    "3": 0.59207830639654,
                    "5": 0.6214944229455952,
                    "8": 0.6225301616207604,
                    "best": {
                        "s": 8,
                        "ROC AUC": 0.6225301616207604
                    }
                }
            },
            "10": {
                "Member size": 767.0,
                "Nonmember size": 230.0,
                "ROC AUC Individual": 0.5592467718794836,
                "MIA": {
                    "1": 0.5465740951513771,
                    "3": 0.5794730252674709,
                    "5": 0.6035283405417711,
                    "8": 0.632648531755065,
                    "10": 0.6251707261552469,
                    "best": {
                        "s": 8,
                        "ROC AUC": 0.632648531755065
                    }
                }
            },
            "30": {
                "Member size": 767.0,
                "Nonmember size": 230.0,
                "ROC AUC Individual": 0.5699524467214556,
                "MIA": {
                    "1": 0.5621898474846346,
                    "3": 0.5790541621893506,