{
    "average": {
        "max": {
            "1": {
                "Member size": 922.0,
                "Nonmember size": 74.0,
                "ROC AUC Individual": 0.33230624761569383,
                "MIA": {
                    "1": 0.33230624761569383,
                    "best": {
                        "s": 1,
                        "ROC AUC": 0.33230624761569383
                    }
                }
            },
            "3": {
                "Member size": 922.0,
                "Nonmember size": 74.0,
                "ROC AUC Individual": 0.3996199528037444,
                "MIA": {
                    "1": 0.4376705695923937,
                    "3": 0.36132491186839005,
                    "best": {
                        "s": 1,
                        "ROC AUC": 0.4376705695923937
                    }
                }
            },
            "5": {
                "Member size": 922.0,
                "Nonmember size": 74.0,
                "ROC AUC Individual": 0.389828639144897,
                "MIA": {
                    "1": 0.41498664788567075,
                    "3": 0.3439482961222092,
                    "5": 0.31925124253742315,
                    "best": {
                        "s": 1,
                        "ROC AUC": 0.41498664788567075
                    }
                }
            },
            "8": {
                "Member size": 922.0,
                "Nonmember size": 74.0,
                "ROC AUC Individual": 0.40065079490177824,
                "MIA": {
                    "1": 0.44798544472811574,
                    "3": 0.38298559145464683,
                    "5": 0.3368977673325499,
                    "8": 0.3016204452548304,
                    "best": {
                        "s": 1,
                        "ROC AUC": 0.44798544472811574
                    }
                }
            },
            "10": {
                "Member size": 922.0,
                "Nonmember size": 74.0,
                "ROC AUC Individual": 0.4180701265562904,
                "MIA": {
                    "1": 0.4825542154532383,
                    "3": 0.4386389646975966,
                    "5": 0.38290246768507635,
                    "8": 0.32992677116725,
                    "10": 0.3057856111291225,
                    "best": {
                        "s": 1,
                        "ROC AUC": 0.4825542154532383
                    }
                }
            },
            "30": {
                "Member size": 922.0,
                "Nonmember size": 74.0,
                "ROC AUC Individual": 0.419560278516555,
                "MIA": {
                    "1": 0.523446899668398,
                    "3": 0.49445373712474683,
                    "5": 0.474704346039851,
                    "8": 0.42144261525369014,
                    "10": 0.3874460779998239,
                    "30": 0.18727983185814512,
                    "best": {
                        "s": 1,
                        "ROC AUC": 0.523446899668398
                    }
                }
            },
            "50": {
                "Member size": 922.0,
                "Nonmember size": 74.0,
                "ROC AUC Individual": 0.42032417593754,
                "MIA": {
                    "1": 0.48579687179035713,
                    "3": 0.47486574522405134,
                    "5": 0.46462423335387504,
                    "8": 0.4445813892067963,
                    "10": 0.4198579687179036,
                    "30": 0.2186571773078846,
                    "50": 0.13577537273896922,
                    "best": {
                        "s": 1,
                        "ROC AUC": 0.48579687179035713
                    }
                }
            },
            "80": {
                "Member size": 922.0,
                "Nonmember size": 74.0,
                "ROC AUC Individual": 0.4158881454335783,
                "MIA": {
                    "1": 0.5045045045045046,
                    "3": 0.5030665844998092,
                    "5": 0.48631041464917685,
                    "8": 0.4607946708923907,
                    "10": 0.44791208146257006,
                    "30": 0.2535105757931845,
                    "50": 0.1436626919086357,
                    "80": 0.07495023018539256,
                    "best": {
                        "s": 1,
                        "ROC AUC": 0.5045045045045046
                    }
                }
            },
            "100": {
                "Member size": 922.0,
                "Nonmember size": 74.0,
                "ROC AUC Individual": 0.41399277286685243,
                "MIA": {
                    "1": 0.5000880359186548,
                    "3": 0.49721219590926435,
                    "5": 0.4928250726296329,
                    "8": 0.47360389705666583,
                    "10": 0.4585791002729114,
                    "30": 0.2881216363262065,
                    "50": 0.15806923158069233,
                    "80": 0.07762052524029367,
                    "100": 0.0580850930115636,
                    "best": {
                        "s": 1,
                        "ROC AUC": 0.5000880359186548
                    }
                }
            }
        },
        "min": {
            "1": {
                "Member size": 922.0,
                "Nonmember size": 74.0,
                "ROC AUC Individual": 0.33230624761569383,
                "MIA": {
                    "1": 0.33230624761569383,
                    "best": {
                        "s": 1,
                        "ROC AUC": 0.33230624761569383
                    }
                }
            },
            "3": {
                "Member size": 922.0,
                "Nonmember size": 74.0,
                "ROC AUC Individual": 0.3996199528037444,
                "MIA": {
                    "1": 0.3455116354139155,
                    "3": 0.36132491186839005,
                    "best": {
                        "s": 3,
                        "ROC AUC": 0.36132491186839005
                    }
                }
            },
            "5": {
                "Member size": 922.0,
                "Nonmember size": 74.0,
                "ROC AUC Individual": 0.389828639144897,
                "MIA": {
                    "1": 0.3600522346450685,
                    "3": 0.27961222091656873,
                    "5": 0.31925124253742315,
                    "best": {
                        "s": 1,
                        "ROC AUC": 0.3600522346450685
                    }
                }
            },
            "8": {
                "Member size": 922.0,
                "Nonmember size": 74.0,
                "ROC AUC Individual": 0.40065079490177824,
                "MIA": {
                    "1": 0.3217244418331375,
                    "3": 0.2713290003823192,
                    "5": 0.2533894068170456,
                    "8": 0.3016204452548304,
                    "best": {
                        "s": 1,
                        "ROC AUC": 0.3217244418331375
                    }
                }
            },
            "10": {
                "Member size": 922.0,
                "Nonmember size": 74.0,
                "ROC AUC Individual": 0.4180701265562904,
                "MIA": {
                    "1": 0.3378084286680587,
                    "3": 0.28035761550451427,
                    "5": 0.2569332117754316,
                    "8": 0.26130047348763347,
                    "10": 0.3057856111291225,
                    "best": {
                        "s": 1,
                        "ROC AUC": 0.3378084286680587
                    }
                }
            },
            "30": {
                "Member size": 922.0,
                "Nonmember size": 74.0,
                "ROC AUC Individual": 0.419560278516555,
                "MIA": {
                    "1": 0.2792743670606266,
                    "3": 0.21317382956727218,