{
    "average": {
        "max": {
            "1": {
                "Member size": 76700.0,
                "Nonmember size": 23000.0,
                "ROC AUC Individual": 0.6241316216939088,
                "MIA": {
                    "1": 0.6241316216939088,
                    "best": {
                        "s": 1,
                        "ROC AUC": 0.6241316216939088
                    }
                }
            },
            "3": {
                "Member size": 26078.0,
                "Nonmember size": 7820.0,
                "ROC AUC Individual": 0.6241316216939088,
                "MIA": {
                    "1": 0.697511001365822,
                    "3": 0.6688270267642328,
                    "best": {
                        "s": 1,
                        "ROC AUC": 0.697511001365822
                    }
                }
            },
            "5": {
                "Member size": 15340.0,
                "Nonmember size": 4600.0,
                "ROC AUC Individual": 0.6241316216939088,
                "MIA": {
                    "1": 0.7240215026716647,
                    "3": 0.755562843682509,
                    "5": 0.6998648799908298,
                    "best": {
                        "s": 3,
                        "ROC AUC": 0.755562843682509
                    }
                }
            },
            "8": {
                "Member size": 9971.0,
                "Nonmember size": 2990.0,
                "ROC AUC Individual": 0.6241316216939088,
                "MIA": {
                    "1": 0.7281188355931196,
                    "3": 0.7740856185949017,
                    "5": 0.7821828589529394,
                    "8": 0.7264620711014013,
                    "best": {
                        "s": 5,
                        "ROC AUC": 0.7821828589529394
                    }
                }
            },
            "10": {
                "Member size": 7670.0,
                "Nonmember size": 2300.0,
                "ROC AUC Individual": 0.6241316216939088,
                "MIA": {
                    "1": 0.7309433010468872,
                    "3": 0.7965848111775199,
                    "5": 0.8223724769314095,
                    "8": 0.8158685697691586,
                    "10": 0.7512654303792228,
                    "best": {
                        "s": 5,
                        "ROC AUC": 0.8223724769314095
                    }
                }
            },
            "30": {
                "Member size": 3068.0,
                "Nonmember size": 920.0,
                "ROC AUC Individual": 0.6241316216939088,
                "MIA": {
                    "1": 0.6855509561815114,
                    "3": 0.747299442877192,
                    "5": 0.7727982662565033,
                    "8": 0.7711832439944412,
                    "10": 0.7523957372863324,
                    "30": 0.8161389885252385,
                    "best": {
                        "s": 30,
                        "ROC AUC": 0.8161389885252385
                    }
                }
            },
            "50": {
                "Member size": 1534.0,
                "Nonmember size": 460.0,
                "ROC AUC Individual": 0.6241316216939088,
                "MIA": {
                    "1": 0.6606910039113429,
                    "3": 0.7584915821098578,
                    "5": 0.8152443172155773,
                    "8": 0.8681268068703588,
                    "10": 0.8921291310016439,
                    "30": 0.960801541862706,
                    "50": 0.8938055122829756,
                    "best": {
                        "s": 30,
                        "ROC AUC": 0.960801541862706
                    }
                }
            },
            "80": {
                "Member size": 1534.0,
                "Nonmember size": 460.0,
                "ROC AUC Individual": 0.6241316216939088,
                "MIA": {
                    "1": 0.6522348506320503,
                    "3": 0.708648886117567,
                    "5": 0.7343305368176407,
                    "8": 0.7461255030893938,
                    "10": 0.7454055892523099,
                    "30": 0.7014672846702874,
                    "50": 0.7418296745536859,
                    "80": 0.8547972482930577,
                    "best": {
                        "s": 80,
                        "ROC AUC": 0.8547972482930577
                    }
                }
            },
            "100": {
                "Member size": 767.0,
                "Nonmember size": 230.0,
                "ROC AUC Individual": 0.6241316216939088,
                "MIA": {
                    "1": 0.5930389433705572,
                    "3": 0.6980216541012414,
                    "5": 0.7699733575194149,
                    "8": 0.8353041210815714,
                    "10": 0.8647695708860043,
                    "30": 0.9592993594467435,
                    "50": 0.9774171791764786,
                    "80": 0.9762911817828482,
                    "100": 0.9317194611954438,
                    "best": {
                        "s": 50,
                        "ROC AUC": 0.9774171791764786
                    }
                }
            }
        },
        "min": {
            "1": {
                "Member size": 76700.0,
                "Nonmember size": 23000.0,
                "ROC AUC Individual": 0.6241316216939088,
                "MIA": {
                    "1": 0.6241316216939088,
                    "best": {
                        "s": 1,
                        "ROC AUC": 0.6241316216939088
                    }
                }
            },
            "3": {
                "Member size": 26078.0,
                "Nonmember size": 7820.0,
                "ROC AUC Individual": 0.6241316216939088,
                "MIA": {
                    "1": 0.6123754588500121,
                    "3": 0.6688270267642328,
                    "best": {
                        "s": 3,
                        "ROC AUC": 0.6688270267642328
                    }
                }
            },
            "5": {
                "Member size": 15340.0,
                "Nonmember size": 4600.0,
                "ROC AUC Individual": 0.6241316216939088,
                "MIA": {
                    "1": 0.6039237354903422,
                    "3": 0.6582971533640742,
                    "5": 0.6998648799908298,
                    "best": {
                        "s": 5,
                        "ROC AUC": 0.6998648799908298
                    }
                }
            },
            "8": {
                "Member size": 9971.0,
                "Nonmember size": 2990.0,
                "ROC AUC Individual": 0.6241316216939088,
                "MIA": {
                    "1": 0.5960477709271675,
                    "3": 0.6421192207402794,
                    "5": 0.6788314479466326,
                    "8": 0.7264620711014013,
                    "best": {
                        "s": 8,
                        "ROC AUC": 0.7264620711014013
                    }
                }
            },
            "10": {
                "Member size": 7670.0,
                "Nonmember size": 2300.0,
                "ROC AUC Individual": 0.6241316216939088,
                "MIA": {
                    "1": 0.5916159341502965,
                    "3": 0.6395832672285671,
                    "5": 0.6787464139811334,
                    "8": 0.7273952689158756,
                    "10": 0.7512654303792228,
                    "best": {
                        "s": 10,
                        "ROC AUC": 0.7512654303792228
                    }
                }
            },
            "30": {
                "Member size": 3068.0,
                "Nonmember size": 920.0,
                "ROC AUC Individual": 0.6241316216939088,
                "MIA": {
                    "1": 0.5659802117093449,