{
    "average": {
        "max": {
            "1": {
                "Member size": 76700.0,
                "Nonmember size": 23000.0,
                "ROC AUC Individual": 0.5350667372130407,
                "MIA": {
                    "1": 0.5350667372130407,
                    "best": {
                        "s": 1,
                        "ROC AUC": 0.5350667372130407
                    }
                }
            },
            "3": {
                "Member size": 26078.0,
                "Nonmember size": 7820.0,
                "ROC AUC Individual": 0.5350667372130407,
                "MIA": {
                    "1": 0.5316571173552583,
                    "3": 0.5539191918659656,
                    "best": {
                        "s": 3,
                        "ROC AUC": 0.5539191918659656
                    }
                }
            },
            "5": {
                "Member size": 15340.0,
                "Nonmember size": 4600.0,
                "ROC AUC Individual": 0.5350667372130407,
                "MIA": {
                    "1": 0.5222914589059314,
                    "3": 0.5428677084943667,
                    "5": 0.5629276154236901,
                    "best": {
                        "s": 5,
                        "ROC AUC": 0.5629276154236901
                    }
                }
            },
            "8": {
                "Member size": 9971.0,
                "Nonmember size": 2990.0,
                "ROC AUC Individual": 0.5350667372130407,
                "MIA": {
                    "1": 0.5140652373488468,
                    "3": 0.5328209757941927,
                    "5": 0.5469876008889536,
                    "8": 0.5728231090974806,
                    "best": {
                        "s": 8,
                        "ROC AUC": 0.5728231090974806
                    }
                }
            },
            "10": {
                "Member size": 7670.0,
                "Nonmember size": 2300.0,
                "ROC AUC Individual": 0.5350667372130407,
                "MIA": {
                    "1": 0.49993471737415696,
                    "3": 0.524732331308362,
                    "5": 0.5423820648945601,
                    "8": 0.5626078742080147,
                    "10": 0.5793537736537528,
                    "best": {
                        "s": 10,
                        "ROC AUC": 0.5793537736537528
                    }
                }
            },
            "30": {
                "Member size": 3068.0,
                "Nonmember size": 920.0,
                "ROC AUC Individual": 0.5350667372130407,
                "MIA": {
                    "1": 0.4753327851887555,
                    "3": 0.48605704483917156,
                    "5": 0.5029280843764619,
                    "8": 0.5179062531010334,
                    "10": 0.5236286261436981,
                    "30": 0.5995213183820077,
                    "best": {
                        "s": 30,
                        "ROC AUC": 0.5995213183820077
                    }
                }
            },
            "50": {
                "Member size": 1534.0,
                "Nonmember size": 460.0,
                "ROC AUC Individual": 0.5350667372130407,
                "MIA": {
                    "1": 0.4495982370613911,
                    "3": 0.44276118133892634,
                    "5": 0.4584023014568335,
                    "8": 0.48258885550705743,
                    "10": 0.495466526840882,
                    "30": 0.5641346862422766,
                    "50": 0.6112534457132967,
                    "best": {
                        "s": 50,
                        "ROC AUC": 0.6112534457132967
                    }
                }
            },
            "80": {
                "Member size": 1534.0,
                "Nonmember size": 460.0,
                "ROC AUC Individual": 0.5350667372130407,
                "MIA": {
                    "1": 0.4553851822459044,
                    "3": 0.4670979536307466,
                    "5": 0.47958023921546394,
                    "8": 0.4957372031063999,
                    "10": 0.5040388866844283,
                    "30": 0.5385034265078056,
                    "50": 0.5614457659913499,
                    "80": 0.6098100727122395,
                    "best": {
                        "s": 80,
                        "ROC AUC": 0.6098100727122395
                    }
                }
            },
            "100": {
                "Member size": 767.0,
                "Nonmember size": 230.0,
                "ROC AUC Individual": 0.5350667372130407,
                "MIA": {
                    "1": 0.43421007879371915,
                    "3": 0.4236551215917465,
                    "5": 0.4180091831528825,
                    "8": 0.42862649509664985,
                    "10": 0.4403491865540502,
                    "30": 0.5201575874383538,
                    "50": 0.5567377095765843,
                    "80": 0.5863824950269964,
                    "100": 0.6135602227305283,
                    "best": {
                        "s": 100,
                        "ROC AUC": 0.6135602227305283
                    }
                }
            }
        },
        "min": {
            "1": {
                "Member size": 76700.0,
                "Nonmember size": 23000.0,
                "ROC AUC Individual": 0.5350667372130407,
                "MIA": {
                    "1": 0.5350667372130407,
                    "best": {
                        "s": 1,
                        "ROC AUC": 0.5350667372130407
                    }
                }
            },
            "3": {
                "Member size": 26078.0,
                "Nonmember size": 7820.0,
                "ROC AUC Individual": 0.5350667372130407,
                "MIA": {
                    "1": 0.5590689433637476,
                    "3": 0.5539191918659656,
                    "best": {
                        "s": 1,
                        "ROC AUC": 0.5590689433637476
                    }
                }
            },
            "5": {
                "Member size": 15340.0,
                "Nonmember size": 4600.0,
                "ROC AUC Individual": 0.5350667372130407,
                "MIA": {
                    "1": 0.5756432215137568,
                    "3": 0.5792812887995766,
                    "5": 0.5629276154236901,
                    "best": {
                        "s": 3,
                        "ROC AUC": 0.5792812887995766
                    }
                }
            },
            "8": {
                "Member size": 9971.0,
                "Nonmember size": 2990.0,
                "ROC AUC Individual": 0.5350667372130407,
                "MIA": {
                    "1": 0.5908859185514046,
                    "3": 0.5883003023126946,
                    "5": 0.5880821584142693,
                    "8": 0.5728231090974806,
                    "best": {
                        "s": 1,
                        "ROC AUC": 0.5908859185514046
                    }
                }
            },
            "10": {
                "Member size": 7670.0,
                "Nonmember size": 2300.0,
                "ROC AUC Individual": 0.5350667372130407,
                "MIA": {
                    "1": 0.6030758163777011,
                    "3": 0.6011380776429073,
                    "5": 0.5992143482870456,
                    "8": 0.6021736377605429,
                    "10": 0.5793537736537528,
                    "best": {
                        "s": 1,
                        "ROC AUC": 0.6030758163777011
                    }
                }
            },
            "30": {
                "Member size": 3068.0,
                "Nonmember size": 920.0,
                "ROC AUC Individual": 0.5350667372130407,
                "MIA": {
                    "1": 0.6249790697014417,