{
    "average": {
        "max": {
            "1": {
                "Member size": 76700.0,
                "Nonmember size": 23000.0,
                "ROC AUC Individual": 0.4560463862462644,
                "MIA": {
                    "1": 0.4560463862462644,
                    "best": {
                        "s": 1,
                        "ROC AUC": 0.4560463862462644
                    }
                }
            },
            "3": {
                "Member size": 26078.0,
                "Nonmember size": 7820.0,
                "ROC AUC Individual": 0.4560463862462644,
                "MIA": {
                    "1": 0.4703284372984676,
                    "3": 0.4412214305661015,
                    "best": {
                        "s": 1,
                        "ROC AUC": 0.4703284372984676
                    }
                }
            },
            "5": {
                "Member size": 15340.0,
                "Nonmember size": 4600.0,
                "ROC AUC Individual": 0.4560463862462644,
                "MIA": {
                    "1": 0.48153837769558017,
                    "3": 0.45115307105539215,
                    "5": 0.43049345279248846,
                    "best": {
                        "s": 1,
                        "ROC AUC": 0.48153837769558017
                    }
                }
            },
            "8": {
                "Member size": 9971.0,
                "Nonmember size": 2990.0,
                "ROC AUC Individual": 0.4560463862462644,
                "MIA": {
                    "1": 0.4865739071400708,
                    "3": 0.4678686344798338,
                    "5": 0.4445220750725638,
                    "8": 0.42264917817808534,
                    "best": {
                        "s": 1,
                        "ROC AUC": 0.4865739071400708
                    }
                }
            },
            "10": {
                "Member size": 7670.0,
                "Nonmember size": 2300.0,
                "ROC AUC Individual": 0.4560463862462644,
                "MIA": {
                    "1": 0.48985297569949254,
                    "3": 0.47497159978903103,
                    "5": 0.45307248984215087,
                    "8": 0.41910485043419987,
                    "10": 0.4130278603962814,
                    "best": {
                        "s": 1,
                        "ROC AUC": 0.48985297569949254
                    }
                }
            },
            "30": {
                "Member size": 3068.0,
                "Nonmember size": 920.0,
                "ROC AUC Individual": 0.4560463862462644,
                "MIA": {
                    "1": 0.49287276193986473,
                    "3": 0.48407911710919893,
                    "5": 0.4774266029684864,
                    "8": 0.46868210953231804,
                    "10": 0.46431307184906734,
                    "30": 0.37610108696464667,
                    "best": {
                        "s": 1,
                        "ROC AUC": 0.49287276193986473
                    }
                }
            },
            "50": {
                "Member size": 1534.0,
                "Nonmember size": 460.0,
                "ROC AUC Individual": 0.4560463862462644,
                "MIA": {
                    "1": 0.4730910946091491,
                    "3": 0.4781326171985715,
                    "5": 0.47974179468284106,
                    "8": 0.4778796553483362,
                    "10": 0.47325406722974883,
                    "30": 0.3970537384502013,
                    "50": 0.322331369258873,
                    "best": {
                        "s": 5,
                        "ROC AUC": 0.47974179468284106
                    }
                }
            },
            "80": {
                "Member size": 1534.0,
                "Nonmember size": 460.0,
                "ROC AUC Individual": 0.4560463862462644,
                "MIA": {
                    "1": 0.47223371690947225,
                    "3": 0.48159826540445555,
                    "5": 0.48129271958932474,
                    "8": 0.476885334240903,
                    "10": 0.4740513060495193,
                    "30": 0.4461487024812201,
                    "50": 0.4185617490829556,
                    "80": 0.333831146816354,
                    "best": {
                        "s": 3,
                        "ROC AUC": 0.48159826540445555
                    }
                }
            },
            "100": {
                "Member size": 767.0,
                "Nonmember size": 230.0,
                "ROC AUC Individual": 0.4560463862462644,
                "MIA": {
                    "1": 0.45637435519528374,
                    "3": 0.4612436936681594,
                    "5": 0.46820475029760217,
                    "8": 0.4722918201915991,
                    "10": 0.47258658806190124,
                    "30": 0.44788277308542596,
                    "50": 0.39866023457326416,
                    "80": 0.3081403324264387,
                    "100": 0.27242323421362724,
                    "best": {
                        "s": 10,
                        "ROC AUC": 0.47258658806190124
                    }
                }
            }
        },
        "min": {
            "1": {
                "Member size": 76700.0,
                "Nonmember size": 23000.0,
                "ROC AUC Individual": 0.4560463862462644,
                "MIA": {
                    "1": 0.4560463862462644,
                    "best": {
                        "s": 1,
                        "ROC AUC": 0.4560463862462644
                    }
                }
            },
            "3": {
                "Member size": 26078.0,
                "Nonmember size": 7820.0,
                "ROC AUC Individual": 0.4560463862462644,
                "MIA": {
                    "1": 0.4303384737612582,
                    "3": 0.4412214305661015,
                    "best": {
                        "s": 3,
                        "ROC AUC": 0.4412214305661015
                    }
                }
            },
            "5": {
                "Member size": 15340.0,
                "Nonmember size": 4600.0,
                "ROC AUC Individual": 0.4560463862462644,
                "MIA": {
                    "1": 0.42535870842621537,
                    "3": 0.4083653528436453,
                    "5": 0.43049345279248846,
                    "best": {
                        "s": 5,
                        "ROC AUC": 0.43049345279248846
                    }
                }
            },
            "8": {
                "Member size": 9971.0,
                "Nonmember size": 2990.0,
                "ROC AUC Individual": 0.4560463862462644,
                "MIA": {
                    "1": 0.43030061536495234,
                    "3": 0.4104348827453464,
                    "5": 0.4018831292149899,
                    "8": 0.42264917817808534,
                    "best": {
                        "s": 1,
                        "ROC AUC": 0.43030061536495234
                    }
                }
            },
            "10": {
                "Member size": 7670.0,
                "Nonmember size": 2300.0,
                "ROC AUC Individual": 0.4560463862462644,
                "MIA": {
                    "1": 0.43298090125120337,
                    "3": 0.40667329864650037,
                    "5": 0.3910891491047991,
                    "8": 0.3875938511124714,
                    "10": 0.4130278603962814,
                    "best": {
                        "s": 1,
                        "ROC AUC": 0.43298090125120337
                    }
                }
            },
            "30": {
                "Member size": 3068.0,
                "Nonmember size": 920.0,
                "ROC AUC Individual": 0.4560463862462644,