{
    "fasttext": {
        "final average": 0.8877921921019766,
        "member": {
            "pt": 0.9191854000091553,
            "es": 0.9628574848175049,
            "ca": 0.9444132447242737
        },
        "nonmember": {
            "ru": 0.9137833118438721,
            "hu": 0.7862423062324524,
            "it": 0.8912357687950134,
            "uk": 0.8845266103744507,
            "sv": 0.9219251275062561,
            "pl": 0.8383135795593262,
            "ro": 0.836076021194458,
            "nl": 0.9182267189025879,
            "sl": 0.7926286190822918,
            "de": 0.8778839111328125,
            "bg": 0.9514270424842834,
            "da": 0.8781577348709106
        }
    },
    "tf-idf": {
        "final average": 0.049068426760361786,
        "member": {
            "pt": 0.05534764698099316,
            "es": 0.11284373667006042,
            "ca": 0.08936862416629567
        },
        "nonmember": {
            "ru": 0.018279683575240728,
            "hu": 0.030862114077613103,
            "it": 0.048392947705493114,
            "uk": 0.01975270014083973,
            "sv": 0.03503650755781749,
            "pl": 0.01603409643376864,
            "ro": 0.04339675509041757,
            "nl": 0.0844448851573587,
            "sl": 0.03335686404521148,
            "de": 0.060450272732035834,
            "bg": 0.04611844165732763,
            "da": 0.04234112541495362
        }
    },
    "n-gram-2": {
        "final average": 0.014658544179124896,
        "member": {
            "pt": 0.005437470153512654,
            "es": 0.012634675711868144,
            "ca": 0.009878501164529738
        },
        "nonmember": {
            "ru": 0.0013953521911403998,
            "hu": 0.01137052883361619,
            "it": 0.0048016060590188,
            "uk": 0.00233501450561593,
            "sv": 0.0732039287112552,
            "pl": 0.0028816071979877755,
            "ro": 0.008445112532453565,
            "nl": 0.06629293364109999,
            "sl": 0.008274821729357519,
            "de": 0.003904739567231609,
            "bg": 0.0034514224346394785,
            "da": 0.005570448253546438
        }
    },
    "n-gram-3": {
        "final average": 0.006844785854339666,
        "member": {
            "pt": 0.0009718142857988448,
            "es": 0.002458813162434622,
            "ca": 0.0016163474757289195
        },
        "nonmember": {
            "ru": 0.0003276740195619153,
            "hu": 0.005928709373627036,
            "it": 0.001094735716804356,
            "uk": 0.000928980771753098,
            "sv": 0.038895998385690134,
            "pl": 0.0007187622014994902,
            "ro": 0.0031168256866446952,
            "nl": 0.04016608685697583,
            "sl": 0.0042314005434841585,
            "de": 0.0004156768866717255,
            "bg": 0.0008617083968629812,
            "da": 0.0009382540515571823
        }
    },
    "n-gram-7": {
        "final average": 0.00209226385558441,
        "member": {
            "pt": 0.00012779723876388645,
            "es": 0.00036119565026270504,
            "ca": 0.0003250041073972618
        },
        "nonmember": {
            "ru": 6.182564274815282e-05,
            "hu": 0.0018005526104501422,
            "it": 4.854957919974747e-05,
            "uk": 0.00019285644040428608,
            "sv": 0.012574260794368778,
            "pl": 0.00010413245086967485,
            "ro": 0.0005949901654784555,
            "nl": 0.013805418290972357,
            "sl": 0.0011837024815517696,
            "de": 1.777303830089754e-06,
            "bg": 2.8783737260027963e-05,
            "da": 0.0001731113402088166
        }
    },
    "n-gram-13": {
        "final average": 0.00025743571010742667,
        "member": {
            "pt": 0.0,
            "es": 9.225046188423421e-05,
            "ca": 0.00010704471524799042
        },
        "nonmember": {
            "ru": 1.2705673083031574e-05,
            "hu": 0.00044069652192726613,
            "it": 0.0,
            "uk": 7.146619359008738e-05,
            "sv": 0.00013106634384304388,
            "pl": 0.0,
            "ro": 0.00013388942217999877,
            "nl": 0.002565588240909822,
            "sl": 0.00025696887307648903,
            "de": 0.0,
            "bg": 5.941770647653e-06,
            "da": 4.3917435221783044e-05
        }
    }
}