{
    "average": {
        "max": {
            "1": {
                "Member size": 76700.0,
                "Nonmember size": 23000.0,
                "ROC AUC Individual": 0.4802200846207576,
                "MIA": {
                    "1": 0.4802200846207576,
                    "best": {
                        "s": 1,
                        "ROC AUC": 0.4802200846207576
                    }
                }
            },
            "3": {
                "Member size": 26078.0,
                "Nonmember size": 7820.0,
                "ROC AUC Individual": 0.4802200846207576,
                "MIA": {
                    "1": 0.4822935615439126,
                    "3": 0.4689177455011514,
                    "best": {
                        "s": 1,
                        "ROC AUC": 0.4822935615439126
                    }
                }
            },
            "5": {
                "Member size": 15340.0,
                "Nonmember size": 4600.0,
                "ROC AUC Individual": 0.4802200846207576,
                "MIA": {
                    "1": 0.4811486107252802,
                    "3": 0.4721572113571467,
                    "5": 0.46124776236785264,
                    "best": {
                        "s": 1,
                        "ROC AUC": 0.4811486107252802
                    }
                }
            },
            "8": {
                "Member size": 9971.0,
                "Nonmember size": 2990.0,
                "ROC AUC Individual": 0.4802200846207576,
                "MIA": {
                    "1": 0.4769515709269255,
                    "3": 0.47322527594741015,
                    "5": 0.4658308761951288,
                    "8": 0.45176189871563877,
                    "best": {
                        "s": 1,
                        "ROC AUC": 0.4769515709269255
                    }
                }
            },
            "10": {
                "Member size": 7670.0,
                "Nonmember size": 2300.0,
                "ROC AUC Individual": 0.4802200846207576,
                "MIA": {
                    "1": 0.47039336799197223,
                    "3": 0.46960284826279786,
                    "5": 0.46290666212881815,
                    "8": 0.4495817281232801,
                    "10": 0.4424791491569108,
                    "best": {
                        "s": 1,
                        "ROC AUC": 0.47039336799197223
                    }
                }
            },
            "30": {
                "Member size": 3068.0,
                "Nonmember size": 920.0,
                "ROC AUC Individual": 0.4802200846207576,
                "MIA": {
                    "1": 0.4573179073163125,
                    "3": 0.4580837293425066,
                    "5": 0.46386800482303714,
                    "8": 0.46612555341128387,
                    "10": 0.4660765977977069,
                    "30": 0.4226155707498764,
                    "best": {
                        "s": 8,
                        "ROC AUC": 0.46612555341128387
                    }
                }
            },
            "50": {
                "Member size": 1534.0,
                "Nonmember size": 460.0,
                "ROC AUC Individual": 0.4802200846207576,
                "MIA": {
                    "1": 0.44403803639249473,
                    "3": 0.432403208434896,
                    "5": 0.4313707138602909,
                    "8": 0.4346875974928387,
                    "10": 0.43736093767737544,
                    "30": 0.4196021355749297,
                    "50": 0.3925688463172531,
                    "best": {
                        "s": 1,
                        "ROC AUC": 0.44403803639249473
                    }
                }
            },
            "80": {
                "Member size": 1534.0,
                "Nonmember size": 460.0,
                "ROC AUC Individual": 0.4802200846207576,
                "MIA": {
                    "1": 0.4513066152712431,
                    "3": 0.45109829374752003,
                    "5": 0.4563176690663795,
                    "8": 0.4619338472875687,
                    "10": 0.4646505300153052,
                    "30": 0.46242296878993555,
                    "50": 0.44809498065103576,
                    "80": 0.40865623261050243,
                    "best": {
                        "s": 10,
                        "ROC AUC": 0.4646505300153052
                    }
                }
            },
            "100": {
                "Member size": 767.0,
                "Nonmember size": 230.0,
                "ROC AUC Individual": 0.4802200846207576,
                "MIA": {
                    "1": 0.4361997619182586,
                    "3": 0.42113258885550703,
                    "5": 0.41281106513236204,
                    "8": 0.4057876537611247,
                    "10": 0.406297828921263,
                    "30": 0.4204222953797253,
                    "50": 0.407852299276312,
                    "80": 0.3755527623835914,
                    "100": 0.36248584829370856,
                    "best": {
                        "s": 1,
                        "ROC AUC": 0.4361997619182586
                    }
                }
            }
        },
        "min": {
            "1": {
                "Member size": 76700.0,
                "Nonmember size": 23000.0,
                "ROC AUC Individual": 0.4802200846207576,
                "MIA": {
                    "1": 0.4802200846207576,
                    "best": {
                        "s": 1,
                        "ROC AUC": 0.4802200846207576
                    }
                }
            },
            "3": {
                "Member size": 26078.0,
                "Nonmember size": 7820.0,
                "ROC AUC Individual": 0.4802200846207576,
                "MIA": {
                    "1": 0.4648076220562535,
                    "3": 0.4689177455011514,
                    "best": {
                        "s": 3,
                        "ROC AUC": 0.4689177455011514
                    }
                }
            },
            "5": {
                "Member size": 15340.0,
                "Nonmember size": 4600.0,
                "ROC AUC Individual": 0.4802200846207576,
                "MIA": {
                    "1": 0.45760479746433513,
                    "3": 0.45326424436988993,
                    "5": 0.46124776236785264,
                    "best": {
                        "s": 5,
                        "ROC AUC": 0.46124776236785264
                    }
                }
            },
            "8": {
                "Member size": 9971.0,
                "Nonmember size": 2990.0,
                "ROC AUC Individual": 0.4802200846207576,
                "MIA": {
                    "1": 0.45498090545263237,
                    "3": 0.4414624075635034,
                    "5": 0.44310193535479264,
                    "8": 0.45176189871563877,
                    "best": {
                        "s": 1,
                        "ROC AUC": 0.45498090545263237
                    }
                }
            },
            "10": {
                "Member size": 7670.0,
                "Nonmember size": 2300.0,
                "ROC AUC Individual": 0.4802200846207576,
                "MIA": {
                    "1": 0.4540020536443678,
                    "3": 0.4333159268929504,
                    "5": 0.4289275789110262,
                    "8": 0.4377852141530111,
                    "10": 0.4424791491569108,
                    "best": {
                        "s": 1,
                        "ROC AUC": 0.4540020536443678
                    }
                }
            },
            "30": {
                "Member size": 3068.0,
                "Nonmember size": 920.0,
                "ROC AUC Individual": 0.4802200846207576,
                "MIA": {
                    "1": 0.46257828221875186,