{
    "1": {
        "1": {
            "ROC AUC": 0.51,
            "Group size": 100,
            "ROC AUC Individual": 0.51,
            "ROC AUC Individual with set label": 0.51
        },
        "best": {
            "s": 1,
            "ROC AUC": 0.51
        }
    },
    "3": {
        "1": {
            "ROC AUC": 0.5663000000000001,
            "Group size": 100,
            "ROC AUC Individual": 0.5671888888888889,
            "ROC AUC Individual with set label": 0.5663000000000001
        },
        "3": {
            "ROC AUC": 0.595,
            "Group size": 100,
            "ROC AUC Individual": 0.5671888888888889,
            "ROC AUC Individual with set label": 0.595
        },
        "best": {
            "s": 3,
            "ROC AUC": 0.595
        }
    },
    "5": {
        "1": {
            "ROC AUC": 0.5377,
            "Group size": 100,
            "ROC AUC Individual": 0.5508200000000001,
            "ROC AUC Individual with set label": 0.5377
        },
        "3": {
            "ROC AUC": 0.5713000000000001,
            "Group size": 100,
            "ROC AUC Individual": 0.5508200000000001,
            "ROC AUC Individual with set label": 0.5713000000000001
        },
        "5": {
            "ROC AUC": 0.6091,
            "Group size": 100,
            "ROC AUC Individual": 0.5508200000000001,
            "ROC AUC Individual with set label": 0.6091
        },
        "best": {
            "s": 5,
            "ROC AUC": 0.6091
        }
    },
    "10": {
        "1": {
            "ROC AUC": 0.5877,
            "Group size": 100,
            "ROC AUC Individual": 0.5675349999999999,
            "ROC AUC Individual with set label": 0.5877
        },
        "3": {
            "ROC AUC": 0.6109,
            "Group size": 100,
            "ROC AUC Individual": 0.5675349999999999,
            "ROC AUC Individual with set label": 0.6109
        },
        "5": {
            "ROC AUC": 0.6263000000000001,
            "Group size": 100,
            "ROC AUC Individual": 0.5675349999999999,
            "ROC AUC Individual with set label": 0.6263000000000001
        },
        "10": {
            "ROC AUC": 0.6639,
            "Group size": 100,
            "ROC AUC Individual": 0.5675349999999999,
            "ROC AUC Individual with set label": 0.6639
        },
        "best": {
            "s": 10,
            "ROC AUC": 0.6639
        }
    },
    "30": {
        "1": {
            "ROC AUC": 0.6028,
            "Group size": 100,
            "ROC AUC Individual": 0.5528884444444444,
            "ROC AUC Individual with set label": 0.6028
        },
        "3": {
            "ROC AUC": 0.625,
            "Group size": 100,
            "ROC AUC Individual": 0.5528884444444444,
            "ROC AUC Individual with set label": 0.625
        },
        "5": {
            "ROC AUC": 0.6283000000000001,
            "Group size": 100,
            "ROC AUC Individual": 0.5528884444444444,
            "ROC AUC Individual with set label": 0.6283000000000001
        },
        "10": {
            "ROC AUC": 0.6395,
            "Group size": 100,
            "ROC AUC Individual": 0.5528884444444444,
            "ROC AUC Individual with set label": 0.6395
        },
        "30": {
            "ROC AUC": 0.6933000000000001,
            "Group size": 100,
            "ROC AUC Individual": 0.5528884444444444,
            "ROC AUC Individual with set label": 0.6933000000000001
        },
        "best": {
            "s": 30,
            "ROC AUC": 0.6933000000000001
        }
    },
    "Total individual ROC AUC": 0.5636029478523098
}