{
    "average": {
        "max": {
            "1": {
                "Member size": 76800.0,
                "Nonmember size": 23000.0,
                "ROC AUC Individual": 0.5397071463552031,
                "MIA": {
                    "1": 0.5397071463552031,
                    "best": {
                        "s": 1,
                        "ROC AUC": 0.5397071463552031
                    }
                }
            },
            "3": {
                "Member size": 26112.0,
                "Nonmember size": 7820.0,
                "ROC AUC Individual": 0.5397071463552031,
                "MIA": {
                    "1": 0.5688206128703959,
                    "3": 0.5607941133856271,
                    "best": {
                        "s": 1,
                        "ROC AUC": 0.5688206128703959
                    }
                }
            },
            "5": {
                "Member size": 15360.0,
                "Nonmember size": 4600.0,
                "ROC AUC Individual": 0.5397071463552031,
                "MIA": {
                    "1": 0.5651913691731516,
                    "3": 0.5792585393614731,
                    "5": 0.5693738054450469,
                    "best": {
                        "s": 3,
                        "ROC AUC": 0.5792585393614731
                    }
                }
            },
            "8": {
                "Member size": 9984.0,
                "Nonmember size": 2990.0,
                "ROC AUC Individual": 0.5397071463552031,
                "MIA": {
                    "1": 0.5374882923044765,
                    "3": 0.5739544223079804,
                    "5": 0.5795389225689853,
                    "8": 0.5745346833701945,
                    "best": {
                        "s": 5,
                        "ROC AUC": 0.5795389225689853
                    }
                }
            },
            "10": {
                "Member size": 7680.0,
                "Nonmember size": 2300.0,
                "ROC AUC Individual": 0.5397071463552031,
                "MIA": {
                    "1": 0.5185529988619442,
                    "3": 0.5735816618911175,
                    "5": 0.589328459630565,
                    "8": 0.5897549746877017,
                    "10": 0.582514318085257,
                    "best": {
                        "s": 8,
                        "ROC AUC": 0.5897549746877017
                    }
                }
            },
            "30": {
                "Member size": 3072.0,
                "Nonmember size": 920.0,
                "ROC AUC Individual": 0.5397071463552031,
                "MIA": {
                    "1": 0.43807904945280535,
                    "3": 0.4909318793372044,
                    "5": 0.534743662370769,
                    "8": 0.5664378275031865,
                    "10": 0.5725775385922673,
                    "30": 0.6035617584100026,
                    "best": {
                        "s": 30,
                        "ROC AUC": 0.6035617584100026
                    }
                }
            },
            "50": {
                "Member size": 1536.0,
                "Nonmember size": 460.0,
                "ROC AUC Individual": 0.5397071463552031,
                "MIA": {
                    "1": 0.3841846410778985,
                    "3": 0.39453760090638723,
                    "5": 0.4488174479535476,
                    "8": 0.5255048859934854,
                    "10": 0.5650049568049851,
                    "30": 0.6495128168814616,
                    "50": 0.6393320648624088,
                    "best": {
                        "s": 30,
                        "ROC AUC": 0.6495128168814616
                    }
                }
            },
            "80": {
                "Member size": 1536.0,
                "Nonmember size": 460.0,
                "ROC AUC Individual": 0.5397071463552031,
                "MIA": {
                    "1": 0.4150977977807971,
                    "3": 0.4468268795289855,
                    "5": 0.47903362771739133,
                    "8": 0.5105030004528985,
                    "10": 0.5237573596014493,
                    "30": 0.5675640844073078,
                    "50": 0.5928170053354525,
                    "80": 0.622058614716156,
                    "best": {
                        "s": 80,
                        "ROC AUC": 0.622058614716156
                    }
                }
            },
            "100": {
                "Member size": 768.0,
                "Nonmember size": 230.0,
                "ROC AUC Individual": 0.5397071463552031,
                "MIA": {
                    "1": 0.36536741394927535,
                    "3": 0.33021965579710144,
                    "5": 0.3406646286231884,
                    "8": 0.3882302989130435,
                    "10": 0.42594542572463767,
                    "30": 0.6414885777450259,
                    "50": 0.6715740951513772,
                    "80": 0.6747951286137036,
                    "100": 0.6612228617015214,
                    "best": {
                        "s": 80,
                        "ROC AUC": 0.6747951286137036
                    }
                }
            }
        },
        "min": {
            "1": {
                "Member size": 76800.0,
                "Nonmember size": 23000.0,
                "ROC AUC Individual": 0.5397071463552031,
                "MIA": {
                    "1": 0.5397071463552031,
                    "best": {
                        "s": 1,
                        "ROC AUC": 0.5397071463552031
                    }
                }
            },
            "3": {
                "Member size": 26112.0,
                "Nonmember size": 7820.0,
                "ROC AUC Individual": 0.5397071463552031,
                "MIA": {
                    "1": 0.5137839516270432,
                    "3": 0.5607941133856271,
                    "best": {
                        "s": 3,
                        "ROC AUC": 0.5607941133856271
                    }
                }
            },
            "5": {
                "Member size": 15360.0,
                "Nonmember size": 4600.0,
                "ROC AUC Individual": 0.5397071463552031,
                "MIA": {
                    "1": 0.49821072193898497,
                    "3": 0.5509720177355969,
                    "5": 0.5693738054450469,
                    "best": {
                        "s": 5,
                        "ROC AUC": 0.5693738054450469
                    }
                }
            },
            "8": {
                "Member size": 9984.0,
                "Nonmember size": 2990.0,
                "ROC AUC Individual": 0.5397071463552031,
                "MIA": {
                    "1": 0.48099032569414824,
                    "3": 0.5193638816761881,
                    "5": 0.5648841494491708,
                    "8": 0.5745346833701945,
                    "best": {
                        "s": 8,
                        "ROC AUC": 0.5745346833701945
                    }
                }
            },
            "10": {
                "Member size": 7680.0,
                "Nonmember size": 2300.0,
                "ROC AUC Individual": 0.5397071463552031,
                "MIA": {
                    "1": 0.4768205601549317,
                    "3": 0.5025716049242896,
                    "5": 0.5405394294256883,
                    "8": 0.6121693816978953,
                    "10": 0.582514318085257,
                    "best": {
                        "s": 8,
                        "ROC AUC": 0.6121693816978953
                    }
                }
            },
            "30": {
                "Member size": 3072.0,
                "Nonmember size": 920.0,
                "ROC AUC Individual": 0.5397071463552031,
                "MIA": {
                    "1": 0.4631812066279564,