{
    "average": {
        "max": {
            "1": {
                "Member size": 76700.0,
                "Nonmember size": 23000.0,
                "ROC AUC Individual": 0.4652258667671121,
                "MIA": {
                    "1": 0.4652258667671121,
                    "best": {
                        "s": 1,
                        "ROC AUC": 0.4652258667671121
                    }
                }
            },
            "3": {
                "Member size": 26078.0,
                "Nonmember size": 7820.0,
                "ROC AUC Individual": 0.4652258667671121,
                "MIA": {
                    "1": 0.45627147647365274,
                    "3": 0.4443761465010946,
                    "best": {
                        "s": 1,
                        "ROC AUC": 0.45627147647365274
                    }
                }
            },
            "5": {
                "Member size": 15340.0,
                "Nonmember size": 4600.0,
                "ROC AUC Individual": 0.4652258667671121,
                "MIA": {
                    "1": 0.4508456328805057,
                    "3": 0.43168319682189055,
                    "5": 0.42863902568981316,
                    "best": {
                        "s": 1,
                        "ROC AUC": 0.4508456328805057
                    }
                }
            },
            "8": {
                "Member size": 9971.0,
                "Nonmember size": 2990.0,
                "ROC AUC Individual": 0.4652258667671121,
                "MIA": {
                    "1": 0.4467521927173578,
                    "3": 0.4330323445095981,
                    "5": 0.4222153250240068,
                    "8": 0.41431618574360574,
                    "best": {
                        "s": 1,
                        "ROC AUC": 0.4467521927173578
                    }
                }
            },
            "10": {
                "Member size": 7670.0,
                "Nonmember size": 2300.0,
                "ROC AUC Individual": 0.4652258667671121,
                "MIA": {
                    "1": 0.44426911006055514,
                    "3": 0.4296531990336228,
                    "5": 0.4176285865487656,
                    "8": 0.40301102182220794,
                    "10": 0.4067816421757159,
                    "best": {
                        "s": 1,
                        "ROC AUC": 0.44426911006055514
                    }
                }
            },
            "30": {
                "Member size": 3068.0,
                "Nonmember size": 920.0,
                "ROC AUC Individual": 0.4652258667671121,
                "MIA": {
                    "1": 0.427954264787293,
                    "3": 0.4225146297640776,
                    "5": 0.4218994969223948,
                    "8": 0.4266200087350141,
                    "10": 0.4305232753073579,
                    "30": 0.3689363744634094,
                    "best": {
                        "s": 10,
                        "ROC AUC": 0.4305232753073579
                    }
                }
            },
            "50": {
                "Member size": 1534.0,
                "Nonmember size": 460.0,
                "ROC AUC Individual": 0.4652258667671121,
                "MIA": {
                    "1": 0.39941214892227295,
                    "3": 0.39566263687755426,
                    "5": 0.3923006820738463,
                    "8": 0.3901020974838738,
                    "10": 0.3877369103051533,
                    "30": 0.3526215841790402,
                    "50": 0.328354438470447,
                    "best": {
                        "s": 1,
                        "ROC AUC": 0.39941214892227295
                    }
                }
            },
            "80": {
                "Member size": 1534.0,
                "Nonmember size": 460.0,
                "ROC AUC Individual": 0.4652258667671121,
                "MIA": {
                    "1": 0.41906081273088946,
                    "3": 0.4203924416534951,
                    "5": 0.4248081036062416,
                    "8": 0.4286934378172444,
                    "10": 0.43062635808889516,
                    "30": 0.4298245614035088,
                    "50": 0.41074712473760455,
                    "80": 0.338709652907483,
                    "best": {
                        "s": 10,
                        "ROC AUC": 0.43062635808889516
                    }
                }
            },
            "100": {
                "Member size": 767.0,
                "Nonmember size": 230.0,
                "ROC AUC Individual": 0.4652258667671121,
                "MIA": {
                    "1": 0.3872350099460074,
                    "3": 0.38539926115373685,
                    "5": 0.38588235294117645,
                    "8": 0.38490480250071046,
                    "10": 0.38499573742540494,
                    "30": 0.3763080379144747,
                    "50": 0.3397553181108509,
                    "80": 0.29354818982387476,
                    "100": 0.29319180565154457,
                    "best": {
                        "s": 1,
                        "ROC AUC": 0.3872350099460074
                    }
                }
            }
        },
        "min": {
            "1": {
                "Member size": 76700.0,
                "Nonmember size": 23000.0,
                "ROC AUC Individual": 0.4652258667671121,
                "MIA": {
                    "1": 0.4652258667671121,
                    "best": {
                        "s": 1,
                        "ROC AUC": 0.4652258667671121
                    }
                }
            },
            "3": {
                "Member size": 26078.0,
                "Nonmember size": 7820.0,
                "ROC AUC Individual": 0.4652258667671121,
                "MIA": {
                    "1": 0.45566544108801527,
                    "3": 0.4443761465010946,
                    "best": {
                        "s": 1,
                        "ROC AUC": 0.45566544108801527
                    }
                }
            },
            "5": {
                "Member size": 15340.0,
                "Nonmember size": 4600.0,
                "ROC AUC Individual": 0.4652258667671121,
                "MIA": {
                    "1": 0.45477193874964156,
                    "3": 0.4355534779297171,
                    "5": 0.42863902568981316,
                    "best": {
                        "s": 1,
                        "ROC AUC": 0.45477193874964156
                    }
                }
            },
            "8": {
                "Member size": 9971.0,
                "Nonmember size": 2990.0,
                "ROC AUC Individual": 0.4652258667671121,
                "MIA": {
                    "1": 0.4560020547607614,
                    "3": 0.43494657522440217,
                    "5": 0.42420638997328947,
                    "8": 0.41431618574360574,
                    "best": {
                        "s": 1,
                        "ROC AUC": 0.4560020547607614
                    }
                }
            },
            "10": {
                "Member size": 7670.0,
                "Nonmember size": 2300.0,
                "ROC AUC Individual": 0.4652258667671121,
                "MIA": {
                    "1": 0.4574993811791086,
                    "3": 0.43548793909407524,
                    "5": 0.4225818371003415,
                    "8": 0.41278858960227793,
                    "10": 0.4067816421757159,
                    "best": {
                        "s": 1,
                        "ROC AUC": 0.4574993811791086
                    }
                }
            },
            "30": {
                "Member size": 3068.0,
                "Nonmember size": 920.0,
                "ROC AUC Individual": 0.4652258667671121,