{
    "average": {
        "max": {
            "1": {
                "Member size": 767.0,
                "Nonmember size": 230.0,
                "ROC AUC Individual": 0.4901278772378517,
                "MIA": {
                    "1": 0.4901278772378517,
                    "best": {
                        "s": 1,
                        "ROC AUC": 0.4901278772378517
                    }
                }
            },
            "3": {
                "Member size": 767.0,
                "Nonmember size": 230.0,
                "ROC AUC Individual": 0.4745907610924327,
                "MIA": {
                    "1": 0.45282750781472003,
                    "3": 0.4524429538651725,
                    "best": {
                        "s": 1,
                        "ROC AUC": 0.45282750781472003
                    }
                }
            },
            "5": {
                "Member size": 767.0,
                "Nonmember size": 230.0,
                "ROC AUC Individual": 0.4711053089643168,
                "MIA": {
                    "1": 0.4562432509235578,
                    "3": 0.454845789798578,
                    "5": 0.4426354456784605,
                    "best": {
                        "s": 1,
                        "ROC AUC": 0.4562432509235578
                    }
                }
            },
            "8": {
                "Member size": 767.0,
                "Nonmember size": 230.0,
                "ROC AUC Individual": 0.46626235260154114,
                "MIA": {
                    "1": 0.4490537084398976,
                    "3": 0.4334003978143076,
                    "5": 0.42643293170854385,
                    "8": 0.42529935950988584,
                    "best": {
                        "s": 1,
                        "ROC AUC": 0.4490537084398976
                    }
                }
            },
            "10": {
                "Member size": 767.0,
                "Nonmember size": 230.0,
                "ROC AUC Individual": 0.4678929127788249,
                "MIA": {
                    "1": 0.4544075021312873,
                    "3": 0.43968769290564486,
                    "5": 0.42885639818011384,
                    "8": 0.4167432774074925,
                    "10": 0.4145607073238653,
                    "best": {
                        "s": 1,
                        "ROC AUC": 0.4544075021312873
                    }
                }
            },
            "30": {
                "Member size": 767.0,
                "Nonmember size": 230.0,
                "ROC AUC Individual": 0.4665133812480301,
                "MIA": {
                    "1": 0.4375618073316283,
                    "3": 0.43033105466517296,
                    "5": 0.4204085598664807,
                    "8": 0.41224079197055263,
                    "10": 0.41033174055191024,
                    "30": 0.3577134656780674,
                    "best": {
                        "s": 1,
                        "ROC AUC": 0.4375618073316283
                    }
                }
            },
            "50": {
                "Member size": 767.0,
                "Nonmember size": 230.0,
                "ROC AUC Individual": 0.4678082650187296,
                "MIA": {
                    "1": 0.4095936345552714,
                    "3": 0.401117995381696,
                    "5": 0.39823727108530144,
                    "8": 0.39366469283705613,
                    "10": 0.3912583735339171,
                    "30": 0.3671794754087072,
                    "50": 0.3409164186507936,
                    "best": {
                        "s": 1,
                        "ROC AUC": 0.4095936345552714
                    }
                }
            },
            "80": {
                "Member size": 767.0,
                "Nonmember size": 230.0,
                "ROC AUC Individual": 0.4659968293826406,
                "MIA": {
                    "1": 0.4022847399829497,
                    "3": 0.3926001705029838,
                    "5": 0.3894231315714692,
                    "8": 0.3869622051719238,
                    "10": 0.3870872406933788,
                    "30": 0.376945155266616,
                    "50": 0.3335551718349042,
                    "80": 0.30958195114834997,
                    "best": {
                        "s": 1,
                        "ROC AUC": 0.4022847399829497
                    }
                }
            },
            "100": {
                "Member size": 767.0,
                "Nonmember size": 230.0,
                "ROC AUC Individual": 0.4652258667671121,
                "MIA": {
                    "1": 0.3872350099460074,
                    "3": 0.38539926115373685,
                    "5": 0.38588235294117645,
                    "8": 0.38490480250071046,
                    "10": 0.38499573742540494,
                    "30": 0.3763080379144747,
                    "50": 0.3397553181108509,
                    "80": 0.29354818982387476,
                    "100": 0.29319180565154457,
                    "best": {
                        "s": 1,
                        "ROC AUC": 0.3872350099460074
                    }
                }
            }
        },
        "min": {
            "1": {
                "Member size": 767.0,
                "Nonmember size": 230.0,
                "ROC AUC Individual": 0.4901278772378517,
                "MIA": {
                    "1": 0.4901278772378517,
                    "best": {
                        "s": 1,
                        "ROC AUC": 0.4901278772378517
                    }
                }
            },
            "3": {
                "Member size": 767.0,
                "Nonmember size": 230.0,
                "ROC AUC Individual": 0.4745907610924327,
                "MIA": {
                    "1": 0.48326229042341573,
                    "3": 0.4524429538651725,
                    "best": {
                        "s": 1,
                        "ROC AUC": 0.48326229042341573
                    }
                }
            },
            "5": {
                "Member size": 767.0,
                "Nonmember size": 230.0,
                "ROC AUC Individual": 0.4711053089643168,
                "MIA": {
                    "1": 0.4541427558929102,
                    "3": 0.44374939190852014,
                    "5": 0.4426354456784605,
                    "best": {
                        "s": 1,
                        "ROC AUC": 0.4541427558929102
                    }
                }
            },
            "8": {
                "Member size": 767.0,
                "Nonmember size": 230.0,
                "ROC AUC Individual": 0.46626235260154114,
                "MIA": {
                    "1": 0.47361884539882215,
                    "3": 0.44299648133502967,
                    "5": 0.4315971285770849,
                    "8": 0.42529935950988584,
                    "best": {
                        "s": 1,
                        "ROC AUC": 0.47361884539882215
                    }
                }
            },
            "10": {
                "Member size": 767.0,
                "Nonmember size": 230.0,
                "ROC AUC Individual": 0.4678929127788249,
                "MIA": {
                    "1": 0.48111726208896377,
                    "3": 0.4444930926017675,
                    "5": 0.43089721284464977,
                    "8": 0.41724101921470347,
                    "10": 0.4145607073238653,
                    "best": {
                        "s": 1,
                        "ROC AUC": 0.48111726208896377
                    }
                }
            },
            "30": {
                "Member size": 767.0,
                "Nonmember size": 230.0,
                "ROC AUC Individual": 0.4665133812480301,
                "MIA": {
                    "1": 0.4738819861324398,