{
    "average": {
        "max": {
            "1": {
                "Member size": 76700.0,
                "Nonmember size": 23000.0,
                "ROC AUC Individual": 0.5128577875807095,
                "MIA": {
                    "1": 0.5128577875807095,
                    "best": {
                        "s": 1,
                        "ROC AUC": 0.5128577875807095
                    }
                }
            },
            "3": {
                "Member size": 26078.0,
                "Nonmember size": 7820.0,
                "ROC AUC Individual": 0.5128577875807095,
                "MIA": {
                    "1": 0.5393090617051816,
                    "3": 0.5301701951329852,
                    "best": {
                        "s": 1,
                        "ROC AUC": 0.5393090617051816
                    }
                }
            },
            "5": {
                "Member size": 15340.0,
                "Nonmember size": 4600.0,
                "ROC AUC Individual": 0.5128577875807095,
                "MIA": {
                    "1": 0.5522710148707104,
                    "3": 0.5470929141181708,
                    "5": 0.5392465632144743,
                    "best": {
                        "s": 1,
                        "ROC AUC": 0.5522710148707104
                    }
                }
            },
            "8": {
                "Member size": 9971.0,
                "Nonmember size": 2990.0,
                "ROC AUC Individual": 0.5128577875807095,
                "MIA": {
                    "1": 0.5578347106273746,
                    "3": 0.5603016172878398,
                    "5": 0.5541394040589371,
                    "8": 0.5480127603085476,
                    "best": {
                        "s": 3,
                        "ROC AUC": 0.5603016172878398
                    }
                }
            },
            "10": {
                "Member size": 7670.0,
                "Nonmember size": 2300.0,
                "ROC AUC Individual": 0.5128577875807095,
                "MIA": {
                    "1": 0.5610978983711952,
                    "3": 0.5687501559681938,
                    "5": 0.5675066357377012,
                    "8": 0.5589202235518574,
                    "10": 0.5567070465135786,
                    "best": {
                        "s": 3,
                        "ROC AUC": 0.5687501559681938
                    }
                }
            },
            "30": {
                "Member size": 3068.0,
                "Nonmember size": 920.0,
                "ROC AUC Individual": 0.5128577875807095,
                "MIA": {
                    "1": 0.5524037439219744,
                    "3": 0.5706832044825874,
                    "5": 0.5740357472161146,
                    "8": 0.5692333479963674,
                    "10": 0.5638743046883868,
                    "30": 0.5698069647321138,
                    "best": {
                        "s": 5,
                        "ROC AUC": 0.5740357472161146
                    }
                }
            },
            "50": {
                "Member size": 1534.0,
                "Nonmember size": 460.0,
                "ROC AUC Individual": 0.5128577875807095,
                "MIA": {
                    "1": 0.5546425939572586,
                    "3": 0.5739882015939193,
                    "5": 0.5868643466916248,
                    "8": 0.6006282084006921,
                    "10": 0.6058013556822371,
                    "30": 0.6043492441646104,
                    "50": 0.6035144487502451,
                    "best": {
                        "s": 10,
                        "ROC AUC": 0.6058013556822371
                    }
                }
            },
            "80": {
                "Member size": 1534.0,
                "Nonmember size": 460.0,
                "ROC AUC Individual": 0.5128577875807095,
                "MIA": {
                    "1": 0.5390397369763618,
                    "3": 0.5682444305878351,
                    "5": 0.5749368955444,
                    "8": 0.5728735925579285,
                    "10": 0.5683428344536147,
                    "30": 0.5538920285121972,
                    "50": 0.5632044560943643,
                    "80": 0.5963290547122767,
                    "best": {
                        "s": 80,
                        "ROC AUC": 0.5963290547122767
                    }
                }
            },
            "100": {
                "Member size": 767.0,
                "Nonmember size": 230.0,
                "ROC AUC Individual": 0.5128577875807095,
                "MIA": {
                    "1": 0.535712261209682,
                    "3": 0.5606484893146647,
                    "5": 0.5751828127657163,
                    "8": 0.5893826880562327,
                    "10": 0.5965704892012924,
                    "30": 0.6198490180497218,
                    "50": 0.6145881006864988,
                    "80": 0.6029672910580284,
                    "100": 0.6175862387652781,
                    "best": {
                        "s": 30,
                        "ROC AUC": 0.6198490180497218
                    }
                }
            }
        },
        "min": {
            "1": {
                "Member size": 76700.0,
                "Nonmember size": 23000.0,
                "ROC AUC Individual": 0.5128577875807095,
                "MIA": {
                    "1": 0.5128577875807095,
                    "best": {
                        "s": 1,
                        "ROC AUC": 0.5128577875807095
                    }
                }
            },
            "3": {
                "Member size": 26078.0,
                "Nonmember size": 7820.0,
                "ROC AUC Individual": 0.5128577875807095,
                "MIA": {
                    "1": 0.50384880223485,
                    "3": 0.5301701951329852,
                    "best": {
                        "s": 3,
                        "ROC AUC": 0.5301701951329852
                    }
                }
            },
            "5": {
                "Member size": 15340.0,
                "Nonmember size": 4600.0,
                "ROC AUC Individual": 0.5128577875807095,
                "MIA": {
                    "1": 0.5055252831686537,
                    "3": 0.5136711352105565,
                    "5": 0.5392465632144743,
                    "best": {
                        "s": 5,
                        "ROC AUC": 0.5392465632144743
                    }
                }
            },
            "8": {
                "Member size": 9971.0,
                "Nonmember size": 2990.0,
                "ROC AUC Individual": 0.5128577875807095,
                "MIA": {
                    "1": 0.5134274997718452,
                    "3": 0.5111178330498705,
                    "5": 0.5204870648934177,
                    "8": 0.5480127603085476,
                    "best": {
                        "s": 8,
                        "ROC AUC": 0.5480127603085476
                    }
                }
            },
            "10": {
                "Member size": 7670.0,
                "Nonmember size": 2300.0,
                "ROC AUC Individual": 0.5128577875807095,
                "MIA": {
                    "1": 0.5141950749711773,
                    "3": 0.5102918989028277,
                    "5": 0.5128236308895797,
                    "8": 0.5362824859392366,
                    "10": 0.5567070465135786,
                    "best": {
                        "s": 10,
                        "ROC AUC": 0.5567070465135786
                    }
                }
            },
            "30": {
                "Member size": 3068.0,
                "Nonmember size": 920.0,
                "ROC AUC Individual": 0.5128577875807095,
                "MIA": {
                    "1": 0.5284132368943225,