{
    "average": {
        "max": {
            "1": {
                "Member size": 922.0,
                "Nonmember size": 74.0,
                "ROC AUC Individual": 0.6349299407867738,
                "MIA": {
                    "1": 0.6349299407867738,
                    "best": {
                        "s": 1,
                        "ROC AUC": 0.6349299407867738
                    }
                }
            },
            "3": {
                "Member size": 922.0,
                "Nonmember size": 74.0,
                "ROC AUC Individual": 0.5941760632650004,
                "MIA": {
                    "1": 0.6204490824881281,
                    "3": 0.6499530984346602,
                    "best": {
                        "s": 3,
                        "ROC AUC": 0.6499530984346602
                    }
                }
            },
            "5": {
                "Member size": 922.0,
                "Nonmember size": 74.0,
                "ROC AUC Individual": 0.5886838248226535,
                "MIA": {
                    "1": 0.5963680600340037,
                    "3": 0.6633053878173183,
                    "5": 0.6840739872193234,
                    "best": {
                        "s": 5,
                        "ROC AUC": 0.6840739872193234
                    }
                }
            },
            "8": {
                "Member size": 922.0,
                "Nonmember size": 74.0,
                "ROC AUC Individual": 0.5956663686463035,
                "MIA": {
                    "1": 0.5982148091692561,
                    "3": 0.6579117078032479,
                    "5": 0.6888960544058158,
                    "8": 0.728205428856188,
                    "best": {
                        "s": 8,
                        "ROC AUC": 0.728205428856188
                    }
                }
            },
            "10": {
                "Member size": 922.0,
                "Nonmember size": 74.0,
                "ROC AUC Individual": 0.5904308348478631,
                "MIA": {
                    "1": 0.6295655742510406,
                    "3": 0.6748109280647241,
                    "5": 0.703127748138594,
                    "8": 0.7306237908190185,
                    "10": 0.7410887025854487,
                    "best": {
                        "s": 10,
                        "ROC AUC": 0.7410887025854487
                    }
                }
            },
            "30": {
                "Member size": 922.0,
                "Nonmember size": 74.0,
                "ROC AUC Individual": 0.5983917404389205,
                "MIA": {
                    "1": 0.6288620507709444,
                    "3": 0.7066893357565809,
                    "5": 0.746716890426218,
                    "8": 0.7851028903089641,
                    "10": 0.8010640792636454,
                    "30": 0.8699067831388871,
                    "best": {
                        "s": 30,
                        "ROC AUC": 0.8699067831388871
                    }
                }
            },
            "50": {
                "Member size": 922.0,
                "Nonmember size": 74.0,
                "ROC AUC Individual": 0.5948840388110452,
                "MIA": {
                    "1": 0.6294922905551973,
                    "3": 0.7041390631412323,
                    "5": 0.7501612241308555,
                    "8": 0.7867884153133611,
                    "10": 0.8032625901389459,
                    "30": 0.8710353520548748,
                    "50": 0.8883596177522424,
                    "best": {
                        "s": 50,
                        "ROC AUC": 0.8883596177522424
                    }
                }
            },
            "80": {
                "Member size": 922.0,
                "Nonmember size": 74.0,
                "ROC AUC Individual": 0.5927002396834877,
                "MIA": {
                    "1": 0.5889957202321627,
                    "3": 0.6688016650055696,
                    "5": 0.7182095327431552,
                    "8": 0.7625021985108753,
                    "10": 0.7862021457466143,
                    "30": 0.8711526059682242,
                    "50": 0.9031042973559242,
                    "80": 0.9207070410974967,
                    "best": {
                        "s": 80,
                        "ROC AUC": 0.9207070410974967
                    }
                }
            },
            "100": {
                "Member size": 922.0,
                "Nonmember size": 74.0,
                "ROC AUC Individual": 0.5923963526704579,
                "MIA": {
                    "1": 0.6133991909479979,
                    "3": 0.6785190830743977,
                    "5": 0.725186140587442,
                    "8": 0.7702702702702702,
                    "10": 0.7919475875007329,
                    "30": 0.876443688808114,
                    "50": 0.9064900041038869,
                    "80": 0.9276983056809521,
                    "100": 0.9332532098258779,
                    "best": {
                        "s": 100,
                        "ROC AUC": 0.9332532098258779
                    }
                }
            }
        },
        "min": {
            "1": {
                "Member size": 922.0,
                "Nonmember size": 74.0,
                "ROC AUC Individual": 0.6349299407867738,
                "MIA": {
                    "1": 0.6349299407867738,
                    "best": {
                        "s": 1,
                        "ROC AUC": 0.6349299407867738
                    }
                }
            },
            "3": {
                "Member size": 922.0,
                "Nonmember size": 74.0,
                "ROC AUC Individual": 0.5941760632650004,
                "MIA": {
                    "1": 0.6498944714779855,
                    "3": 0.6499530984346602,
                    "best": {
                        "s": 3,
                        "ROC AUC": 0.6499530984346602
                    }
                }
            },
            "5": {
                "Member size": 922.0,
                "Nonmember size": 74.0,
                "ROC AUC Individual": 0.5886838248226535,
                "MIA": {
                    "1": 0.6484287975611185,
                    "3": 0.6807762209063727,
                    "5": 0.6840739872193234,
                    "best": {
                        "s": 5,
                        "ROC AUC": 0.6840739872193234
                    }
                }
            },
            "8": {
                "Member size": 922.0,
                "Nonmember size": 74.0,
                "ROC AUC Individual": 0.5956663686463035,
                "MIA": {
                    "1": 0.6854810341795158,
                    "3": 0.7337310195227766,
                    "5": 0.7400187606261359,
                    "8": 0.728205428856188,
                    "best": {
                        "s": 5,
                        "ROC AUC": 0.7400187606261359
                    }
                }
            },
            "10": {
                "Member size": 922.0,
                "Nonmember size": 74.0,
                "ROC AUC Individual": 0.5904308348478631,
                "MIA": {
                    "1": 0.6602128158527291,
                    "3": 0.7111742979421938,
                    "5": 0.733672392566102,
                    "8": 0.7440640206366887,
                    "10": 0.7410887025854487,
                    "best": {
                        "s": 8,
                        "ROC AUC": 0.7440640206366887
                    }
                }
            },
            "30": {
                "Member size": 922.0,
                "Nonmember size": 74.0,
                "ROC AUC Individual": 0.5983917404389205,
                "MIA": {
                    "1": 0.699668757694788,
                    "3": 0.7695081198334993,