{
    "average": {
        "max": {
            "1": {
                "Member size": 926.0,
                "Nonmember size": 74.0,
                "ROC AUC Individual": 0.6077432724300975,
                "MIA": {
                    "1": 0.6077432724300975,
                    "best": {
                        "s": 1,
                        "ROC AUC": 0.6077432724300975
                    }
                }
            },
            "3": {
                "Member size": 926.0,
                "Nonmember size": 74.0,
                "ROC AUC Individual": 0.61118894272242,
                "MIA": {
                    "1": 0.6365215107115756,
                    "3": 0.6821697507442648,
                    "best": {
                        "s": 3,
                        "ROC AUC": 0.6821697507442648
                    }
                }
            },
            "5": {
                "Member size": 926.0,
                "Nonmember size": 74.0,
                "ROC AUC Individual": 0.5993380421458175,
                "MIA": {
                    "1": 0.6227599089370148,
                    "3": 0.6917430389352636,
                    "5": 0.7061175646488822,
                    "best": {
                        "s": 5,
                        "ROC AUC": 0.7061175646488822
                    }
                }
            },
            "8": {
                "Member size": 926.0,
                "Nonmember size": 74.0,
                "ROC AUC Individual": 0.5932778798304243,
                "MIA": {
                    "1": 0.6550843500087561,
                    "3": 0.698864631370031,
                    "5": 0.7193100227657463,
                    "8": 0.7433016169517249,
                    "best": {
                        "s": 8,
                        "ROC AUC": 0.7433016169517249
                    }
                }
            },
            "10": {
                "Member size": 926.0,
                "Nonmember size": 74.0,
                "ROC AUC Individual": 0.5904342274239682,
                "MIA": {
                    "1": 0.6412497810985931,
                    "3": 0.6916700717996614,
                    "5": 0.7224767964508786,
                    "8": 0.7446150253925632,
                    "10": 0.7546115229700543,
                    "best": {
                        "s": 10,
                        "ROC AUC": 0.7546115229700543
                    }
                }
            },
            "30": {
                "Member size": 926.0,
                "Nonmember size": 74.0,
                "ROC AUC Individual": 0.5909164429007842,
                "MIA": {
                    "1": 0.5814824003268928,
                    "3": 0.6779668437335824,
                    "5": 0.7259792189597806,
                    "8": 0.7699638083007414,
                    "10": 0.7890228241200163,
                    "30": 0.8636390169867493,
                    "best": {
                        "s": 30,
                        "ROC AUC": 0.8636390169867493
                    }
                }
            }
        },
        "min": {
            "1": {
                "Member size": 926.0,
                "Nonmember size": 74.0,
                "ROC AUC Individual": 0.6077432724300975,
                "MIA": {
                    "1": 0.6077432724300975,
                    "best": {
                        "s": 1,
                        "ROC AUC": 0.6077432724300975
                    }
                }
            },
            "3": {
                "Member size": 926.0,
                "Nonmember size": 74.0,
                "ROC AUC Individual": 0.61118894272242,
                "MIA": {
                    "1": 0.6687437977934738,
                    "3": 0.6821697507442648,
                    "best": {
                        "s": 3,
                        "ROC AUC": 0.6821697507442648
                    }
                }
            },
            "5": {
                "Member size": 926.0,
                "Nonmember size": 74.0,
                "ROC AUC Individual": 0.5993380421458175,
                "MIA": {
                    "1": 0.6209211371198412,
                    "3": 0.6889411009281419,
                    "5": 0.7061175646488822,
                    "best": {
                        "s": 5,
                        "ROC AUC": 0.7061175646488822
                    }
                }
            },
            "8": {
                "Member size": 926.0,
                "Nonmember size": 74.0,
                "ROC AUC Individual": 0.5932778798304243,
                "MIA": {
                    "1": 0.6390753604576498,
                    "3": 0.6994337750277275,
                    "5": 0.7200396941217675,
                    "8": 0.7433016169517249,
                    "best": {
                        "s": 8,
                        "ROC AUC": 0.7433016169517249
                    }
                }
            },
            "10": {
                "Member size": 926.0,
                "Nonmember size": 74.0,
                "ROC AUC Individual": 0.5904342274239682,
                "MIA": {
                    "1": 0.6476708890315802,
                    "3": 0.6924873037184052,
                    "5": 0.7191349016403012,
                    "8": 0.7477380187963341,
                    "10": 0.7546115229700543,
                    "best": {
                        "s": 10,
                        "ROC AUC": 0.7546115229700543
                    }
                }
            },
            "30": {
                "Member size": 926.0,
                "Nonmember size": 74.0,
                "ROC AUC Individual": 0.5909164429007842,
                "MIA": {
                    "1": 0.6654091996964567,
                    "3": 0.7341077578658571,
                    "5": 0.7697595003210554,
                    "8": 0.8012375226198121,
                    "10": 0.8165460276691378,
                    "30": 0.8636390169867493,
                    "best": {
                        "s": 30,
                        "ROC AUC": 0.8636390169867493
                    }
                }
            }
        },
        "Total individual ROC AUC": 0.5940297986055323
    },
    "std": {
        "max": {
            "1": {
                "Member size": 0.0,
                "Nonmember size": 0.0,
                "ROC AUC Individual": 0.0,
                "MIA": {
                    "1": 0.0
                }
            },
            "3": {
                "Member size": 0.0,
                "Nonmember size": 0.0,
                "ROC AUC Individual": 0.0,
                "MIA": {
                    "1": 0.0,
                    "3": 0.0
                }
            },
            "5": {
                "Member size": 0.0,
                "Nonmember size": 0.0,
                "ROC AUC Individual": 0.0,
                "MIA": {
                    "1": 0.0,
                    "3": 0.0,
                    "5": 0.0
                }
            },
            "8": {
                "Member size": 0.0,
                "Nonmember size": 0.0,
                "ROC AUC Individual": 0.0,
                "MIA": {
                    "1": 0.0,
                    "3": 0.0,
                    "5": 0.0,
                    "8": 0.0
                }
            },
            "10": {
                "Member size": 0.0,
                "Nonmember size": 0.0,
                "ROC AUC Individual": 0.0,
                "MIA": {
                    "1": 0.0,
                    "3": 0.0,
                    "5": 0.0,
                    "8": 0.0,
                    "10": 0.0
                }
            },
            "30": {
                "Member size": 0.0,
                "Nonmember size": 0.0,
                "ROC AUC Individual": 0.0,
                "MIA": {
                    "1": 0.0,
                    "3": 0.0,
                    "5": 0.0,
                    "8": 0.0,