{"1": {"ROC AUC": 0.5, "Group size": 80}, "3": {"ROC AUC": 0.51875, "Group size": 80}, "5": {"ROC AUC": 0.5875, "Group size": 80}, "10": {"ROC AUC": 0.83125, "Group size": 80}, "30": {"ROC AUC": 0.9935937499999999, "Group size": 80}, "50": {"ROC AUC": 0.9981249999999999, "Group size": 80}, "best": {"top k": 50, "ROC AUC": 0.9981249999999999}}