{
    "average": {
        "max": {
            "1": {
                "Member size": 210.0,
                "Nonmember size": 41.0,
                "ROC AUC Individual": 0.4899728997289972,
                "MIA": {
                    "1": 0.4899728997289972,
                    "best": {
                        "s": 1,
                        "ROC AUC": 0.4899728997289972
                    }
                }
            },
            "3": {
                "Member size": 210.0,
                "Nonmember size": 41.0,
                "ROC AUC Individual": 0.5433303221921109,
                "MIA": {
                    "1": 0.5523809523809524,
                    "3": 0.581145954316686,
                    "best": {
                        "s": 3,
                        "ROC AUC": 0.581145954316686
                    }
                }
            },
            "5": {
                "Member size": 210.0,
                "Nonmember size": 41.0,
                "ROC AUC Individual": 0.5403081687959737,
                "MIA": {
                    "1": 0.5347270615563299,
                    "3": 0.5616724738675959,
                    "5": 0.5855594270228416,
                    "best": {
                        "s": 5,
                        "ROC AUC": 0.5855594270228416
                    }
                }
            },
            "8": {
                "Member size": 210.0,
                "Nonmember size": 41.0,
                "ROC AUC Individual": 0.5370039682539682,
                "MIA": {
                    "1": 0.5306233062330624,
                    "3": 0.5505613627564848,
                    "5": 0.5691444057297715,
                    "8": 0.6020131629887727,
                    "best": {
                        "s": 8,
                        "ROC AUC": 0.6020131629887727
                    }
                }
            },
            "10": {
                "Member size": 210.0,
                "Nonmember size": 41.0,
                "ROC AUC Individual": 0.5352164150212931,
                "MIA": {
                    "1": 0.5131629887727448,
                    "3": 0.5339527680991095,
                    "5": 0.5471544715447154,
                    "8": 0.5664343786295006,
                    "10": 0.5979481223383663,
                    "best": {
                        "s": 10,
                        "ROC AUC": 0.5979481223383663
                    }
                }
            },
            "30": {
                "Member size": 210.0,
                "Nonmember size": 41.0,
                "ROC AUC Individual": 0.5419118595947864,
                "MIA": {
                    "1": 0.5400696864111497,
                    "3": 0.5489740611691832,
                    "5": 0.5664730933023616,
                    "8": 0.5835849787069299,
                    "10": 0.594502516453736,
                    "30": 0.6713124274099883,
                    "best": {
                        "s": 30,
                        "ROC AUC": 0.6713124274099883
                    }
                }
            },
            "50": {
                "Member size": 210.0,
                "Nonmember size": 41.0,
                "ROC AUC Individual": 0.540689663182346,
                "MIA": {
                    "1": 0.5463414634146341,
                    "3": 0.543360433604336,
                    "5": 0.5570654277971351,
                    "8": 0.5706542779713512,
                    "10": 0.5800619434765776,
                    "30": 0.6372822299651567,
                    "50": 0.6925667828106853,
                    "best": {
                        "s": 50,
                        "ROC AUC": 0.6925667828106853
                    }
                }
            },
            "80": {
                "Member size": 210.0,
                "Nonmember size": 41.0,
                "ROC AUC Individual": 0.5394805005081301,
                "MIA": {
                    "1": 0.5313588850174216,
                    "3": 0.5423151374370887,
                    "5": 0.5396051103368177,
                    "8": 0.5536585365853658,
                    "10": 0.5649632210607821,
                    "30": 0.6233836624080525,
                    "50": 0.656755710414247,
                    "80": 0.7149438637243515,
                    "best": {
                        "s": 80,
                        "ROC AUC": 0.7149438637243515
                    }
                }
            },
            "100": {
                "Member size": 210.0,
                "Nonmember size": 41.0,
                "ROC AUC Individual": 0.537388272905977,
                "MIA": {
                    "1": 0.5168021680216802,
                    "3": 0.5384823848238482,
                    "5": 0.5313588850174216,
                    "8": 0.5445605884630275,
                    "10": 0.5526906697638405,
                    "30": 0.6149825783972126,
                    "50": 0.6477351916376307,
                    "80": 0.6842044134727061,
                    "100": 0.7184800508292164,
                    "best": {
                        "s": 100,
                        "ROC AUC": 0.7184800508292164
                    }
                }
            }
        },
        "min": {
            "1": {
                "Member size": 210.0,
                "Nonmember size": 41.0,
                "ROC AUC Individual": 0.4899728997289972,
                "MIA": {
                    "1": 0.4899728997289972,
                    "best": {
                        "s": 1,
                        "ROC AUC": 0.4899728997289972
                    }
                }
            },
            "3": {
                "Member size": 210.0,
                "Nonmember size": 41.0,
                "ROC AUC Individual": 0.5433303221921109,
                "MIA": {
                    "1": 0.5732868757259001,
                    "3": 0.581145954316686,
                    "best": {
                        "s": 3,
                        "ROC AUC": 0.581145954316686
                    }
                }
            },
            "5": {
                "Member size": 210.0,
                "Nonmember size": 41.0,
                "ROC AUC Individual": 0.5403081687959737,
                "MIA": {
                    "1": 0.5910181958962447,
                    "3": 0.6037940379403794,
                    "5": 0.5855594270228416,
                    "best": {
                        "s": 3,
                        "ROC AUC": 0.6037940379403794
                    }
                }
            },
            "8": {
                "Member size": 210.0,
                "Nonmember size": 41.0,
                "ROC AUC Individual": 0.5370039682539682,
                "MIA": {
                    "1": 0.6287650019357337,
                    "3": 0.6227642276422763,
                    "5": 0.6262098335269067,
                    "8": 0.6020131629887727,
                    "best": {
                        "s": 1,
                        "ROC AUC": 0.6287650019357337
                    }
                }
            },
            "10": {
                "Member size": 210.0,
                "Nonmember size": 41.0,
                "ROC AUC Individual": 0.5352164150212931,
                "MIA": {
                    "1": 0.6367402245451026,
                    "3": 0.6361982191250483,
                    "5": 0.6314750290360046,
                    "8": 0.6245451025938831,
                    "10": 0.5979481223383663,
                    "best": {
                        "s": 1,
                        "ROC AUC": 0.6367402245451026
                    }
                }
            },
            "30": {
                "Member size": 210.0,
                "Nonmember size": 41.0,
                "ROC AUC Individual": 0.5419118595947864,
                "MIA": {
                    "1": 0.6694541231126597,
                    "3": 0.6872241579558653,