{
    "average": {
        "max": {
            "1": {
                "Member size": 76700.0,
                "Nonmember size": 23000.0,
                "ROC AUC Individual": 0.3864636164634932,
                "MIA": {
                    "1": 0.3864636164634932,
                    "best": {
                        "s": 1,
                        "ROC AUC": 0.3864636164634932
                    }
                }
            },
            "3": {
                "Member size": 26078.0,
                "Nonmember size": 7820.0,
                "ROC AUC Individual": 0.3864636164634932,
                "MIA": {
                    "1": 0.37445641628651405,
                    "3": 0.33461702350313505,
                    "best": {
                        "s": 1,
                        "ROC AUC": 0.37445641628651405
                    }
                }
            },
            "5": {
                "Member size": 15340.0,
                "Nonmember size": 4600.0,
                "ROC AUC Individual": 0.3864636164634932,
                "MIA": {
                    "1": 0.3727068746562956,
                    "3": 0.32186195446592886,
                    "5": 0.2961734371426986,
                    "best": {
                        "s": 1,
                        "ROC AUC": 0.3727068746562956
                    }
                }
            },
            "8": {
                "Member size": 9971.0,
                "Nonmember size": 2990.0,
                "ROC AUC Individual": 0.3864636164634932,
                "MIA": {
                    "1": 0.3774992964547019,
                    "3": 0.3294953382596886,
                    "5": 0.29574511346006216,
                    "8": 0.2617615325806404,
                    "best": {
                        "s": 1,
                        "ROC AUC": 0.3774992964547019
                    }
                }
            },
            "10": {
                "Member size": 7670.0,
                "Nonmember size": 2300.0,
                "ROC AUC Individual": 0.3864636164634932,
                "MIA": {
                    "1": 0.3744812542874475,
                    "3": 0.32384721631356533,
                    "5": 0.28781352278850786,
                    "8": 0.24581091344176176,
                    "10": 0.23623411599280125,
                    "best": {
                        "s": 1,
                        "ROC AUC": 0.3744812542874475
                    }
                }
            },
            "30": {
                "Member size": 3068.0,
                "Nonmember size": 920.0,
                "ROC AUC Individual": 0.3864636164634932,
                "MIA": {
                    "1": 0.37820682298237907,
                    "3": 0.346471735584084,
                    "5": 0.3304209518405561,
                    "8": 0.31749131144052767,
                    "10": 0.31808567983544933,
                    "30": 0.16575134113077497,
                    "best": {
                        "s": 1,
                        "ROC AUC": 0.37820682298237907
                    }
                }
            },
            "50": {
                "Member size": 1534.0,
                "Nonmember size": 460.0,
                "ROC AUC Individual": 0.3864636164634932,
                "MIA": {
                    "1": 0.3702100221075903,
                    "3": 0.3207833460960322,
                    "5": 0.293776057176891,
                    "8": 0.2634866275277234,
                    "10": 0.2466107944071017,
                    "30": 0.13936598932909525,
                    "50": 0.09287797704622083,
                    "best": {
                        "s": 1,
                        "ROC AUC": 0.3702100221075903
                    }
                }
            },
            "80": {
                "Member size": 1534.0,
                "Nonmember size": 460.0,
                "ROC AUC Individual": 0.3864636164634932,
                "MIA": {
                    "1": 0.39151975511592313,
                    "3": 0.37063800238081746,
                    "5": 0.36092487024589465,
                    "8": 0.35213137071386025,
                    "10": 0.3478303411894835,
                    "30": 0.31584500042597907,
                    "50": 0.2478937583910811,
                    "80": 0.1258066223498227,
                    "best": {
                        "s": 1,
                        "ROC AUC": 0.39151975511592313
                    }
                }
            },
            "100": {
                "Member size": 767.0,
                "Nonmember size": 230.0,
                "ROC AUC Individual": 0.3864636164634932,
                "MIA": {
                    "1": 0.37474066096026304,
                    "3": 0.3202199421801485,
                    "5": 0.2931944602111477,
                    "8": 0.26335565898512886,
                    "10": 0.2502724486320808,
                    "30": 0.16339539107730727,
                    "50": 0.10620936598018008,
                    "80": 0.058475063203861186,
                    "100": 0.04983133476583259,
                    "best": {
                        "s": 1,
                        "ROC AUC": 0.37474066096026304
                    }
                }
            }
        },
        "min": {
            "1": {
                "Member size": 76700.0,
                "Nonmember size": 23000.0,
                "ROC AUC Individual": 0.3864636164634932,
                "MIA": {
                    "1": 0.3864636164634932,
                    "best": {
                        "s": 1,
                        "ROC AUC": 0.3864636164634932
                    }
                }
            },
            "3": {
                "Member size": 26078.0,
                "Nonmember size": 7820.0,
                "ROC AUC Individual": 0.3864636164634932,
                "MIA": {
                    "1": 0.34962892205256507,
                    "3": 0.33461702350313505,
                    "best": {
                        "s": 1,
                        "ROC AUC": 0.34962892205256507
                    }
                }
            },
            "5": {
                "Member size": 15340.0,
                "Nonmember size": 4600.0,
                "ROC AUC Individual": 0.3864636164634932,
                "MIA": {
                    "1": 0.3404399849175569,
                    "3": 0.2908928272638842,
                    "5": 0.2961734371426986,
                    "best": {
                        "s": 1,
                        "ROC AUC": 0.3404399849175569
                    }
                }
            },
            "8": {
                "Member size": 9971.0,
                "Nonmember size": 2990.0,
                "ROC AUC Individual": 0.3864636164634932,
                "MIA": {
                    "1": 0.34293924504903983,
                    "3": 0.29055822597121056,
                    "5": 0.26027861616408804,
                    "8": 0.2617615325806404,
                    "best": {
                        "s": 1,
                        "ROC AUC": 0.34293924504903983
                    }
                }
            },
            "10": {
                "Member size": 7670.0,
                "Nonmember size": 2300.0,
                "ROC AUC Individual": 0.3864636164634932,
                "MIA": {
                    "1": 0.34253521086814714,
                    "3": 0.28452672538169893,
                    "5": 0.24508152923590837,
                    "8": 0.21706247730795264,
                    "10": 0.23623411599280125,
                    "best": {
                        "s": 1,
                        "ROC AUC": 0.34253521086814714
                    }
                }
            },
            "30": {
                "Member size": 3068.0,
                "Nonmember size": 920.0,
                "ROC AUC Individual": 0.3864636164634932,