{
    "average": {
        "max": {
            "1": {
                "Member size": 700.0,
                "Nonmember size": 600.0,
                "ROC AUC Individual": 0.5286642857142857,
                "MIA": {
                    "1": 0.5286642857142857,
                    "best": {
                        "s": 1,
                        "ROC AUC": 0.5286642857142857
                    }
                }
            },
            "3": {
                "Member size": 238.0,
                "Nonmember size": 204.0,
                "ROC AUC Individual": 0.5286642857142857,
                "MIA": {
                    "1": 0.46420332839017964,
                    "3": 0.5475572581973965,
                    "best": {
                        "s": 3,
                        "ROC AUC": 0.5475572581973965
                    }
                }
            },
            "5": {
                "Member size": 140.0,
                "Nonmember size": 120.0,
                "ROC AUC Individual": 0.5286642857142857,
                "MIA": {
                    "1": 0.40041666666666664,
                    "3": 0.477202380952381,
                    "5": 0.5507738095238096,
                    "best": {
                        "s": 5,
                        "ROC AUC": 0.5507738095238096
                    }
                }
            },
            "8": {
                "Member size": 91.0,
                "Nonmember size": 78.0,
                "ROC AUC Individual": 0.5286642857142857,
                "MIA": {
                    "1": 0.3488306565229642,
                    "3": 0.41138348830656524,
                    "5": 0.4828120597351366,
                    "8": 0.5526908988447449,
                    "best": {
                        "s": 8,
                        "ROC AUC": 0.5526908988447449
                    }
                }
            },
            "10": {
                "Member size": 70.0,
                "Nonmember size": 60.0,
                "ROC AUC Individual": 0.5286642857142857,
                "MIA": {
                    "1": 0.32619047619047625,
                    "3": 0.38690476190476186,
                    "5": 0.4402380952380952,
                    "8": 0.5159523809523809,
                    "10": 0.5616666666666668,
                    "best": {
                        "s": 10,
                        "ROC AUC": 0.5616666666666668
                    }
                }
            },
            "30": {
                "Member size": 28.0,
                "Nonmember size": 24.0,
                "ROC AUC Individual": 0.5286642857142857,
                "MIA": {
                    "1": 0.25148809523809523,
                    "3": 0.27827380952380953,
                    "5": 0.34375000000000006,
                    "8": 0.41220238095238093,
                    "10": 0.45386904761904756,
                    "30": 0.5550595238095238,
                    "best": {
                        "s": 30,
                        "ROC AUC": 0.5550595238095238
                    }
                }
            },
            "50": {
                "Member size": 14.0,
                "Nonmember size": 12.0,
                "ROC AUC Individual": 0.5286642857142857,
                "MIA": {
                    "1": 0.20238095238095238,
                    "3": 0.20238095238095236,
                    "5": 0.22023809523809523,
                    "8": 0.244047619047619,
                    "10": 0.2797619047619047,
                    "30": 0.4583333333333333,
                    "50": 0.6071428571428572,
                    "best": {
                        "s": 50,
                        "ROC AUC": 0.6071428571428572
                    }
                }
            },
            "80": {
                "Member size": 14.0,
                "Nonmember size": 12.0,
                "ROC AUC Individual": 0.5286642857142857,
                "MIA": {
                    "1": 0.20833333333333331,
                    "3": 0.2261904761904762,
                    "5": 0.27976190476190477,
                    "8": 0.3392857142857143,
                    "10": 0.375,
                    "30": 0.49404761904761907,
                    "50": 0.5476190476190476,
                    "80": 0.5892857142857143,
                    "best": {
                        "s": 80,
                        "ROC AUC": 0.5892857142857143
                    }
                }
            },
            "100": {
                "Member size": 7.0,
                "Nonmember size": 6.0,
                "ROC AUC Individual": 0.5286642857142857,
                "MIA": {
                    "1": 0.21428571428571425,
                    "3": 0.16666666666666666,
                    "5": 0.19047619047619047,
                    "8": 0.21428571428571425,
                    "10": 0.21428571428571425,
                    "30": 0.35714285714285715,
                    "50": 0.4047619047619048,
                    "80": 0.5238095238095238,
                    "100": 0.5714285714285714,
                    "best": {
                        "s": 100,
                        "ROC AUC": 0.5714285714285714
                    }
                }
            }
        },
        "min": {
            "1": {
                "Member size": 700.0,
                "Nonmember size": 600.0,
                "ROC AUC Individual": 0.5286642857142857,
                "MIA": {
                    "1": 0.5286642857142857,
                    "best": {
                        "s": 1,
                        "ROC AUC": 0.5286642857142857
                    }
                }
            },
            "3": {
                "Member size": 238.0,
                "Nonmember size": 204.0,
                "ROC AUC Individual": 0.5286642857142857,
                "MIA": {
                    "1": 0.5850016477179106,
                    "3": 0.5475572581973965,
                    "best": {
                        "s": 1,
                        "ROC AUC": 0.5850016477179106
                    }
                }
            },
            "5": {
                "Member size": 140.0,
                "Nonmember size": 120.0,
                "ROC AUC Individual": 0.5286642857142857,
                "MIA": {
                    "1": 0.6330952380952382,
                    "3": 0.6042857142857143,
                    "5": 0.5507738095238096,
                    "best": {
                        "s": 1,
                        "ROC AUC": 0.6330952380952382
                    }
                }
            },
            "8": {
                "Member size": 91.0,
                "Nonmember size": 78.0,
                "ROC AUC Individual": 0.5286642857142857,
                "MIA": {
                    "1": 0.6555367709213862,
                    "3": 0.6391941391941393,
                    "5": 0.6062271062271062,
                    "8": 0.5526908988447449,
                    "best": {
                        "s": 1,
                        "ROC AUC": 0.6555367709213862
                    }
                }
            },
            "10": {
                "Member size": 70.0,
                "Nonmember size": 60.0,
                "ROC AUC Individual": 0.5286642857142857,
                "MIA": {
                    "1": 0.6616666666666667,
                    "3": 0.6438095238095237,
                    "5": 0.625,
                    "8": 0.6021428571428572,
                    "10": 0.5616666666666668,
                    "best": {
                        "s": 1,
                        "ROC AUC": 0.6616666666666667
                    }
                }
            },
            "30": {
                "Member size": 28.0,
                "Nonmember size": 24.0,
                "ROC AUC Individual": 0.5286642857142857,
                "MIA": {
                    "1": 0.6428571428571428,
                    "3": 0.7023809523809523,