{"1": {"ROC AUC": 0.5597908584921572, "Group size": 77}, "3": {"ROC AUC": 0.4591715976331361, "Group size": 65}, "5": {"ROC AUC": 0.46248520710059177, "Group size": 65}, "10": {"ROC AUC": 0.4355029585798817, "Group size": 65}, "30": {"ROC AUC": 0.3912426035502959, "Group size": 65}, "50": {"ROC AUC": 0.5222978080120938, "Group size": 63}, "best": {"top k": 1, "ROC AUC": 0.5597908584921572}}