{"1": {"ROC AUC": 0.6893126101586285, "Group size": 79}, "3": {"ROC AUC": 0.7710387902695596, "Group size": 78}, "5": {"ROC AUC": 0.8254437869822484, "Group size": 78}, "10": {"ROC AUC": 0.8617685733070349, "Group size": 78}, "30": {"ROC AUC": 0.9442800788954635, "Group size": 78}, "50": {"ROC AUC": 0.86328125, "Group size": 16}, "best": {"top k": 30, "ROC AUC": 0.9442800788954635}}