{
    "average": {
        "max": {
            "1": {
                "Member size": 92200.0,
                "Nonmember size": 7400.0,
                "ROC AUC Individual": 0.40363828745396096,
                "MIA": {
                    "1": 0.40363828745396096,
                    "best": {
                        "s": 1,
                        "ROC AUC": 0.40363828745396096
                    }
                }
            },
            "3": {
                "Member size": 31348.0,
                "Nonmember size": 2516.0,
                "ROC AUC Individual": 0.40363828745396096,
                "MIA": {
                    "1": 0.4269914806727396,
                    "3": 0.35480522923917146,
                    "best": {
                        "s": 1,
                        "ROC AUC": 0.4269914806727396
                    }
                }
            },
            "5": {
                "Member size": 18440.0,
                "Nonmember size": 1480.0,
                "ROC AUC Individual": 0.40363828745396096,
                "MIA": {
                    "1": 0.43095581532873134,
                    "3": 0.3648145461953064,
                    "5": 0.3173273940446925,
                    "best": {
                        "s": 1,
                        "ROC AUC": 0.43095581532873134
                    }
                }
            },
            "8": {
                "Member size": 11986.0,
                "Nonmember size": 962.0,
                "ROC AUC Individual": 0.40363828745396096,
                "MIA": {
                    "1": 0.4400383682220843,
                    "3": 0.38738940673243044,
                    "5": 0.33761196504378255,
                    "8": 0.28252867585144914,
                    "best": {
                        "s": 1,
                        "ROC AUC": 0.4400383682220843
                    }
                }
            },
            "10": {
                "Member size": 9220.0,
                "Nonmember size": 740.0,
                "ROC AUC Individual": 0.40363828745396096,
                "MIA": {
                    "1": 0.4428188010020005,
                    "3": 0.38993482823698183,
                    "5": 0.33655716791462875,
                    "8": 0.28054362995946036,
                    "10": 0.2525716075904046,
                    "best": {
                        "s": 1,
                        "ROC AUC": 0.4428188010020005
                    }
                }
            },
            "30": {
                "Member size": 3688.0,
                "Nonmember size": 296.0,
                "ROC AUC Individual": 0.40363828745396096,
                "MIA": {
                    "1": 0.44631826451859025,
                    "3": 0.4295320831035117,
                    "5": 0.41572541776734534,
                    "8": 0.39196369393917074,
                    "10": 0.3753946359022778,
                    "30": 0.17349053615117732,
                    "best": {
                        "s": 1,
                        "ROC AUC": 0.44631826451859025
                    }
                }
            },
            "50": {
                "Member size": 1844.0,
                "Nonmember size": 148.0,
                "ROC AUC Individual": 0.40363828745396096,
                "MIA": {
                    "1": 0.4216465515977182,
                    "3": 0.3970419931331983,
                    "5": 0.38129982236446114,
                    "8": 0.3557065217391304,
                    "10": 0.33635061692126905,
                    "30": 0.1411555357837958,
                    "50": 0.08033752166551252,
                    "best": {
                        "s": 1,
                        "ROC AUC": 0.4216465515977182
                    }
                }
            },
            "80": {
                "Member size": 1844.0,
                "Nonmember size": 148.0,
                "ROC AUC Individual": 0.40363828745396096,
                "MIA": {
                    "1": 0.4538172192811368,
                    "3": 0.4514108078746862,
                    "5": 0.43716950646298475,
                    "8": 0.4238249118683902,
                    "10": 0.41401292596944766,
                    "30": 0.3420826097926592,
                    "50": 0.2822093138488043,
                    "80": 0.12584620518688022,
                    "best": {
                        "s": 1,
                        "ROC AUC": 0.4538172192811368
                    }
                }
            },
            "100": {
                "Member size": 922.0,
                "Nonmember size": 74.0,
                "ROC AUC Individual": 0.40363828745396096,
                "MIA": {
                    "1": 0.40707808785984684,
                    "3": 0.3951968272620446,
                    "5": 0.38949504455489214,
                    "8": 0.3829662088639238,
                    "10": 0.3772461253418817,
                    "30": 0.22831548722856976,
                    "50": 0.09855986311570208,
                    "80": 0.04075245121522787,
                    "100": 0.031535412717559885,
                    "best": {
                        "s": 1,
                        "ROC AUC": 0.40707808785984684
                    }
                }
            }
        },
        "min": {
            "1": {
                "Member size": 92200.0,
                "Nonmember size": 7400.0,
                "ROC AUC Individual": 0.40363828745396096,
                "MIA": {
                    "1": 0.40363828745396096,
                    "best": {
                        "s": 1,
                        "ROC AUC": 0.40363828745396096
                    }
                }
            },
            "3": {
                "Member size": 31348.0,
                "Nonmember size": 2516.0,
                "ROC AUC Individual": 0.40363828745396096,
                "MIA": {
                    "1": 0.3371488846966737,
                    "3": 0.35480522923917146,
                    "best": {
                        "s": 3,
                        "ROC AUC": 0.35480522923917146
                    }
                }
            },
            "5": {
                "Member size": 18440.0,
                "Nonmember size": 1480.0,
                "ROC AUC Individual": 0.40363828745396096,
                "MIA": {
                    "1": 0.3115425643261958,
                    "3": 0.2844515042293683,
                    "5": 0.3173273940446925,
                    "best": {
                        "s": 5,
                        "ROC AUC": 0.3173273940446925
                    }
                }
            },
            "8": {
                "Member size": 11986.0,
                "Nonmember size": 962.0,
                "ROC AUC Individual": 0.40363828745396096,
                "MIA": {
                    "1": 0.30364840524216047,
                    "3": 0.25510402177379854,
                    "5": 0.24541875474343958,
                    "8": 0.28252867585144914,
                    "best": {
                        "s": 1,
                        "ROC AUC": 0.30364840524216047
                    }
                }
            },
            "10": {
                "Member size": 9220.0,
                "Nonmember size": 740.0,
                "ROC AUC Individual": 0.40363828745396096,
                "MIA": {
                    "1": 0.28416812726471535,
                    "3": 0.22899403047335948,
                    "5": 0.20779650966579682,
                    "8": 0.21848483064834498,
                    "10": 0.2525716075904046,
                    "best": {
                        "s": 1,
                        "ROC AUC": 0.28416812726471535
                    }
                }
            },
            "30": {
                "Member size": 3688.0,
                "Nonmember size": 296.0,
                "ROC AUC Individual": 0.40363828745396096,