{
    "1": {
        "1": {
            "ROC AUC": 0.6471,
            "Group size": 100,
            "ROC AUC Individual": 0.6471,
            "ROC AUC Individual with set label": 0.6471
        },
        "best": {
            "s": 1,
            "ROC AUC": 0.6471
        }
    },
    "3": {
        "1": {
            "ROC AUC": 0.6843000000000001,
            "Group size": 100,
            "ROC AUC Individual": 0.6776333333333333,
            "ROC AUC Individual with set label": 0.6843000000000001
        },
        "3": {
            "ROC AUC": 0.7798,
            "Group size": 100,
            "ROC AUC Individual": 0.6776333333333333,
            "ROC AUC Individual with set label": 0.7798
        },
        "best": {
            "s": 3,
            "ROC AUC": 0.7798
        }
    },
    "5": {
        "1": {
            "ROC AUC": 0.6653000000000001,
            "Group size": 100,
            "ROC AUC Individual": 0.6714439999999999,
            "ROC AUC Individual with set label": 0.6653000000000001
        },
        "3": {
            "ROC AUC": 0.776,
            "Group size": 100,
            "ROC AUC Individual": 0.6714439999999999,
            "ROC AUC Individual with set label": 0.776
        },
        "5": {
            "ROC AUC": 0.8053,
            "Group size": 100,
            "ROC AUC Individual": 0.6714439999999999,
            "ROC AUC Individual with set label": 0.8053
        },
        "best": {
            "s": 5,
            "ROC AUC": 0.8053
        }
    },
    "10": {
        "1": {
            "ROC AUC": 0.663,
            "Group size": 100,
            "ROC AUC Individual": 0.681431,
            "ROC AUC Individual with set label": 0.663
        },
        "3": {
            "ROC AUC": 0.7372,
            "Group size": 100,
            "ROC AUC Individual": 0.681431,
            "ROC AUC Individual with set label": 0.7372
        },
        "5": {
            "ROC AUC": 0.8233999999999999,
            "Group size": 100,
            "ROC AUC Individual": 0.681431,
            "ROC AUC Individual with set label": 0.8233999999999999
        },
        "10": {
            "ROC AUC": 0.9002,
            "Group size": 100,
            "ROC AUC Individual": 0.681431,
            "ROC AUC Individual with set label": 0.9002
        },
        "best": {
            "s": 10,
            "ROC AUC": 0.9002
        }
    },
    "30": {
        "1": {
            "ROC AUC": 0.6896000000000001,
            "Group size": 100,
            "ROC AUC Individual": 0.6771274444444444,
            "ROC AUC Individual with set label": 0.6896000000000001
        },
        "3": {
            "ROC AUC": 0.745,
            "Group size": 100,
            "ROC AUC Individual": 0.6771274444444444,
            "ROC AUC Individual with set label": 0.745
        },
        "5": {
            "ROC AUC": 0.7661999999999999,
            "Group size": 100,
            "ROC AUC Individual": 0.6771274444444444,
            "ROC AUC Individual with set label": 0.7661999999999999
        },
        "10": {
            "ROC AUC": 0.8367,
            "Group size": 100,
            "ROC AUC Individual": 0.6771274444444444,
            "ROC AUC Individual with set label": 0.8367
        },
        "30": {
            "ROC AUC": 0.9325999999999999,
            "Group size": 100,
            "ROC AUC Individual": 0.6771274444444444,
            "ROC AUC Individual with set label": 0.9325999999999999
        },
        "best": {
            "s": 30,
            "ROC AUC": 0.9325999999999999
        }
    },
    "Total individual ROC AUC": 0.7005654478011383
}