{
    "average": {
        "max": {
            "1": {
                "Member size": 767.0,
                "Nonmember size": 230.0,
                "ROC AUC Individual": 0.6145910095799558,
                "MIA": {
                    "1": 0.6145910095799558,
                    "best": {
                        "s": 1,
                        "ROC AUC": 0.6145910095799558
                    }
                }
            },
            "3": {
                "Member size": 767.0,
                "Nonmember size": 230.0,
                "ROC AUC Individual": 0.6256663516068053,
                "MIA": {
                    "1": 0.6725695822232299,
                    "3": 0.688086048359632,
                    "best": {
                        "s": 3,
                        "ROC AUC": 0.688086048359632
                    }
                }
            },
            "5": {
                "Member size": 767.0,
                "Nonmember size": 230.0,
                "ROC AUC Individual": 0.6254381846635368,
                "MIA": {
                    "1": 0.6928972280482966,
                    "3": 0.7415030082869792,
                    "5": 0.733369281416733,
                    "best": {
                        "s": 3,
                        "ROC AUC": 0.7415030082869792
                    }
                }
            },
            "8": {
                "Member size": 767.0,
                "Nonmember size": 230.0,
                "ROC AUC Individual": 0.6217625488015476,
                "MIA": {
                    "1": 0.6899665551839466,
                    "3": 0.7423771143149053,
                    "5": 0.7779032807356112,
                    "8": 0.7586707515032349,
                    "best": {
                        "s": 5,
                        "ROC AUC": 0.7779032807356112
                    }
                }
            },
            "10": {
                "Member size": 767.0,
                "Nonmember size": 230.0,
                "ROC AUC Individual": 0.6185330009764313,
                "MIA": {
                    "1": 0.6817697409443908,
                    "3": 0.7397775002838007,
                    "5": 0.7789760472244296,
                    "8": 0.8084930507257116,
                    "10": 0.7843171997530808,
                    "best": {
                        "s": 8,
                        "ROC AUC": 0.8084930507257116
                    }
                }
            },
            "30": {
                "Member size": 767.0,
                "Nonmember size": 230.0,
                "ROC AUC Individual": 0.6133813923293605,
                "MIA": {
                    "1": 0.6393628479111161,
                    "3": 0.7024009535702124,
                    "5": 0.7455840617550233,
                    "8": 0.7869451697127938,
                    "10": 0.808355091383812,
                    "30": 0.8527588752739989,
                    "best": {
                        "s": 30,
                        "ROC AUC": 0.8527588752739989
                    }
                }
            },
            "50": {
                "Member size": 767.0,
                "Nonmember size": 230.0,
                "ROC AUC Individual": 0.6162820430869445,
                "MIA": {
                    "1": 0.6189728473442548,
                    "3": 0.6922635940515383,
                    "5": 0.7427971392893632,
                    "8": 0.7873708707004201,
                    "10": 0.8080599386990578,
                    "30": 0.9126466530607592,
                    "50": 0.9113800731240473,
                    "best": {
                        "s": 30,
                        "ROC AUC": 0.9126466530607592
                    }
                }
            },
            "80": {
                "Member size": 767.0,
                "Nonmember size": 230.0,
                "ROC AUC Individual": 0.6144364007812001,
                "MIA": {
                    "1": 0.6027095969616235,
                    "3": 0.673862025962247,
                    "5": 0.7246527974604614,
                    "8": 0.775137463862593,
                    "10": 0.7986565387449692,
                    "30": 0.9067090475649904,
                    "50": 0.9473010356889733,
                    "80": 0.9407715085665563,
                    "best": {
                        "s": 50,
                        "ROC AUC": 0.9473010356889733
                    }
                }
            },
            "100": {
                "Member size": 767.0,
                "Nonmember size": 230.0,
                "ROC AUC Individual": 0.6135708126055207,
                "MIA": {
                    "1": 0.586605067739924,
                    "3": 0.661198344765036,
                    "5": 0.7117056856187292,
                    "8": 0.7646448614024148,
                    "10": 0.7901422821835498,
                    "30": 0.9037023963380266,
                    "50": 0.9446432245821808,
                    "80": 0.9652772610987427,
                    "100": 0.9493207821087442,
                    "best": {
                        "s": 80,
                        "ROC AUC": 0.9652772610987427
                    }
                }
            }
        },
        "min": {
            "1": {
                "Member size": 767.0,
                "Nonmember size": 230.0,
                "ROC AUC Individual": 0.6145910095799558,
                "MIA": {
                    "1": 0.6145910095799558,
                    "best": {
                        "s": 1,
                        "ROC AUC": 0.6145910095799558
                    }
                }
            },
            "3": {
                "Member size": 767.0,
                "Nonmember size": 230.0,
                "ROC AUC Individual": 0.6256663516068053,
                "MIA": {
                    "1": 0.6354288305651606,
                    "3": 0.688086048359632,
                    "best": {
                        "s": 3,
                        "ROC AUC": 0.688086048359632
                    }
                }
            },
            "5": {
                "Member size": 767.0,
                "Nonmember size": 230.0,
                "ROC AUC Individual": 0.6254381846635368,
                "MIA": {
                    "1": 0.6501105379513633,
                    "3": 0.7081394028834147,
                    "5": 0.733369281416733,
                    "best": {
                        "s": 5,
                        "ROC AUC": 0.733369281416733
                    }
                }
            },
            "8": {
                "Member size": 767.0,
                "Nonmember size": 230.0,
                "ROC AUC Individual": 0.6217625488015476,
                "MIA": {
                    "1": 0.6377189501728928,
                    "3": 0.6850607333409013,
                    "5": 0.7236519468725167,
                    "8": 0.7586707515032349,
                    "best": {
                        "s": 8,
                        "ROC AUC": 0.7586707515032349
                    }
                }
            },
            "10": {
                "Member size": 767.0,
                "Nonmember size": 230.0,
                "ROC AUC Individual": 0.6185330009764313,
                "MIA": {
                    "1": 0.6324358029590159,
                    "3": 0.688262004767851,
                    "5": 0.7242227905655015,
                    "8": 0.7687075607581334,
                    "10": 0.7843171997530808,
                    "best": {
                        "s": 10,
                        "ROC AUC": 0.7843171997530808
                    }
                }
            },
            "30": {
                "Member size": 767.0,
                "Nonmember size": 230.0,
                "ROC AUC Individual": 0.6133813923293605,
                "MIA": {
                    "1": 0.5901475582955161,
                    "3": 0.6390254511323379,