{
    "average": {
        "max": {
            "1": {
                "Member size": 769.0,
                "Nonmember size": 229.0,
                "ROC AUC Individual": 0.4618826696043748,
                "MIA": {
                    "1": 0.4618826696043748,
                    "best": {
                        "s": 1,
                        "ROC AUC": 0.4618826696043748
                    }
                }
            },
            "3": {
                "Member size": 769.0,
                "Nonmember size": 229.0,
                "ROC AUC Individual": 0.5011139440813321,
                "MIA": {
                    "1": 0.5017859069511246,
                    "3": 0.5112009585408374,
                    "best": {
                        "s": 3,
                        "ROC AUC": 0.5112009585408374
                    }
                }
            },
            "5": {
                "Member size": 769.0,
                "Nonmember size": 229.0,
                "ROC AUC Individual": 0.4958946286506039,
                "MIA": {
                    "1": 0.49729416641586366,
                    "3": 0.5018824424619962,
                    "5": 0.5035178675873504,
                    "best": {
                        "s": 5,
                        "ROC AUC": 0.5035178675873504
                    }
                }
            },
            "8": {
                "Member size": 769.0,
                "Nonmember size": 229.0,
                "ROC AUC Individual": 0.49999077234087264,
                "MIA": {
                    "1": 0.5192701915378106,
                    "3": 0.5123877774686117,
                    "5": 0.5146251298970477,
                    "8": 0.517220231571655,
                    "best": {
                        "s": 1,
                        "ROC AUC": 0.5192701915378106
                    }
                }
            },
            "10": {
                "Member size": 769.0,
                "Nonmember size": 229.0,
                "ROC AUC Individual": 0.4997051124070846,
                "MIA": {
                    "1": 0.5033134394466812,
                    "3": 0.5079187511712029,
                    "5": 0.5085661069499889,
                    "8": 0.511956206949421,
                    "10": 0.5109283876866116,
                    "best": {
                        "s": 8,
                        "ROC AUC": 0.511956206949421
                    }
                }
            },
            "30": {
                "Member size": 769.0,
                "Nonmember size": 229.0,
                "ROC AUC Individual": 0.49203992234590777,
                "MIA": {
                    "1": 0.47628349640263257,
                    "3": 0.46530116240112207,
                    "5": 0.4561700387845611,
                    "8": 0.455676004111277,
                    "10": 0.4545062208618918,
                    "30": 0.4645445591341528,
                    "best": {
                        "s": 1,
                        "ROC AUC": 0.47628349640263257
                    }
                }
            }
        },
        "min": {
            "1": {
                "Member size": 769.0,
                "Nonmember size": 229.0,
                "ROC AUC Individual": 0.4618826696043748,
                "MIA": {
                    "1": 0.4618826696043748,
                    "best": {
                        "s": 1,
                        "ROC AUC": 0.4618826696043748
                    }
                }
            },
            "3": {
                "Member size": 769.0,
                "Nonmember size": 229.0,
                "ROC AUC Individual": 0.5011139440813321,
                "MIA": {
                    "1": 0.503126046984401,
                    "3": 0.5112009585408374,
                    "best": {
                        "s": 3,
                        "ROC AUC": 0.5112009585408374
                    }
                }
            },
            "5": {
                "Member size": 769.0,
                "Nonmember size": 229.0,
                "ROC AUC Individual": 0.4958946286506039,
                "MIA": {
                    "1": 0.49461388634931086,
                    "3": 0.49845259254632285,
                    "5": 0.5035178675873504,
                    "best": {
                        "s": 5,
                        "ROC AUC": 0.5035178675873504
                    }
                }
            },
            "8": {
                "Member size": 769.0,
                "Nonmember size": 229.0,
                "ROC AUC Individual": 0.49999077234087264,
                "MIA": {
                    "1": 0.5021152633999807,
                    "3": 0.5097529258777633,
                    "5": 0.5092929625612574,
                    "8": 0.517220231571655,
                    "best": {
                        "s": 8,
                        "ROC AUC": 0.517220231571655
                    }
                }
            },
            "10": {
                "Member size": 769.0,
                "Nonmember size": 229.0,
                "ROC AUC Individual": 0.4997051124070846,
                "MIA": {
                    "1": 0.5186228357590247,
                    "3": 0.5155848064463007,
                    "5": 0.5125467771335768,
                    "8": 0.5054145064480042,
                    "10": 0.5109283876866116,
                    "best": {
                        "s": 1,
                        "ROC AUC": 0.5186228357590247
                    }
                }
            },
            "30": {
                "Member size": 769.0,
                "Nonmember size": 229.0,
                "ROC AUC Individual": 0.49203992234590777,
                "MIA": {
                    "1": 0.5430463200095399,
                    "3": 0.5150734625181951,
                    "5": 0.4993651896175765,
                    "8": 0.4953399793900126,
                    "10": 0.49589223595588783,
                    "30": 0.4645445591341528,
                    "best": {
                        "s": 1,
                        "ROC AUC": 0.5430463200095399
                    }
                }
            }
        },
        "Total individual ROC AUC": 0.4923512744448747
    },
    "std": {
        "max": {
            "1": {
                "Member size": 0.0,
                "Nonmember size": 0.0,
                "ROC AUC Individual": 0.0,
                "MIA": {
                    "1": 0.0
                }
            },
            "3": {
                "Member size": 0.0,
                "Nonmember size": 0.0,
                "ROC AUC Individual": 0.0,
                "MIA": {
                    "1": 0.0,
                    "3": 0.0
                }
            },
            "5": {
                "Member size": 0.0,
                "Nonmember size": 0.0,
                "ROC AUC Individual": 0.0,
                "MIA": {
                    "1": 0.0,
                    "3": 0.0,
                    "5": 0.0
                }
            },
            "8": {
                "Member size": 0.0,
                "Nonmember size": 0.0,
                "ROC AUC Individual": 0.0,
                "MIA": {
                    "1": 0.0,
                    "3": 0.0,
                    "5": 0.0,
                    "8": 0.0
                }
            },
            "10": {
                "Member size": 0.0,
                "Nonmember size": 0.0,
                "ROC AUC Individual": 0.0,
                "MIA": {
                    "1": 0.0,
                    "3": 0.0,
                    "5": 0.0,
                    "8": 0.0,
                    "10": 0.0
                }
            },
            "30": {
                "Member size": 0.0,
                "Nonmember size": 0.0,
                "ROC AUC Individual": 0.0,
                "MIA": {
                    "1": 0.0,
                    "3": 0.0,
                    "5": 0.0,
                    "8": 0.0,