{
    "average": {
        "max": {
            "1": {
                "Member size": 400.0,
                "Nonmember size": 900.0,
                "ROC AUC Individual": 0.3825222222222222,
                "MIA": {
                    "1": 0.3825222222222222,
                    "best": {
                        "s": 1,
                        "ROC AUC": 0.3825222222222222
                    }
                }
            },
            "3": {
                "Member size": 136.0,
                "Nonmember size": 306.0,
                "ROC AUC Individual": 0.3825222222222222,
                "MIA": {
                    "1": 0.2785947712418301,
                    "3": 0.33496732026143794,
                    "best": {
                        "s": 3,
                        "ROC AUC": 0.33496732026143794
                    }
                }
            },
            "5": {
                "Member size": 80.0,
                "Nonmember size": 180.0,
                "ROC AUC Individual": 0.3825222222222222,
                "MIA": {
                    "1": 0.24125,
                    "3": 0.2675,
                    "5": 0.3107638888888889,
                    "best": {
                        "s": 5,
                        "ROC AUC": 0.3107638888888889
                    }
                }
            },
            "8": {
                "Member size": 52.0,
                "Nonmember size": 117.0,
                "ROC AUC Individual": 0.3825222222222222,
                "MIA": {
                    "1": 0.20562130177514795,
                    "3": 0.23339907955292571,
                    "5": 0.2514792899408284,
                    "8": 0.2851742274819198,
                    "best": {
                        "s": 8,
                        "ROC AUC": 0.2851742274819198
                    }
                }
            },
            "10": {
                "Member size": 40.0,
                "Nonmember size": 90.0,
                "ROC AUC Individual": 0.3825222222222222,
                "MIA": {
                    "1": 0.19111111111111112,
                    "3": 0.1913888888888889,
                    "5": 0.22166666666666668,
                    "8": 0.2608333333333333,
                    "10": 0.29083333333333333,
                    "best": {
                        "s": 10,
                        "ROC AUC": 0.29083333333333333
                    }
                }
            },
            "30": {
                "Member size": 16.0,
                "Nonmember size": 36.0,
                "ROC AUC Individual": 0.3825222222222222,
                "MIA": {
                    "1": 0.18750000000000003,
                    "3": 0.19444444444444445,
                    "5": 0.19444444444444442,
                    "8": 0.21354166666666669,
                    "10": 0.22395833333333331,
                    "30": 0.2760416666666667,
                    "best": {
                        "s": 30,
                        "ROC AUC": 0.2760416666666667
                    }
                }
            },
            "50": {
                "Member size": 8.0,
                "Nonmember size": 18.0,
                "ROC AUC Individual": 0.3825222222222222,
                "MIA": {
                    "1": 0.1875,
                    "3": 0.125,
                    "5": 0.11111111111111112,
                    "8": 0.14583333333333334,
                    "10": 0.1527777777777778,
                    "30": 0.18055555555555558,
                    "50": 0.27083333333333337,
                    "best": {
                        "s": 50,
                        "ROC AUC": 0.27083333333333337
                    }
                }
            },
            "80": {
                "Member size": 8.0,
                "Nonmember size": 18.0,
                "ROC AUC Individual": 0.3825222222222222,
                "MIA": {
                    "1": 0.24305555555555558,
                    "3": 0.20833333333333334,
                    "5": 0.2152777777777778,
                    "8": 0.2152777777777778,
                    "10": 0.20833333333333331,
                    "30": 0.2569444444444444,
                    "50": 0.24305555555555552,
                    "80": 0.2569444444444445,
                    "best": {
                        "s": 80,
                        "ROC AUC": 0.2569444444444445
                    }
                }
            },
            "100": {
                "Member size": 4.0,
                "Nonmember size": 9.0,
                "ROC AUC Individual": 0.3825222222222222,
                "MIA": {
                    "1": 0.16666666666666669,
                    "3": 0.11111111111111113,
                    "5": 0.08333333333333334,
                    "8": 0.08333333333333334,
                    "10": 0.1111111111111111,
                    "30": 0.1388888888888889,
                    "50": 0.16666666666666669,
                    "80": 0.22222222222222227,
                    "100": 0.2777777777777778,
                    "best": {
                        "s": 100,
                        "ROC AUC": 0.2777777777777778
                    }
                }
            }
        },
        "min": {
            "1": {
                "Member size": 400.0,
                "Nonmember size": 900.0,
                "ROC AUC Individual": 0.3825222222222222,
                "MIA": {
                    "1": 0.3825222222222222,
                    "best": {
                        "s": 1,
                        "ROC AUC": 0.3825222222222222
                    }
                }
            },
            "3": {
                "Member size": 136.0,
                "Nonmember size": 306.0,
                "ROC AUC Individual": 0.3825222222222222,
                "MIA": {
                    "1": 0.45086024605920794,
                    "3": 0.33496732026143794,
                    "best": {
                        "s": 1,
                        "ROC AUC": 0.45086024605920794
                    }
                }
            },
            "5": {
                "Member size": 80.0,
                "Nonmember size": 180.0,
                "ROC AUC Individual": 0.3825222222222222,
                "MIA": {
                    "1": 0.47965277777777776,
                    "3": 0.39749999999999996,
                    "5": 0.3107638888888889,
                    "best": {
                        "s": 1,
                        "ROC AUC": 0.47965277777777776
                    }
                }
            },
            "8": {
                "Member size": 52.0,
                "Nonmember size": 117.0,
                "ROC AUC Individual": 0.3825222222222222,
                "MIA": {
                    "1": 0.4880013149243918,
                    "3": 0.4523339907955292,
                    "5": 0.39365548980933596,
                    "8": 0.2851742274819198,
                    "best": {
                        "s": 1,
                        "ROC AUC": 0.4880013149243918
                    }
                }
            },
            "10": {
                "Member size": 40.0,
                "Nonmember size": 90.0,
                "ROC AUC Individual": 0.3825222222222222,
                "MIA": {
                    "1": 0.5113888888888889,
                    "3": 0.46555555555555556,
                    "5": 0.4277777777777778,
                    "8": 0.3647222222222222,
                    "10": 0.29083333333333333,
                    "best": {
                        "s": 1,
                        "ROC AUC": 0.5113888888888889
                    }
                }
            },
            "30": {
                "Member size": 16.0,
                "Nonmember size": 36.0,
                "ROC AUC Individual": 0.3825222222222222,
                "MIA": {
                    "1": 0.53125,
                    "3": 0.4965277777777778,
                    "5": 0.4635416666666667,