{
    "average": {
        "max": {
            "1": {
                "Member size": 92200.0,
                "Nonmember size": 7400.0,
                "ROC AUC Individual": 0.5638414280060972,
                "MIA": {
                    "1": 0.5638414280060972,
                    "best": {
                        "s": 1,
                        "ROC AUC": 0.5638414280060972
                    }
                }
            },
            "3": {
                "Member size": 31348.0,
                "Nonmember size": 2516.0,
                "ROC AUC Individual": 0.5638414280060972,
                "MIA": {
                    "1": 0.6248290575381994,
                    "3": 0.5940706034904746,
                    "best": {
                        "s": 1,
                        "ROC AUC": 0.6248290575381994
                    }
                }
            },
            "5": {
                "Member size": 18440.0,
                "Nonmember size": 1480.0,
                "ROC AUC Individual": 0.5638414280060972,
                "MIA": {
                    "1": 0.6453626260479568,
                    "3": 0.6623843216861113,
                    "5": 0.619437254499619,
                    "best": {
                        "s": 3,
                        "ROC AUC": 0.6623843216861113
                    }
                }
            },
            "8": {
                "Member size": 11986.0,
                "Nonmember size": 962.0,
                "ROC AUC Individual": 0.5638414280060972,
                "MIA": {
                    "1": 0.6550574596211172,
                    "3": 0.691080342173284,
                    "5": 0.6876872636926032,
                    "8": 0.6416086439029873,
                    "best": {
                        "s": 3,
                        "ROC AUC": 0.691080342173284
                    }
                }
            },
            "10": {
                "Member size": 9220.0,
                "Nonmember size": 740.0,
                "ROC AUC Individual": 0.5638414280060972,
                "MIA": {
                    "1": 0.667532757812042,
                    "3": 0.7135634929940786,
                    "5": 0.7239054347188838,
                    "8": 0.6981361024799202,
                    "10": 0.6624947235738994,
                    "best": {
                        "s": 5,
                        "ROC AUC": 0.7239054347188838
                    }
                }
            },
            "30": {
                "Member size": 3688.0,
                "Nonmember size": 296.0,
                "ROC AUC Individual": 0.5638414280060972,
                "MIA": {
                    "1": 0.6461739498446386,
                    "3": 0.7020797912880343,
                    "5": 0.7120820997244532,
                    "8": 0.7016721507299056,
                    "10": 0.6919602289382658,
                    "30": 0.7353258559535675,
                    "best": {
                        "s": 30,
                        "ROC AUC": 0.7353258559535675
                    }
                }
            },
            "50": {
                "Member size": 1844.0,
                "Nonmember size": 148.0,
                "ROC AUC Individual": 0.5638414280060972,
                "MIA": {
                    "1": 0.6408017969162221,
                    "3": 0.7267837251568271,
                    "5": 0.7742165972914345,
                    "8": 0.8175272615348537,
                    "10": 0.8343165562525651,
                    "30": 0.887472885032538,
                    "50": 0.8293259365656329,
                    "best": {
                        "s": 30,
                        "ROC AUC": 0.887472885032538
                    }
                }
            },
            "80": {
                "Member size": 1844.0,
                "Nonmember size": 148.0,
                "ROC AUC Individual": 0.5638414280060972,
                "MIA": {
                    "1": 0.6286348713138301,
                    "3": 0.6760860643723984,
                    "5": 0.6889656739168669,
                    "8": 0.6836086357507182,
                    "10": 0.6781599929647653,
                    "30": 0.6578860585097027,
                    "50": 0.6768958492114674,
                    "80": 0.7842784487307265,
                    "best": {
                        "s": 80,
                        "ROC AUC": 0.7842784487307265
                    }
                }
            },
            "100": {
                "Member size": 922.0,
                "Nonmember size": 74.0,
                "ROC AUC Individual": 0.5638414280060972,
                "MIA": {
                    "1": 0.6075291669109456,
                    "3": 0.6980125461687283,
                    "5": 0.7526088995720233,
                    "8": 0.8036876355748372,
                    "10": 0.8285894354224072,
                    "30": 0.9200181743565691,
                    "50": 0.9377528287506595,
                    "80": 0.9282259482910241,
                    "100": 0.8921263997185905,
                    "best": {
                        "s": 50,
                        "ROC AUC": 0.9377528287506595
                    }
                }
            }
        },
        "min": {
            "1": {
                "Member size": 92200.0,
                "Nonmember size": 7400.0,
                "ROC AUC Individual": 0.5638414280060972,
                "MIA": {
                    "1": 0.5638414280060972,
                    "best": {
                        "s": 1,
                        "ROC AUC": 0.5638414280060972
                    }
                }
            },
            "3": {
                "Member size": 31348.0,
                "Nonmember size": 2516.0,
                "ROC AUC Individual": 0.5638414280060972,
                "MIA": {
                    "1": 0.5352062038376111,
                    "3": 0.5940706034904746,
                    "best": {
                        "s": 3,
                        "ROC AUC": 0.5940706034904746
                    }
                }
            },
            "5": {
                "Member size": 18440.0,
                "Nonmember size": 1480.0,
                "ROC AUC Individual": 0.5638414280060972,
                "MIA": {
                    "1": 0.5152347459987101,
                    "3": 0.5737465739872194,
                    "5": 0.619437254499619,
                    "best": {
                        "s": 5,
                        "ROC AUC": 0.619437254499619
                    }
                }
            },
            "8": {
                "Member size": 11986.0,
                "Nonmember size": 962.0,
                "ROC AUC Individual": 0.5638414280060972,
                "MIA": {
                    "1": 0.5069952106286163,
                    "3": 0.5510580084249366,
                    "5": 0.5920561167515948,
                    "8": 0.6416086439029873,
                    "best": {
                        "s": 8,
                        "ROC AUC": 0.6416086439029873
                    }
                }
            },
            "10": {
                "Member size": 9220.0,
                "Nonmember size": 740.0,
                "ROC AUC Individual": 0.5638414280060972,
                "MIA": {
                    "1": 0.5017069238435832,
                    "3": 0.5387365157999648,
                    "5": 0.5829339860467844,
                    "8": 0.6365511227062204,
                    "10": 0.6624947235738994,
                    "best": {
                        "s": 10,
                        "ROC AUC": 0.6624947235738994
                    }
                }
            },
            "30": {
                "Member size": 3688.0,
                "Nonmember size": 296.0,
                "ROC AUC Individual": 0.5638414280060972,
                "MIA": {
                    "1": 0.48436309139942546,