{
    "average": {
        "max": {
            "1": {
                "Member size": 400.0,
                "Nonmember size": 1400.0,
                "ROC AUC Individual": 0.7100428571428571,
                "MIA": {
                    "1": 0.7100428571428571,
                    "best": {
                        "s": 1,
                        "ROC AUC": 0.7100428571428571
                    }
                }
            },
            "3": {
                "Member size": 136.0,
                "Nonmember size": 476.0,
                "ROC AUC Individual": 0.7100428571428571,
                "MIA": {
                    "1": 0.7570903361344538,
                    "3": 0.7240484429065744,
                    "best": {
                        "s": 1,
                        "ROC AUC": 0.7570903361344538
                    }
                }
            },
            "5": {
                "Member size": 80.0,
                "Nonmember size": 280.0,
                "ROC AUC Individual": 0.7100428571428571,
                "MIA": {
                    "1": 0.7679910714285714,
                    "3": 0.7600892857142857,
                    "5": 0.7210267857142857,
                    "best": {
                        "s": 1,
                        "ROC AUC": 0.7679910714285714
                    }
                }
            },
            "8": {
                "Member size": 52.0,
                "Nonmember size": 182.0,
                "ROC AUC Individual": 0.7100428571428571,
                "MIA": {
                    "1": 0.8002958579881657,
                    "3": 0.7802197802197802,
                    "5": 0.754015215553677,
                    "8": 0.7253803888419272,
                    "best": {
                        "s": 1,
                        "ROC AUC": 0.8002958579881657
                    }
                }
            },
            "10": {
                "Member size": 40.0,
                "Nonmember size": 140.0,
                "ROC AUC Individual": 0.7100428571428571,
                "MIA": {
                    "1": 0.8064285714285715,
                    "3": 0.7992857142857143,
                    "5": 0.7708928571428572,
                    "8": 0.7449999999999999,
                    "10": 0.7332142857142856,
                    "best": {
                        "s": 1,
                        "ROC AUC": 0.8064285714285715
                    }
                }
            },
            "30": {
                "Member size": 16.0,
                "Nonmember size": 56.0,
                "ROC AUC Individual": 0.7100428571428571,
                "MIA": {
                    "1": 0.8348214285714285,
                    "3": 0.8470982142857143,
                    "5": 0.8258928571428572,
                    "8": 0.8002232142857143,
                    "10": 0.7734375,
                    "30": 0.7220982142857143,
                    "best": {
                        "s": 3,
                        "ROC AUC": 0.8470982142857143
                    }
                }
            },
            "50": {
                "Member size": 8.0,
                "Nonmember size": 28.0,
                "ROC AUC Individual": 0.7100428571428571,
                "MIA": {
                    "1": 0.8214285714285714,
                    "3": 0.8482142857142857,
                    "5": 0.8660714285714286,
                    "8": 0.8571428571428571,
                    "10": 0.8616071428571429,
                    "30": 0.7589285714285715,
                    "50": 0.7053571428571429,
                    "best": {
                        "s": 5,
                        "ROC AUC": 0.8660714285714286
                    }
                }
            },
            "80": {
                "Member size": 8.0,
                "Nonmember size": 28.0,
                "ROC AUC Individual": 0.7100428571428571,
                "MIA": {
                    "1": 0.8348214285714286,
                    "3": 0.8258928571428571,
                    "5": 0.8125,
                    "8": 0.8125,
                    "10": 0.7946428571428572,
                    "30": 0.7455357142857143,
                    "50": 0.7410714285714286,
                    "80": 0.7053571428571429,
                    "best": {
                        "s": 1,
                        "ROC AUC": 0.8348214285714286
                    }
                }
            },
            "100": {
                "Member size": 4.0,
                "Nonmember size": 14.0,
                "ROC AUC Individual": 0.7100428571428571,
                "MIA": {
                    "1": 0.8035714285714286,
                    "3": 0.8214285714285714,
                    "5": 0.8392857142857143,
                    "8": 0.8749999999999999,
                    "10": 0.8749999999999999,
                    "30": 0.875,
                    "50": 0.8214285714285714,
                    "80": 0.7321428571428571,
                    "100": 0.7321428571428571,
                    "best": {
                        "s": 30,
                        "ROC AUC": 0.875
                    }
                }
            }
        },
        "min": {
            "1": {
                "Member size": 400.0,
                "Nonmember size": 1400.0,
                "ROC AUC Individual": 0.7100428571428571,
                "MIA": {
                    "1": 0.7100428571428571,
                    "best": {
                        "s": 1,
                        "ROC AUC": 0.7100428571428571
                    }
                }
            },
            "3": {
                "Member size": 136.0,
                "Nonmember size": 476.0,
                "ROC AUC Individual": 0.7100428571428571,
                "MIA": {
                    "1": 0.6948992832427088,
                    "3": 0.7240484429065744,
                    "best": {
                        "s": 3,
                        "ROC AUC": 0.7240484429065744
                    }
                }
            },
            "5": {
                "Member size": 80.0,
                "Nonmember size": 280.0,
                "ROC AUC Individual": 0.7100428571428571,
                "MIA": {
                    "1": 0.6844196428571429,
                    "3": 0.7054464285714286,
                    "5": 0.7210267857142857,
                    "best": {
                        "s": 5,
                        "ROC AUC": 0.7210267857142857
                    }
                }
            },
            "8": {
                "Member size": 52.0,
                "Nonmember size": 182.0,
                "ROC AUC Individual": 0.7100428571428571,
                "MIA": {
                    "1": 0.6878698224852071,
                    "3": 0.6967455621301775,
                    "5": 0.7077345731191885,
                    "8": 0.7253803888419272,
                    "best": {
                        "s": 8,
                        "ROC AUC": 0.7253803888419272
                    }
                }
            },
            "10": {
                "Member size": 40.0,
                "Nonmember size": 140.0,
                "ROC AUC Individual": 0.7100428571428571,
                "MIA": {
                    "1": 0.6730357142857143,
                    "3": 0.6910714285714286,
                    "5": 0.7094642857142857,
                    "8": 0.7257142857142858,
                    "10": 0.7332142857142856,
                    "best": {
                        "s": 10,
                        "ROC AUC": 0.7332142857142856
                    }
                }
            },
            "30": {
                "Member size": 16.0,
                "Nonmember size": 56.0,
                "ROC AUC Individual": 0.7100428571428571,
                "MIA": {
                    "1": 0.6484375,
                    "3": 0.6741071428571428,
                    "5": 0.6930803571428571,
                    "8": 0.6975446428571428,