{
    "average": {
        "max": {
            "1": {
                "Member size": 76700.0,
                "Nonmember size": 23000.0,
                "ROC AUC Individual": 0.5917723810127111,
                "MIA": {
                    "1": 0.5917723810127111,
                    "best": {
                        "s": 1,
                        "ROC AUC": 0.5917723810127111
                    }
                }
            },
            "3": {
                "Member size": 26078.0,
                "Nonmember size": 7820.0,
                "ROC AUC Individual": 0.5917723810127111,
                "MIA": {
                    "1": 0.6355567584238493,
                    "3": 0.6364886434665129,
                    "best": {
                        "s": 3,
                        "ROC AUC": 0.6364886434665129
                    }
                }
            },
            "5": {
                "Member size": 15340.0,
                "Nonmember size": 4600.0,
                "ROC AUC Individual": 0.5917723810127111,
                "MIA": {
                    "1": 0.6592479108437697,
                    "3": 0.6888975955376082,
                    "5": 0.6671451833057958,
                    "best": {
                        "s": 3,
                        "ROC AUC": 0.6888975955376082
                    }
                }
            },
            "8": {
                "Member size": 9971.0,
                "Nonmember size": 2990.0,
                "ROC AUC Individual": 0.5917723810127111,
                "MIA": {
                    "1": 0.6673296036767495,
                    "3": 0.704588462343714,
                    "5": 0.7166949428095994,
                    "8": 0.6966276783278984,
                    "best": {
                        "s": 5,
                        "ROC AUC": 0.7166949428095994
                    }
                }
            },
            "10": {
                "Member size": 7670.0,
                "Nonmember size": 2300.0,
                "ROC AUC Individual": 0.5917723810127111,
                "MIA": {
                    "1": 0.6729439527856361,
                    "3": 0.7197879973907373,
                    "5": 0.7453498570391213,
                    "8": 0.7504004742627916,
                    "10": 0.7207847823616494,
                    "best": {
                        "s": 8,
                        "ROC AUC": 0.7504004742627916
                    }
                }
            },
            "30": {
                "Member size": 3068.0,
                "Nonmember size": 920.0,
                "ROC AUC Individual": 0.5917723810127111,
                "MIA": {
                    "1": 0.6718782339348748,
                    "3": 0.7067470362177033,
                    "5": 0.7166724590396482,
                    "8": 0.7123520689067999,
                    "10": 0.7019944091270292,
                    "30": 0.7845676435003701,
                    "best": {
                        "s": 30,
                        "ROC AUC": 0.7845676435003701
                    }
                }
            },
            "50": {
                "Member size": 1534.0,
                "Nonmember size": 460.0,
                "ROC AUC Individual": 0.5917723810127111,
                "MIA": {
                    "1": 0.6769811802052037,
                    "3": 0.7386259282353608,
                    "5": 0.7733716909472252,
                    "8": 0.8080585196957657,
                    "10": 0.8263508911340675,
                    "30": 0.9071219775229878,
                    "50": 0.8457936906432522,
                    "best": {
                        "s": 30,
                        "ROC AUC": 0.9071219775229878
                    }
                }
            },
            "80": {
                "Member size": 1534.0,
                "Nonmember size": 460.0,
                "ROC AUC Individual": 0.5917723810127111,
                "MIA": {
                    "1": 0.6518706422538405,
                    "3": 0.6829731416092345,
                    "5": 0.6963943126348053,
                    "8": 0.6993330684527188,
                    "10": 0.6972471336133501,
                    "30": 0.6798614663256607,
                    "50": 0.7135716522878051,
                    "80": 0.8197743531643342,
                    "best": {
                        "s": 80,
                        "ROC AUC": 0.8197743531643342
                    }
                }
            },
            "100": {
                "Member size": 767.0,
                "Nonmember size": 230.0,
                "ROC AUC Individual": 0.5917723810127111,
                "MIA": {
                    "1": 0.6514710050450655,
                    "3": 0.7265631200045349,
                    "5": 0.7697692874553597,
                    "8": 0.8077376565954311,
                    "10": 0.8247605011053796,
                    "30": 0.9153933477125666,
                    "50": 0.9446037822087642,
                    "80": 0.9427926641147233,
                    "100": 0.8911878191354174,
                    "best": {
                        "s": 50,
                        "ROC AUC": 0.9446037822087642
                    }
                }
            }
        },
        "min": {
            "1": {
                "Member size": 76700.0,
                "Nonmember size": 23000.0,
                "ROC AUC Individual": 0.5917723810127111,
                "MIA": {
                    "1": 0.5917723810127111,
                    "best": {
                        "s": 1,
                        "ROC AUC": 0.5917723810127111
                    }
                }
            },
            "3": {
                "Member size": 26078.0,
                "Nonmember size": 7820.0,
                "ROC AUC Individual": 0.5917723810127111,
                "MIA": {
                    "1": 0.5965384786297085,
                    "3": 0.6364886434665129,
                    "best": {
                        "s": 3,
                        "ROC AUC": 0.6364886434665129
                    }
                }
            },
            "5": {
                "Member size": 15340.0,
                "Nonmember size": 4600.0,
                "ROC AUC Individual": 0.5917723810127111,
                "MIA": {
                    "1": 0.5981807388610879,
                    "3": 0.6365781962094421,
                    "5": 0.6671451833057958,
                    "best": {
                        "s": 5,
                        "ROC AUC": 0.6671451833057958
                    }
                }
            },
            "8": {
                "Member size": 9971.0,
                "Nonmember size": 2990.0,
                "ROC AUC Individual": 0.5917723810127111,
                "MIA": {
                    "1": 0.5998167867004593,
                    "3": 0.6332181688409266,
                    "5": 0.6589627373316261,
                    "8": 0.6966276783278984,
                    "best": {
                        "s": 8,
                        "ROC AUC": 0.6966276783278984
                    }
                }
            },
            "10": {
                "Member size": 7670.0,
                "Nonmember size": 2300.0,
                "ROC AUC Individual": 0.5917723810127111,
                "MIA": {
                    "1": 0.5994891502956431,
                    "3": 0.637014617741271,
                    "5": 0.6652746908918283,
                    "8": 0.6988457432601389,
                    "10": 0.7207847823616494,
                    "best": {
                        "s": 10,
                        "ROC AUC": 0.7207847823616494
                    }
                }
            },
            "30": {
                "Member size": 3068.0,
                "Nonmember size": 920.0,
                "ROC AUC Individual": 0.5917723810127111,
                "MIA": {
                    "1": 0.5948386945455864,