{
    "average": {
        "max": {
            "1": {
                "Member size": 1600.0,
                "Nonmember size": 100.0,
                "ROC AUC Individual": 0.61585,
                "MIA": {
                    "1": 0.61585,
                    "best": {
                        "s": 1,
                        "ROC AUC": 0.61585
                    }
                }
            },
            "3": {
                "Member size": 544.0,
                "Nonmember size": 34.0,
                "ROC AUC Individual": 0.61585,
                "MIA": {
                    "1": 0.7170739619377162,
                    "3": 0.6898248269896193,
                    "best": {
                        "s": 1,
                        "ROC AUC": 0.7170739619377162
                    }
                }
            },
            "5": {
                "Member size": 320.0,
                "Nonmember size": 20.0,
                "ROC AUC Individual": 0.61585,
                "MIA": {
                    "1": 0.7625000000000001,
                    "3": 0.76375,
                    "5": 0.7234375,
                    "best": {
                        "s": 3,
                        "ROC AUC": 0.76375
                    }
                }
            },
            "8": {
                "Member size": 208.0,
                "Nonmember size": 13.0,
                "ROC AUC Individual": 0.61585,
                "MIA": {
                    "1": 0.7662721893491123,
                    "3": 0.7995562130177515,
                    "5": 0.7869822485207099,
                    "8": 0.7529585798816567,
                    "best": {
                        "s": 3,
                        "ROC AUC": 0.7995562130177515
                    }
                }
            },
            "10": {
                "Member size": 160.0,
                "Nonmember size": 10.0,
                "ROC AUC Individual": 0.61585,
                "MIA": {
                    "1": 0.77125,
                    "3": 0.79,
                    "5": 0.7974999999999999,
                    "8": 0.773125,
                    "10": 0.758125,
                    "best": {
                        "s": 5,
                        "ROC AUC": 0.7974999999999999
                    }
                }
            },
            "30": {
                "Member size": 64.0,
                "Nonmember size": 4.0,
                "ROC AUC Individual": 0.61585,
                "MIA": {
                    "1": 0.79296875,
                    "3": 0.80078125,
                    "5": 0.828125,
                    "8": 0.81640625,
                    "10": 0.8125,
                    "30": 0.796875,
                    "best": {
                        "s": 5,
                        "ROC AUC": 0.828125
                    }
                }
            },
            "50": {
                "Member size": 32.0,
                "Nonmember size": 2.0,
                "ROC AUC Individual": 0.61585,
                "MIA": {
                    "1": 0.875,
                    "3": 0.796875,
                    "5": 0.765625,
                    "8": 0.796875,
                    "10": 0.8125,
                    "30": 0.8125,
                    "50": 0.765625,
                    "best": {
                        "s": 1,
                        "ROC AUC": 0.875
                    }
                }
            },
            "80": {
                "Member size": 32.0,
                "Nonmember size": 2.0,
                "ROC AUC Individual": 0.61585,
                "MIA": {
                    "1": 0.75,
                    "3": 0.78125,
                    "5": 0.8125,
                    "8": 0.828125,
                    "10": 0.859375,
                    "30": 0.78125,
                    "50": 0.8125,
                    "80": 0.8125,
                    "best": {
                        "s": 10,
                        "ROC AUC": 0.859375
                    }
                }
            },
            "100": {
                "Member size": 16.0,
                "Nonmember size": 1.0,
                "ROC AUC Individual": 0.61585,
                "MIA": {
                    "1": 0.9375,
                    "3": 0.8125,
                    "5": 0.8125,
                    "8": 0.75,
                    "10": 0.75,
                    "30": 0.8125,
                    "50": 0.8125,
                    "80": 0.875,
                    "100": 0.8125,
                    "best": {
                        "s": 1,
                        "ROC AUC": 0.9375
                    }
                }
            }
        },
        "min": {
            "1": {
                "Member size": 1600.0,
                "Nonmember size": 100.0,
                "ROC AUC Individual": 0.61585,
                "MIA": {
                    "1": 0.61585,
                    "best": {
                        "s": 1,
                        "ROC AUC": 0.61585
                    }
                }
            },
            "3": {
                "Member size": 544.0,
                "Nonmember size": 34.0,
                "ROC AUC Individual": 0.61585,
                "MIA": {
                    "1": 0.5385488754325259,
                    "3": 0.6898248269896193,
                    "best": {
                        "s": 3,
                        "ROC AUC": 0.6898248269896193
                    }
                }
            },
            "5": {
                "Member size": 320.0,
                "Nonmember size": 20.0,
                "ROC AUC Individual": 0.61585,
                "MIA": {
                    "1": 0.46078125000000003,
                    "3": 0.629375,
                    "5": 0.7234375,
                    "best": {
                        "s": 5,
                        "ROC AUC": 0.7234375
                    }
                }
            },
            "8": {
                "Member size": 208.0,
                "Nonmember size": 13.0,
                "ROC AUC Individual": 0.61585,
                "MIA": {
                    "1": 0.46486686390532544,
                    "3": 0.5743343195266272,
                    "5": 0.6386834319526628,
                    "8": 0.7529585798816567,
                    "best": {
                        "s": 8,
                        "ROC AUC": 0.7529585798816567
                    }
                }
            },
            "10": {
                "Member size": 160.0,
                "Nonmember size": 10.0,
                "ROC AUC Individual": 0.61585,
                "MIA": {
                    "1": 0.4825,
                    "3": 0.548125,
                    "5": 0.59875,
                    "8": 0.715625,
                    "10": 0.758125,
                    "best": {
                        "s": 10,
                        "ROC AUC": 0.758125
                    }
                }
            },
            "30": {
                "Member size": 64.0,
                "Nonmember size": 4.0,
                "ROC AUC Individual": 0.61585,
                "MIA": {
                    "1": 0.515625,
                    "3": 0.5234375,
                    "5": 0.5234375,
                    "8": 0.52734375,
                    "10": 0.5546875,
                    "30": 0.796875,
                    "best": {
                        "s": 30,
                        "ROC AUC": 0.796875
                    }
                }
            },
            "50": {
                "Member size": 32.0,
                "Nonmember size": 2.0,
                "ROC AUC Individual": 0.61585,
                "MIA": {
                    "1": 0.515625,
                    "3": 0.40625,
                    "5": 0.390625,
                    "8": 0.4375,
                    "10": 0.46875,
                    "30": 0.671875,
                    "50": 0.765625,
                    "best": {
                        "s": 50,