{
    "average": {
        "max": {
            "1": {
                "Member size": 76700.0,
                "Nonmember size": 23000.0,
                "ROC AUC Individual": 0.6301621744443514,
                "MIA": {
                    "1": 0.6301621744443514,
                    "best": {
                        "s": 1,
                        "ROC AUC": 0.6301621744443514
                    }
                }
            },
            "3": {
                "Member size": 26078.0,
                "Nonmember size": 7820.0,
                "ROC AUC Individual": 0.6301621744443514,
                "MIA": {
                    "1": 0.6778109193345967,
                    "3": 0.6932658935851914,
                    "best": {
                        "s": 3,
                        "ROC AUC": 0.6932658935851914
                    }
                }
            },
            "5": {
                "Member size": 15340.0,
                "Nonmember size": 4600.0,
                "ROC AUC Individual": 0.6301621744443514,
                "MIA": {
                    "1": 0.6923123533960788,
                    "3": 0.7471936829662201,
                    "5": 0.732877974692306,
                    "best": {
                        "s": 3,
                        "ROC AUC": 0.7471936829662201
                    }
                }
            },
            "8": {
                "Member size": 9971.0,
                "Nonmember size": 2990.0,
                "ROC AUC Individual": 0.6301621744443514,
                "MIA": {
                    "1": 0.7017032901604012,
                    "3": 0.7579237333303978,
                    "5": 0.7817544019018963,
                    "8": 0.7701602492611784,
                    "best": {
                        "s": 5,
                        "ROC AUC": 0.7817544019018963
                    }
                }
            },
            "10": {
                "Member size": 7670.0,
                "Nonmember size": 2300.0,
                "ROC AUC Individual": 0.6301621744443514,
                "MIA": {
                    "1": 0.7034783897106156,
                    "3": 0.7708043085064346,
                    "5": 0.8085468483160647,
                    "8": 0.8263139451708633,
                    "10": 0.7993752534022626,
                    "best": {
                        "s": 8,
                        "ROC AUC": 0.8263139451708633
                    }
                }
            },
            "30": {
                "Member size": 3068.0,
                "Nonmember size": 920.0,
                "ROC AUC Individual": 0.6301621744443514,
                "MIA": {
                    "1": 0.6840461467558229,
                    "3": 0.7372825052330769,
                    "5": 0.7575344595184503,
                    "8": 0.7612636616508122,
                    "10": 0.7476145253280837,
                    "30": 0.8737345666052972,
                    "best": {
                        "s": 30,
                        "ROC AUC": 0.8737345666052972
                    }
                }
            },
            "50": {
                "Member size": 1534.0,
                "Nonmember size": 460.0,
                "ROC AUC Individual": 0.6301621744443514,
                "MIA": {
                    "1": 0.6864406779661018,
                    "3": 0.7696653628857018,
                    "5": 0.8130608175473579,
                    "8": 0.8541441203455161,
                    "10": 0.8736539770652046,
                    "30": 0.9505314281892451,
                    "50": 0.9337556253180772,
                    "best": {
                        "s": 30,
                        "ROC AUC": 0.9505314281892451
                    }
                }
            },
            "80": {
                "Member size": 1534.0,
                "Nonmember size": 460.0,
                "ROC AUC Individual": 0.6301621744443514,
                "MIA": {
                    "1": 0.6615097726762732,
                    "3": 0.710891541898521,
                    "5": 0.7278392742001913,
                    "8": 0.7341124773826668,
                    "10": 0.7340839938207652,
                    "30": 0.7159445533057551,
                    "50": 0.7766036724987212,
                    "80": 0.9087354685239507,
                    "best": {
                        "s": 80,
                        "ROC AUC": 0.9087354685239507
                    }
                }
            },
            "100": {
                "Member size": 767.0,
                "Nonmember size": 230.0,
                "ROC AUC Individual": 0.6301621744443514,
                "MIA": {
                    "1": 0.6522263910318088,
                    "3": 0.7470209458959367,
                    "5": 0.7977602295565438,
                    "8": 0.8390656046640059,
                    "10": 0.8600684342672353,
                    "30": 0.9433170648171934,
                    "50": 0.9644989040045328,
                    "80": 0.9729223257573151,
                    "100": 0.9631099548320479,
                    "best": {
                        "s": 80,
                        "ROC AUC": 0.9729223257573151
                    }
                }
            }
        },
        "min": {
            "1": {
                "Member size": 76700.0,
                "Nonmember size": 23000.0,
                "ROC AUC Individual": 0.6301621744443514,
                "MIA": {
                    "1": 0.6301621744443514,
                    "best": {
                        "s": 1,
                        "ROC AUC": 0.6301621744443514
                    }
                }
            },
            "3": {
                "Member size": 26078.0,
                "Nonmember size": 7820.0,
                "ROC AUC Individual": 0.6301621744443514,
                "MIA": {
                    "1": 0.6433143989928691,
                    "3": 0.6932658935851914,
                    "best": {
                        "s": 3,
                        "ROC AUC": 0.6932658935851914
                    }
                }
            },
            "5": {
                "Member size": 15340.0,
                "Nonmember size": 4600.0,
                "ROC AUC Individual": 0.6301621744443514,
                "MIA": {
                    "1": 0.6449238443905492,
                    "3": 0.6992616095248592,
                    "5": 0.732877974692306,
                    "best": {
                        "s": 5,
                        "ROC AUC": 0.732877974692306
                    }
                }
            },
            "8": {
                "Member size": 9971.0,
                "Nonmember size": 2990.0,
                "ROC AUC Individual": 0.6301621744443514,
                "MIA": {
                    "1": 0.6398103837423285,
                    "3": 0.6916571072083469,
                    "5": 0.728044857511068,
                    "8": 0.7701602492611784,
                    "best": {
                        "s": 8,
                        "ROC AUC": 0.7701602492611784
                    }
                }
            },
            "10": {
                "Member size": 7670.0,
                "Nonmember size": 2300.0,
                "ROC AUC Individual": 0.6301621744443514,
                "MIA": {
                    "1": 0.6434822763917606,
                    "3": 0.6984072111774111,
                    "5": 0.7375778510852953,
                    "8": 0.7816156587550269,
                    "10": 0.7993752534022626,
                    "best": {
                        "s": 10,
                        "ROC AUC": 0.7993752534022626
                    }
                }
            },
            "30": {
                "Member size": 3068.0,
                "Nonmember size": 920.0,
                "ROC AUC Individual": 0.6301621744443514,
                "MIA": {
                    "1": 0.6302100929447862,