{
    "average": {
        "max": {
            "1": {
                "Member size": 92200.0,
                "Nonmember size": 7400.0,
                "ROC AUC Individual": 0.427301680845945,
                "MIA": {
                    "1": 0.427301680845945,
                    "best": {
                        "s": 1,
                        "ROC AUC": 0.427301680845945
                    }
                }
            },
            "3": {
                "Member size": 31348.0,
                "Nonmember size": 2516.0,
                "ROC AUC Individual": 0.427301680845945,
                "MIA": {
                    "1": 0.4495902703381522,
                    "3": 0.3951681062668683,
                    "best": {
                        "s": 1,
                        "ROC AUC": 0.4495902703381522
                    }
                }
            },
            "5": {
                "Member size": 18440.0,
                "Nonmember size": 1480.0,
                "ROC AUC Individual": 0.427301680845945,
                "MIA": {
                    "1": 0.46428723396359006,
                    "3": 0.4036407185116923,
                    "5": 0.36646991200817813,
                    "best": {
                        "s": 1,
                        "ROC AUC": 0.46428723396359006
                    }
                }
            },
            "8": {
                "Member size": 11986.0,
                "Nonmember size": 962.0,
                "ROC AUC Individual": 0.427301680845945,
                "MIA": {
                    "1": 0.4736743531901858,
                    "3": 0.4233675412168382,
                    "5": 0.38361890168278445,
                    "8": 0.34023316450121116,
                    "best": {
                        "s": 1,
                        "ROC AUC": 0.4736743531901858
                    }
                }
            },
            "10": {
                "Member size": 9220.0,
                "Nonmember size": 740.0,
                "ROC AUC Individual": 0.427301680845945,
                "MIA": {
                    "1": 0.4866198687637452,
                    "3": 0.43155525543813067,
                    "5": 0.38653984527802365,
                    "8": 0.33893899051091814,
                    "10": 0.318202143346384,
                    "best": {
                        "s": 1,
                        "ROC AUC": 0.4866198687637452
                    }
                }
            },
            "30": {
                "Member size": 3688.0,
                "Nonmember size": 296.0,
                "ROC AUC Individual": 0.427301680845945,
                "MIA": {
                    "1": 0.5072441022930021,
                    "3": 0.4817714653428939,
                    "5": 0.46044861187718333,
                    "8": 0.43371255346875065,
                    "10": 0.4179819647845282,
                    "30": 0.24873807162322217,
                    "best": {
                        "s": 1,
                        "ROC AUC": 0.5072441022930021
                    }
                }
            },
            "50": {
                "Member size": 1844.0,
                "Nonmember size": 148.0,
                "ROC AUC Individual": 0.427301680845945,
                "MIA": {
                    "1": 0.5074067273795535,
                    "3": 0.5025195309626448,
                    "5": 0.49007831360772536,
                    "8": 0.4520951469180352,
                    "10": 0.42682881900439157,
                    "30": 0.24544380446019792,
                    "50": 0.1596567913226485,
                    "best": {
                        "s": 1,
                        "ROC AUC": 0.5074067273795535
                    }
                }
            },
            "80": {
                "Member size": 1844.0,
                "Nonmember size": 148.0,
                "ROC AUC Individual": 0.427301680845945,
                "MIA": {
                    "1": 0.5059893522626442,
                    "3": 0.4967762948487338,
                    "5": 0.48708667362483626,
                    "8": 0.47105047789393384,
                    "10": 0.45901517928891755,
                    "30": 0.3924209991519947,
                    "50": 0.3415542359641739,
                    "80": 0.20615721821232727,
                    "best": {
                        "s": 1,
                        "ROC AUC": 0.5059893522626442
                    }
                }
            },
            "100": {
                "Member size": 922.0,
                "Nonmember size": 74.0,
                "ROC AUC Individual": 0.427301680845945,
                "MIA": {
                    "1": 0.5134547591069331,
                    "3": 0.5127341705143663,
                    "5": 0.5158074287562862,
                    "8": 0.5197629620915801,
                    "10": 0.5141311060788754,
                    "30": 0.3524701171759995,
                    "50": 0.21776522284996863,
                    "80": 0.11396542926393673,
                    "100": 0.08614549173102014,
                    "best": {
                        "s": 8,
                        "ROC AUC": 0.5197629620915801
                    }
                }
            }
        },
        "min": {
            "1": {
                "Member size": 92200.0,
                "Nonmember size": 7400.0,
                "ROC AUC Individual": 0.427301680845945,
                "MIA": {
                    "1": 0.427301680845945,
                    "best": {
                        "s": 1,
                        "ROC AUC": 0.427301680845945
                    }
                }
            },
            "3": {
                "Member size": 31348.0,
                "Nonmember size": 2516.0,
                "ROC AUC Individual": 0.427301680845945,
                "MIA": {
                    "1": 0.37925202156008886,
                    "3": 0.3951681062668683,
                    "best": {
                        "s": 3,
                        "ROC AUC": 0.3951681062668683
                    }
                }
            },
            "5": {
                "Member size": 18440.0,
                "Nonmember size": 1480.0,
                "ROC AUC Individual": 0.427301680845945,
                "MIA": {
                    "1": 0.3533005900221656,
                    "3": 0.32891812082595145,
                    "5": 0.36646991200817813,
                    "best": {
                        "s": 5,
                        "ROC AUC": 0.36646991200817813
                    }
                }
            },
            "8": {
                "Member size": 11986.0,
                "Nonmember size": 962.0,
                "ROC AUC Individual": 0.427301680845945,
                "MIA": {
                    "1": 0.3417200764441105,
                    "3": 0.3090587283676953,
                    "5": 0.3061626233480393,
                    "8": 0.34023316450121116,
                    "best": {
                        "s": 1,
                        "ROC AUC": 0.3417200764441105
                    }
                }
            },
            "10": {
                "Member size": 9220.0,
                "Nonmember size": 740.0,
                "ROC AUC Individual": 0.427301680845945,
                "MIA": {
                    "1": 0.3306884257023078,
                    "3": 0.2842798631002427,
                    "5": 0.26539045923387394,
                    "8": 0.27982226829860474,
                    "10": 0.318202143346384,
                    "best": {
                        "s": 1,
                        "ROC AUC": 0.3306884257023078
                    }
                }
            },
            "30": {
                "Member size": 3688.0,
                "Nonmember size": 296.0,
                "ROC AUC Individual": 0.427301680845945,
                "MIA": {
                    "1": 0.336990976670251,