{
    "average": {
        "max": {
            "1": {
                "Member size": 76700.0,
                "Nonmember size": 23000.0,
                "ROC AUC Individual": 0.49664314507899493,
                "MIA": {
                    "1": 0.49664314507899493,
                    "best": {
                        "s": 1,
                        "ROC AUC": 0.49664314507899493
                    }
                }
            },
            "3": {
                "Member size": 26078.0,
                "Nonmember size": 7820.0,
                "ROC AUC Individual": 0.49664314507899493,
                "MIA": {
                    "1": 0.49259958757820194,
                    "3": 0.49205469925002643,
                    "best": {
                        "s": 1,
                        "ROC AUC": 0.49259958757820194
                    }
                }
            },
            "5": {
                "Member size": 15340.0,
                "Nonmember size": 4600.0,
                "ROC AUC Individual": 0.49664314507899493,
                "MIA": {
                    "1": 0.4853672224966651,
                    "3": 0.4949923792811963,
                    "5": 0.49199819122745314,
                    "best": {
                        "s": 3,
                        "ROC AUC": 0.4949923792811963
                    }
                }
            },
            "8": {
                "Member size": 9971.0,
                "Nonmember size": 2990.0,
                "ROC AUC Individual": 0.49664314507899493,
                "MIA": {
                    "1": 0.47427843829273797,
                    "3": 0.48809427305526587,
                    "5": 0.49541129432758435,
                    "8": 0.49148171152785225,
                    "best": {
                        "s": 5,
                        "ROC AUC": 0.49541129432758435
                    }
                }
            },
            "10": {
                "Member size": 7670.0,
                "Nonmember size": 2300.0,
                "ROC AUC Individual": 0.49664314507899493,
                "MIA": {
                    "1": 0.4696351731800041,
                    "3": 0.48699495328753106,
                    "5": 0.4948460712396516,
                    "8": 0.49795234053067616,
                    "10": 0.49297857326976047,
                    "best": {
                        "s": 8,
                        "ROC AUC": 0.49795234053067616
                    }
                }
            },
            "30": {
                "Member size": 3068.0,
                "Nonmember size": 920.0,
                "ROC AUC Individual": 0.49664314507899493,
                "MIA": {
                    "1": 0.44120890251911166,
                    "3": 0.46177299228901847,
                    "5": 0.4736836858540621,
                    "8": 0.4858276134881433,
                    "10": 0.4923724432758266,
                    "30": 0.493266735991296,
                    "best": {
                        "s": 30,
                        "ROC AUC": 0.493266735991296
                    }
                }
            },
            "50": {
                "Member size": 1534.0,
                "Nonmember size": 460.0,
                "ROC AUC Individual": 0.49664314507899493,
                "MIA": {
                    "1": 0.4220110324297762,
                    "3": 0.432197364005074,
                    "5": 0.4450317695978885,
                    "8": 0.4634407868166123,
                    "10": 0.47345233422640887,
                    "30": 0.5166890898103914,
                    "50": 0.5022607797851921,
                    "best": {
                        "s": 30,
                        "ROC AUC": 0.5166890898103914
                    }
                }
            },
            "80": {
                "Member size": 1534.0,
                "Nonmember size": 460.0,
                "ROC AUC Individual": 0.49664314507899493,
                "MIA": {
                    "1": 0.4348031708216342,
                    "3": 0.4431616164484708,
                    "5": 0.45617385624627266,
                    "8": 0.4689418680600914,
                    "10": 0.47526001705029836,
                    "30": 0.49241212330840073,
                    "50": 0.49323672130574736,
                    "80": 0.48638804975666416,
                    "best": {
                        "s": 50,
                        "ROC AUC": 0.49323672130574736
                    }
                }
            },
            "100": {
                "Member size": 767.0,
                "Nonmember size": 230.0,
                "ROC AUC Individual": 0.49664314507899493,
                "MIA": {
                    "1": 0.40411257865200384,
                    "3": 0.40926892950391647,
                    "5": 0.42445794074242255,
                    "8": 0.4434725848563969,
                    "10": 0.45298558292655244,
                    "30": 0.5050866723500995,
                    "50": 0.5147584242112884,
                    "80": 0.5236747282817025,
                    "100": 0.5104729192507076,
                    "best": {
                        "s": 80,
                        "ROC AUC": 0.5236747282817025
                    }
                }
            }
        },
        "min": {
            "1": {
                "Member size": 76700.0,
                "Nonmember size": 23000.0,
                "ROC AUC Individual": 0.49664314507899493,
                "MIA": {
                    "1": 0.49664314507899493,
                    "best": {
                        "s": 1,
                        "ROC AUC": 0.49664314507899493
                    }
                }
            },
            "3": {
                "Member size": 26078.0,
                "Nonmember size": 7820.0,
                "ROC AUC Individual": 0.49664314507899493,
                "MIA": {
                    "1": 0.4924897670407081,
                    "3": 0.49205469925002643,
                    "best": {
                        "s": 1,
                        "ROC AUC": 0.4924897670407081
                    }
                }
            },
            "5": {
                "Member size": 15340.0,
                "Nonmember size": 4600.0,
                "ROC AUC Individual": 0.49664314507899493,
                "MIA": {
                    "1": 0.4893235916871369,
                    "3": 0.49157167371688354,
                    "5": 0.49199819122745314,
                    "best": {
                        "s": 5,
                        "ROC AUC": 0.49199819122745314
                    }
                }
            },
            "8": {
                "Member size": 9971.0,
                "Nonmember size": 2990.0,
                "ROC AUC Individual": 0.49664314507899493,
                "MIA": {
                    "1": 0.4811657049469057,
                    "3": 0.48827373168616967,
                    "5": 0.49323035954455163,
                    "8": 0.49148171152785225,
                    "best": {
                        "s": 5,
                        "ROC AUC": 0.49323035954455163
                    }
                }
            },
            "10": {
                "Member size": 7670.0,
                "Nonmember size": 2300.0,
                "ROC AUC Individual": 0.49664314507899493,
                "MIA": {
                    "1": 0.47947423457021854,
                    "3": 0.48517578114305426,
                    "5": 0.48963307304833065,
                    "8": 0.49565985634834797,
                    "10": 0.49297857326976047,
                    "best": {
                        "s": 8,
                        "ROC AUC": 0.49565985634834797
                    }
                }
            },
            "30": {
                "Member size": 3068.0,
                "Nonmember size": 920.0,
                "ROC AUC Individual": 0.49664314507899493,