{"1": {"ROC AUC": 0.7142000000000002, "Group size": 100, "ROC AUC Individual": 0.2858}, "3": {"ROC AUC": 0.7789, "Group size": 100, "ROC AUC Individual": 0.2211}, "5": {"ROC AUC": 0.8078999999999998, "Group size": 100, "ROC AUC Individual": 0.1921}, "10": {"ROC AUC": 0.8364999999999999, "Group size": 100, "ROC AUC Individual": 0.16349999999999998}, "30": {"ROC AUC": 0.8795999999999999, "Group size": 100, "ROC AUC Individual": 0.12040000000000002}, "50": {"ROC AUC": 0.8887, "Group size": 100, "ROC AUC Individual": 0.11130000000000002}, "100": {"ROC AUC": 0.9159, "Group size": 100, "ROC AUC Individual": 0.08410000000000001}, "best": {"top k": 100, "ROC AUC": 0.9159}, "Individual ROC AUC": 0.414197375, "Total individual ROC AUC": 0.5809091144248708}