{
    "final average": 0.9301216600126178,
    "member": {
        "Books3-Babylonia_ A Very Short Introdu - Trevor Bryce": 0.8129645543747426,
        "Gutenberg-Text Books of Art Education Book IV (of 7)": 0.9402075199888822,
        "Books3-Berlin Ghetto - Eric Brothers": 0.9196841485678902,
        "Books3-Gimme Indie Rock": 0.923866711379575,
        "Books3-Ultimate Book of Card Games - Scott McNeely": 0.945411314137267,
        "Books3-2012 Robert Bellah[ED]-The Axial Age and Its Consequences": 0.8586553045531402,
        "Books3-The First Week - Margaret Merrilees": 0.9626928818579006,
        "Books3-The Politically Incorrect Guide_sup_TM__su - Robert J": 0.941770215826188,
        "Books3-Escape from Alcatraz - J": 0.9646843864535187,
        "Books3-John Saul - The Right Hand of Evil [retail]": 0.9399188583007728,
        "Books3-Kate Wilhelm - Constance and Charlie 00": 0.9727947842461843,
        "Books3-The Journey - Pitol, Sergio; Henson, George; ": 0.9477138347853251,
        "Books3-This Sweet Sickness - Patricia Highsmith": 0.9664714067019381,
        "Books3-Never Fear - Scott Frost": 0.9711649557486126,
        "Books3-2016 Todd Zenger - Beyond Competitive Advantage": 0.9362342706000483,
        "Books3-Sea Monster's First Day - Kate Messner": 0.7806399464607239,
        "Books3-Hot Springs, Arkansas 2011 - Ray Hanley": 0.9589416817347568,
        "Books3-Charles Cumming - A Colder War": 0.9647801539764697,
        "Books3-Bullet Chess - Hikaru Nakamura, Bruce Harper": 0.9506099225224559,
        "Books3-Anne Boleyn (NHB) - Howard Brenton (retail)": 0.9469011630928307,
        "Books3-Algis Budrys - Who_ [retail]": 0.9646062607142328,
        "Books3-Martyr's Fire - Sigmund Brouwer": 0.9675906276650937,
        "Books3-Metropolitan, Metropolitan 1 - Walter Jon Williams": 0.9657276381240107,
        "Gutenberg-A Review of the Systems of Ethics Founded on the Theory": 0.9667829385908562,
        "Gutenberg-Riding and Driving by Edward L. Anderson and Price Collier": 0.8895401674378747,
        "Books3-The Analytics Revolution - Bill Franks": 0.9122155549072196,
        "Books3-Joshua Becker - The Minimalist Home - A Room-by-Room Guide to a Decluttered, Refocused Life": 0.9231179170997724,
        "Books3-Jade War - Fonda Lee (retail)": 0.9632017028787518,
        "Books3-Journal of Prosthodontics on Dental Implants 2015 - Wiley; Bidra, Avinash S": 0.7641911166802031,
        "Books3-Jam Session - Joyce Goldstein": 0.9093214394521266,
        "Books3-Three for Me_ - R": 0.9623391891492185,
        "Books3-It Started at Sunset Cottage - Bella Osborne": 0.9716161666498564,
        "Books3-SAT For Dummies, with Online Practice - Geraldine Woods": 0.9237528825771822,
        "Gutenberg-Progress of Western Education in China and Siam by Various": 0.9513346820193178,
        "Books3-Greg Keyes - Planet of the Apes_ Caesar's Story, by Maurice [retail]": 0.9605903367933731,
        "Books3-Dead Seed-William Campbell Gault": 0.9742632036459493,
        "Books3-Some Like It Witchy": 0.9718172673209796,
        "Books3-Daggerspell - Katharine Kerr": 0.9696774037910723,
        "Gutenberg-Drum Taps in Dixie by Delavan S. Miller": 0.9708409449486128,
        "Books3-Love Goes to Buildings on Fire - Will Hermes": 0.9032930851996173,
        "Books3-Last Call - Daniel Okrent": 0.879613499460749,
        "Books3-The Nine of Diamonds - MacGillivray;": 0.9512570748279044,
        "Books3-100 Places in France Every Woman Should Go - Marcia DeSanctis": 0.9569485605914181,
        "Books3-Lonely Planet Pocket Porto (2nd Edition)": 0.9340648161478279,
        "Books3-The Editors of Whole Living Magazine - Power Foods": 0.8145368094143433,
        "Books3-The Highwayman - R": 0.9684876352945834,
        "Books3-The World According to Star War - Cass R": 0.8537573768272776,
        "Gutenberg-Scriptural and Hieroglyphic Observations which were foretold": 0.940300628874037,
        "Gutenberg-Pioneer Colored Christians by Harriet Parks Miller": 0.9516268098302434,
        "Books3-Peace Work - Spike Milligan": 0.9226263749267261,
        "Books3-De l'un a l'autre - Aurelie Nevot": 0.9604261872238655,
        "Books3-David Moody - Autumn 07 - Disintegration [retail]": 0.9662699117342826,
        "Gutenberg-African Nature Notes and Reminiscences by Frederick Courteney Selous": 0.9486416914475518,
        "Books3-This Is My Country, What's Yours_ - Noah Richler": 0.951716246349808,
        "Books3-The Chechens - Jaimoukha, Amjad;": NaN,
        "Books3-bok:978-3-319-44588-5": 0.8366866557670362,
        "Books3-Boko Haram_nodrm": 0.9204735976990985,
        "Books3-Beweis der Begierde (Zimmerservice inklusive 2) - Rachel Kramer Bussel": 0.9708380384577645,
        "Books3-Mayday - Michael Beschloss": 0.8924633161451384,
        "Books3-Zeldin, Theodore - An Intimate History of Humanity (1994; Vintage, 1998)": 0.8971890281068324,
        "Books3-Akubra is Australian for Hat - Grenville Turner": 0.9669193943341573,
        "Books3-The Christmas Cafe\u0301_nodrm": 0.9652198671358908,
        "Books3-2010 Susie Orbach - Fat Is a Feminist Issue_Rssl": 0.9462991275736911,
        "Books3-2018 Patrick Leigh Fermor-More Dashing": 0.9332391835848982,
        "Books3-2011 John McPhee - The Control of Nature_Rmyl": 0.9702897022341515,
        "Books3-2008 Susan Blumberg-Kason-All the Tea in Chicago2E": 0.8943895404739797,
        "Books3-Ramillies 1706 - Michael McNally": 0.8736582941142789,
        "Books3-A Brilliant Darkness - Joao Magueijo": 0.9510172788287741,
        "Books3-Annie, Between the States": 0.9536867728315479,
        "Books3-Mark Cheverton - GameKnight999 11": 0.9617065560479878,
        "Books3-Extreme Sleeps - Phoebe Smith": NaN
    },
    "nonmember": {
        "Books3-Look Cook Eat - (None)": 0.6759924375632357,
        "Books3-Poems (Everyman's Library) - Charles Baudelaire": 0.9619982765816354,
        "Gutenberg-Rhymes of a Roughneck by Pat O'Cotter": 0.961767008036246,
        "Books3-Pressed for Time - Elizabeth Craig": 0.9728449414995816
    }
}