{"1": {"ROC AUC": 0.5992, "Group size": 100, "ROC AUC Individual": 0.5992}, "3": {"ROC AUC": 0.8437000000000001, "Group size": 100, "ROC AUC Individual": 0.8437000000000001}, "5": {"ROC AUC": 0.9328000000000001, "Group size": 100, "ROC AUC Individual": 0.9328000000000001}, "10": {"ROC AUC": 0.9818, "Group size": 100, "ROC AUC Individual": 0.9818}, "30": {"ROC AUC": 0.9896999999999999, "Group size": 100, "ROC AUC Individual": 0.9896999999999999}, "50": {"ROC AUC": 0.9962, "Group size": 100, "ROC AUC Individual": 0.9962}, "100": {"ROC AUC": 1.0, "Group size": 100, "ROC AUC Individual": 1.0}, "best": {"top k": 100, "ROC AUC": 1.0}, "Individual ROC AUC": 0.572075215, "Total individual ROC AUC": 0.5672202866471691}