{
    "average": {
        "max": {
            "1": {
                "Member size": 769.0,
                "Nonmember size": 229.0,
                "ROC AUC Individual": 0.5492756997404898,
                "MIA": {
                    "1": 0.5492756997404898,
                    "best": {
                        "s": 1,
                        "ROC AUC": 0.5492756997404898
                    }
                }
            },
            "3": {
                "Member size": 769.0,
                "Nonmember size": 229.0,
                "ROC AUC Individual": 0.531905617294116,
                "MIA": {
                    "1": 0.5072373240356386,
                    "3": 0.5310702381019983,
                    "best": {
                        "s": 3,
                        "ROC AUC": 0.5310702381019983
                    }
                }
            },
            "5": {
                "Member size": 769.0,
                "Nonmember size": 229.0,
                "ROC AUC Individual": 0.5460171582549109,
                "MIA": {
                    "1": 0.5119789211872732,
                    "3": 0.5381911516686447,
                    "5": 0.5665995724163028,
                    "best": {
                        "s": 5,
                        "ROC AUC": 0.5665995724163028
                    }
                }
            },
            "8": {
                "Member size": 769.0,
                "Nonmember size": 229.0,
                "ROC AUC Individual": 0.5417445968596721,
                "MIA": {
                    "1": 0.507700126631876,
                    "3": 0.5346704448015628,
                    "5": 0.5534324052674318,
                    "8": 0.5652861171761281,
                    "best": {
                        "s": 8,
                        "ROC AUC": 0.5652861171761281
                    }
                }
            },
            "10": {
                "Member size": 769.0,
                "Nonmember size": 229.0,
                "ROC AUC Individual": 0.5447943031503756,
                "MIA": {
                    "1": 0.5161498231128727,
                    "3": 0.5331485908654693,
                    "5": 0.5544659030897041,
                    "8": 0.5763595114628821,
                    "10": 0.5714773717142159,
                    "best": {
                        "s": 8,
                        "ROC AUC": 0.5763595114628821
                    }
                }
            },
            "30": {
                "Member size": 769.0,
                "Nonmember size": 229.0,
                "ROC AUC Individual": 0.5451409440848503,
                "MIA": {
                    "1": 0.5255109283876866,
                    "3": 0.5310702381019983,
                    "5": 0.5420355364251197,
                    "8": 0.5561808280475409,
                    "10": 0.5668508412785844,
                    "30": 0.6249216140102842,
                    "best": {
                        "s": 30,
                        "ROC AUC": 0.6249216140102842
                    }
                }
            }
        },
        "min": {
            "1": {
                "Member size": 769.0,
                "Nonmember size": 229.0,
                "ROC AUC Individual": 0.5492756997404898,
                "MIA": {
                    "1": 0.5492756997404898,
                    "best": {
                        "s": 1,
                        "ROC AUC": 0.5492756997404898
                    }
                }
            },
            "3": {
                "Member size": 769.0,
                "Nonmember size": 229.0,
                "ROC AUC Individual": 0.531905617294116,
                "MIA": {
                    "1": 0.5500053946314898,
                    "3": 0.5310702381019983,
                    "best": {
                        "s": 1,
                        "ROC AUC": 0.5500053946314898
                    }
                }
            },
            "5": {
                "Member size": 769.0,
                "Nonmember size": 229.0,
                "ROC AUC Individual": 0.5460171582549109,
                "MIA": {
                    "1": 0.5671660013287829,
                    "3": 0.5952833885100027,
                    "5": 0.5665995724163028,
                    "best": {
                        "s": 3,
                        "ROC AUC": 0.5952833885100027
                    }
                }
            },
            "8": {
                "Member size": 769.0,
                "Nonmember size": 229.0,
                "ROC AUC Individual": 0.5417445968596721,
                "MIA": {
                    "1": 0.5526974163027656,
                    "3": 0.5748783205967977,
                    "5": 0.5899802128820961,
                    "8": 0.5652861171761281,
                    "best": {
                        "s": 5,
                        "ROC AUC": 0.5899802128820961
                    }
                }
            },
            "10": {
                "Member size": 769.0,
                "Nonmember size": 229.0,
                "ROC AUC Individual": 0.5447943031503756,
                "MIA": {
                    "1": 0.5311249090247453,
                    "3": 0.5668554403202329,
                    "5": 0.591424445050946,
                    "8": 0.6041268649927221,
                    "10": 0.5714773717142159,
                    "best": {
                        "s": 8,
                        "ROC AUC": 0.6041268649927221
                    }
                }
            },
            "30": {
                "Member size": 769.0,
                "Nonmember size": 229.0,
                "ROC AUC Individual": 0.5451409440848503,
                "MIA": {
                    "1": 0.5495977636455766,
                    "3": 0.5725704981126489,
                    "5": 0.5879653615572495,
                    "8": 0.6058524405121599,
                    "10": 0.6172255350200099,
                    "30": 0.6249216140102842,
                    "best": {
                        "s": 30,
                        "ROC AUC": 0.6249216140102842
                    }
                }
            }
        },
        "Total individual ROC AUC": 0.5428851901977405
    },
    "std": {
        "max": {
            "1": {
                "Member size": 0.0,
                "Nonmember size": 0.0,
                "ROC AUC Individual": 0.0,
                "MIA": {
                    "1": 0.0
                }
            },
            "3": {
                "Member size": 0.0,
                "Nonmember size": 0.0,
                "ROC AUC Individual": 0.0,
                "MIA": {
                    "1": 0.0,
                    "3": 0.0
                }
            },
            "5": {
                "Member size": 0.0,
                "Nonmember size": 0.0,
                "ROC AUC Individual": 0.0,
                "MIA": {
                    "1": 0.0,
                    "3": 0.0,
                    "5": 0.0
                }
            },
            "8": {
                "Member size": 0.0,
                "Nonmember size": 0.0,
                "ROC AUC Individual": 0.0,
                "MIA": {
                    "1": 0.0,
                    "3": 0.0,
                    "5": 0.0,
                    "8": 0.0
                }
            },
            "10": {
                "Member size": 0.0,
                "Nonmember size": 0.0,
                "ROC AUC Individual": 0.0,
                "MIA": {
                    "1": 0.0,
                    "3": 0.0,
                    "5": 0.0,
                    "8": 0.0,
                    "10": 0.0
                }
            },
            "30": {
                "Member size": 0.0,
                "Nonmember size": 0.0,
                "ROC AUC Individual": 0.0,
                "MIA": {
                    "1": 0.0,
                    "3": 0.0,
                    "5": 0.0,
                    "8": 0.0,