{
    "1": {
        "1": {
            "ROC AUC": 0.6067257785467128,
            "Member size": 289,
            "Nonmember size": 32,
            "ROC AUC Individual": 0.6067257785467128,
            "ROC AUC Individual with set label": 0.6067257785467128
        },
        "best": {
            "s": 1,
            "ROC AUC": 0.6067257785467128
        }
    },
    "3": {
        "1": {
            "ROC AUC": 0.6122404844290656,
            "Member size": 289,
            "Nonmember size": 32,
            "ROC AUC Individual": 0.5779507881584006,
            "ROC AUC Individual with set label": 0.6122404844290656
        },
        "3": {
            "ROC AUC": 0.6213235294117647,
            "Member size": 289,
            "Nonmember size": 32,
            "ROC AUC Individual": 0.5779507881584006,
            "ROC AUC Individual with set label": 0.6213235294117647
        },
        "best": {
            "s": 3,
            "ROC AUC": 0.6213235294117647
        }
    },
    "5": {
        "1": {
            "ROC AUC": 0.6278114186851211,
            "Member size": 289,
            "Nonmember size": 32,
            "ROC AUC Individual": 0.5962500000000001,
            "ROC AUC Individual with set label": 0.6278114186851211
        },
        "3": {
            "ROC AUC": 0.6976643598615917,
            "Member size": 289,
            "Nonmember size": 32,
            "ROC AUC Individual": 0.5962500000000001,
            "ROC AUC Individual with set label": 0.6976643598615917
        },
        "5": {
            "ROC AUC": 0.723075259515571,
            "Member size": 289,
            "Nonmember size": 32,
            "ROC AUC Individual": 0.5962500000000001,
            "ROC AUC Individual with set label": 0.723075259515571
        },
        "best": {
            "s": 5,
            "ROC AUC": 0.723075259515571
        }
    },
    "8": {
        "1": {
            "ROC AUC": 0.7040441176470588,
            "Member size": 289,
            "Nonmember size": 32,
            "ROC AUC Individual": 0.6225467668685121,
            "ROC AUC Individual with set label": 0.7040441176470588
        },
        "3": {
            "ROC AUC": 0.7761678200692042,
            "Member size": 289,
            "Nonmember size": 32,
            "ROC AUC Individual": 0.6225467668685121,
            "ROC AUC Individual with set label": 0.7761678200692042
        },
        "5": {
            "ROC AUC": 0.8007136678200693,
            "Member size": 289,
            "Nonmember size": 32,
            "ROC AUC Individual": 0.6225467668685121,
            "ROC AUC Individual with set label": 0.8007136678200693
        },
        "8": {
            "ROC AUC": 0.8015787197231834,
            "Member size": 289,
            "Nonmember size": 32,
            "ROC AUC Individual": 0.6225467668685121,
            "ROC AUC Individual with set label": 0.8015787197231834
        },
        "best": {
            "s": 8,
            "ROC AUC": 0.8015787197231834
        }
    },
    "10": {
        "1": {
            "ROC AUC": 0.6913927335640139,
            "Member size": 289,
            "Nonmember size": 32,
            "ROC AUC Individual": 0.6060077854671281,
            "ROC AUC Individual with set label": 0.6913927335640139
        },
        "3": {
            "ROC AUC": 0.7383217993079584,
            "Member size": 289,
            "Nonmember size": 32,
            "ROC AUC Individual": 0.6060077854671281,
            "ROC AUC Individual with set label": 0.7383217993079584
        },
        "5": {
            "ROC AUC": 0.759515570934256,
            "Member size": 289,
            "Nonmember size": 32,
            "ROC AUC Individual": 0.6060077854671281,
            "ROC AUC Individual with set label": 0.759515570934256
        },
        "8": {
            "ROC AUC": 0.7762759515570935,
            "Member size": 289,
            "Nonmember size": 32,
            "ROC AUC Individual": 0.6060077854671281,
            "ROC AUC Individual with set label": 0.7762759515570935
        },
        "10": {
            "ROC AUC": 0.7873053633217992,
            "Member size": 289,
            "Nonmember size": 32,
            "ROC AUC Individual": 0.6060077854671281,
            "ROC AUC Individual with set label": 0.7873053633217992
        },
        "best": {
            "s": 10,
            "ROC AUC": 0.7873053633217992
        }
    },
    "30": {
        "1": {
            "ROC AUC": 0.742430795847751,
            "Member size": 289,
            "Nonmember size": 32,
            "ROC AUC Individual": 0.5989210880430603,
            "ROC AUC Individual with set label": 0.742430795847751
        },
        "3": {
            "ROC AUC": 0.8094723183391004,
            "Member size": 289,
            "Nonmember size": 32,
            "ROC AUC Individual": 0.5989210880430603,
            "ROC AUC Individual with set label": 0.8094723183391004
        },
        "5": {
            "ROC AUC": 0.840938581314879,
            "Member size": 289,
            "Nonmember size": 32,
            "ROC AUC Individual": 0.5989210880430603,
            "ROC AUC Individual with set label": 0.840938581314879
        },
        "8": {
            "ROC AUC": 0.8695934256055364,
            "Member size": 289,
            "Nonmember size": 32,
            "ROC AUC Individual": 0.5989210880430603,
            "ROC AUC Individual with set label": 0.8695934256055364
        },
        "10": {
            "ROC AUC": 0.8813797577854671,
            "Member size": 289,
            "Nonmember size": 32,
            "ROC AUC Individual": 0.5989210880430603,
            "ROC AUC Individual with set label": 0.8813797577854671
        },
        "30": {
            "ROC AUC": 0.8903546712802768,
            "Member size": 289,
            "Nonmember size": 32,
            "ROC AUC Individual": 0.5989210880430603,
            "ROC AUC Individual with set label": 0.8903546712802768
        },
        "best": {
            "s": 30,
            "ROC AUC": 0.8903546712802768
        }
    },
    "50": {
        "1": {
            "ROC AUC": 0.7123702422145329,
            "Member size": 289,
            "Nonmember size": 32,
            "ROC AUC Individual": 0.6085358996539791,
            "ROC AUC Individual with set label": 0.7123702422145329
        },
        "3": {
            "ROC AUC": 0.7815743944636677,
            "Member size": 289,
            "Nonmember size": 32,
            "ROC AUC Individual": 0.6085358996539791,
            "ROC AUC Individual with set label": 0.7815743944636677
        },
        "5": {
            "ROC AUC": 0.8187716262975778,
            "Member size": 289,
            "Nonmember size": 32,
            "ROC AUC Individual": 0.6085358996539791,
            "ROC AUC Individual with set label": 0.8187716262975778
        },
        "8": {
            "ROC AUC": 0.8548875432525952,
            "Member size": 289,
            "Nonmember size": 32,
            "ROC AUC Individual": 0.6085358996539791,
            "ROC AUC Individual with set label": 0.8548875432525952
        },
        "10": {
            "ROC AUC": 0.8673226643598616,
            "Member size": 289,
            "Nonmember size": 32,
            "ROC AUC Individual": 0.6085358996539791,
            "ROC AUC Individual with set label": 0.8673226643598616
        },
        "30": {
            "ROC AUC": 0.9224697231833909,
            "Member size": 289,
            "Nonmember size": 32,
            "ROC AUC Individual": 0.6085358996539791,
            "ROC AUC Individual with set label": 0.9224697231833909
        },
        "50": {
            "ROC AUC": 0.938689446366782,
            "Member size": 289,
            "Nonmember size": 32,
            "ROC AUC Individual": 0.6085358996539791,
            "ROC AUC Individual with set label": 0.938689446366782
        },
        "best": {
            "s": 50,
            "ROC AUC": 0.938689446366782
        }
    },