{
    "average": {
        "max": {
            "1": {
                "Member size": 400.0,
                "Nonmember size": 900.0,
                "ROC AUC Individual": 0.387975,
                "MIA": {
                    "1": 0.387975,
                    "best": {
                        "s": 1,
                        "ROC AUC": 0.387975
                    }
                }
            },
            "3": {
                "Member size": 136.0,
                "Nonmember size": 306.0,
                "ROC AUC Individual": 0.387975,
                "MIA": {
                    "1": 0.31427816224529026,
                    "3": 0.3506103421760861,
                    "best": {
                        "s": 3,
                        "ROC AUC": 0.3506103421760861
                    }
                }
            },
            "5": {
                "Member size": 80.0,
                "Nonmember size": 180.0,
                "ROC AUC Individual": 0.387975,
                "MIA": {
                    "1": 0.2815277777777778,
                    "3": 0.3171527777777778,
                    "5": 0.35020833333333334,
                    "best": {
                        "s": 5,
                        "ROC AUC": 0.35020833333333334
                    }
                }
            },
            "8": {
                "Member size": 52.0,
                "Nonmember size": 117.0,
                "ROC AUC Individual": 0.387975,
                "MIA": {
                    "1": 0.26577909270216965,
                    "3": 0.2684089414858646,
                    "5": 0.29026955950032873,
                    "8": 0.33168967784352393,
                    "best": {
                        "s": 8,
                        "ROC AUC": 0.33168967784352393
                    }
                }
            },
            "10": {
                "Member size": 40.0,
                "Nonmember size": 90.0,
                "ROC AUC Individual": 0.387975,
                "MIA": {
                    "1": 0.21388888888888888,
                    "3": 0.2325,
                    "5": 0.2602777777777778,
                    "8": 0.29861111111111116,
                    "10": 0.3288888888888889,
                    "best": {
                        "s": 10,
                        "ROC AUC": 0.3288888888888889
                    }
                }
            },
            "30": {
                "Member size": 16.0,
                "Nonmember size": 36.0,
                "ROC AUC Individual": 0.387975,
                "MIA": {
                    "1": 0.16840277777777776,
                    "3": 0.1892361111111111,
                    "5": 0.234375,
                    "8": 0.2569444444444444,
                    "10": 0.265625,
                    "30": 0.328125,
                    "best": {
                        "s": 30,
                        "ROC AUC": 0.328125
                    }
                }
            },
            "50": {
                "Member size": 8.0,
                "Nonmember size": 18.0,
                "ROC AUC Individual": 0.387975,
                "MIA": {
                    "1": 0.09027777777777778,
                    "3": 0.11111111111111112,
                    "5": 0.13194444444444445,
                    "8": 0.16666666666666669,
                    "10": 0.15972222222222224,
                    "30": 0.24305555555555558,
                    "50": 0.2986111111111111,
                    "best": {
                        "s": 50,
                        "ROC AUC": 0.2986111111111111
                    }
                }
            },
            "80": {
                "Member size": 8.0,
                "Nonmember size": 18.0,
                "ROC AUC Individual": 0.387975,
                "MIA": {
                    "1": 0.10416666666666667,
                    "3": 0.18055555555555558,
                    "5": 0.24305555555555555,
                    "8": 0.2777777777777778,
                    "10": 0.2847222222222222,
                    "30": 0.33333333333333337,
                    "50": 0.3402777777777778,
                    "80": 0.3402777777777778,
                    "best": {
                        "s": 50,
                        "ROC AUC": 0.3402777777777778
                    }
                }
            },
            "100": {
                "Member size": 4.0,
                "Nonmember size": 9.0,
                "ROC AUC Individual": 0.387975,
                "MIA": {
                    "1": 0.02777777777777779,
                    "3": 0.1111111111111111,
                    "5": 0.1111111111111111,
                    "8": 0.1388888888888889,
                    "10": 0.1388888888888889,
                    "30": 0.16666666666666669,
                    "50": 0.19444444444444448,
                    "80": 0.2777777777777778,
                    "100": 0.2777777777777778,
                    "best": {
                        "s": 80,
                        "ROC AUC": 0.2777777777777778
                    }
                }
            }
        },
        "min": {
            "1": {
                "Member size": 400.0,
                "Nonmember size": 900.0,
                "ROC AUC Individual": 0.387975,
                "MIA": {
                    "1": 0.387975,
                    "best": {
                        "s": 1,
                        "ROC AUC": 0.387975
                    }
                }
            },
            "3": {
                "Member size": 136.0,
                "Nonmember size": 306.0,
                "ROC AUC Individual": 0.387975,
                "MIA": {
                    "1": 0.4161860822760477,
                    "3": 0.3506103421760861,
                    "best": {
                        "s": 1,
                        "ROC AUC": 0.4161860822760477
                    }
                }
            },
            "5": {
                "Member size": 80.0,
                "Nonmember size": 180.0,
                "ROC AUC Individual": 0.387975,
                "MIA": {
                    "1": 0.4286111111111111,
                    "3": 0.3870138888888888,
                    "5": 0.35020833333333334,
                    "best": {
                        "s": 1,
                        "ROC AUC": 0.4286111111111111
                    }
                }
            },
            "8": {
                "Member size": 52.0,
                "Nonmember size": 117.0,
                "ROC AUC Individual": 0.387975,
                "MIA": {
                    "1": 0.46794871794871795,
                    "3": 0.40614727153188696,
                    "5": 0.38264299802761337,
                    "8": 0.33168967784352393,
                    "best": {
                        "s": 1,
                        "ROC AUC": 0.46794871794871795
                    }
                }
            },
            "10": {
                "Member size": 40.0,
                "Nonmember size": 90.0,
                "ROC AUC Individual": 0.387975,
                "MIA": {
                    "1": 0.4891666666666667,
                    "3": 0.4175,
                    "5": 0.40694444444444444,
                    "8": 0.36888888888888893,
                    "10": 0.3288888888888889,
                    "best": {
                        "s": 1,
                        "ROC AUC": 0.4891666666666667
                    }
                }
            },
            "30": {
                "Member size": 16.0,
                "Nonmember size": 36.0,
                "ROC AUC Individual": 0.387975,
                "MIA": {
                    "1": 0.5677083333333334,
                    "3": 0.47395833333333326,
                    "5": 0.43576388888888884,
                    "8": 0.4201388888888889,
                    "10": 0.4097222222222222,
                    "30": 0.328125,
                    "best": {
                        "s": 1,