{
    "average": {
        "max": {
            "1": {
                "Member size": 76700.0,
                "Nonmember size": 23000.0,
                "ROC AUC Individual": 0.5502672720178245,
                "MIA": {
                    "1": 0.5502672720178245,
                    "best": {
                        "s": 1,
                        "ROC AUC": 0.5502672720178245
                    }
                }
            },
            "3": {
                "Member size": 26078.0,
                "Nonmember size": 7820.0,
                "ROC AUC Individual": 0.5502672720178245,
                "MIA": {
                    "1": 0.5710825329256302,
                    "3": 0.5753976271747276,
                    "best": {
                        "s": 3,
                        "ROC AUC": 0.5753976271747276
                    }
                }
            },
            "5": {
                "Member size": 15340.0,
                "Nonmember size": 4600.0,
                "ROC AUC Individual": 0.5502672720178245,
                "MIA": {
                    "1": 0.5833715094902787,
                    "3": 0.5987300305415122,
                    "5": 0.5935349493463445,
                    "best": {
                        "s": 3,
                        "ROC AUC": 0.5987300305415122
                    }
                }
            },
            "8": {
                "Member size": 9971.0,
                "Nonmember size": 2990.0,
                "ROC AUC Individual": 0.5502672720178245,
                "MIA": {
                    "1": 0.5852250456088544,
                    "3": 0.6099778544256426,
                    "5": 0.6102722428831197,
                    "8": 0.6061176791475034,
                    "best": {
                        "s": 5,
                        "ROC AUC": 0.6102722428831197
                    }
                }
            },
            "10": {
                "Member size": 7670.0,
                "Nonmember size": 2300.0,
                "ROC AUC Individual": 0.5502672720178245,
                "MIA": {
                    "1": 0.5912001402527169,
                    "3": 0.6227509043572097,
                    "5": 0.6325910451188436,
                    "8": 0.6182175692826541,
                    "10": 0.6164221789351808,
                    "best": {
                        "s": 5,
                        "ROC AUC": 0.6325910451188436
                    }
                }
            },
            "30": {
                "Member size": 3068.0,
                "Nonmember size": 920.0,
                "ROC AUC Individual": 0.5502672720178245,
                "MIA": {
                    "1": 0.5734019931670943,
                    "3": 0.6076161381324336,
                    "5": 0.6205380558823946,
                    "8": 0.6220720241640432,
                    "10": 0.6193981842683878,
                    "30": 0.6364479318056669,
                    "best": {
                        "s": 30,
                        "ROC AUC": 0.6364479318056669
                    }
                }
            },
            "50": {
                "Member size": 1534.0,
                "Nonmember size": 460.0,
                "ROC AUC Individual": 0.5502672720178245,
                "MIA": {
                    "1": 0.5639901366135707,
                    "3": 0.6099668386145911,
                    "5": 0.6426931579842412,
                    "8": 0.6817045518961511,
                    "10": 0.6987493622810498,
                    "30": 0.70679099824273,
                    "50": 0.6530111278479438,
                    "best": {
                        "s": 30,
                        "ROC AUC": 0.70679099824273
                    }
                }
            },
            "80": {
                "Member size": 1534.0,
                "Nonmember size": 460.0,
                "ROC AUC Individual": 0.5502672720178245,
                "MIA": {
                    "1": 0.5541905220792471,
                    "3": 0.5796525140298169,
                    "5": 0.5932359276684995,
                    "8": 0.601072784989513,
                    "10": 0.6023212969786294,
                    "30": 0.5996018995080615,
                    "50": 0.6115240154791715,
                    "80": 0.6451491080126514,
                    "best": {
                        "s": 80,
                        "ROC AUC": 0.6451491080126514
                    }
                }
            },
            "100": {
                "Member size": 767.0,
                "Nonmember size": 230.0,
                "ROC AUC Individual": 0.5502672720178245,
                "MIA": {
                    "1": 0.5496343744685676,
                    "3": 0.5778243863726545,
                    "5": 0.6136273453885834,
                    "8": 0.6557848194546795,
                    "10": 0.6791735162405759,
                    "30": 0.7650473329176349,
                    "50": 0.7532350991106336,
                    "80": 0.6745353117355221,
                    "100": 0.6597640997204317,
                    "best": {
                        "s": 30,
                        "ROC AUC": 0.7650473329176349
                    }
                }
            }
        },
        "min": {
            "1": {
                "Member size": 76700.0,
                "Nonmember size": 23000.0,
                "ROC AUC Individual": 0.5502672720178245,
                "MIA": {
                    "1": 0.5502672720178245,
                    "best": {
                        "s": 1,
                        "ROC AUC": 0.5502672720178245
                    }
                }
            },
            "3": {
                "Member size": 26078.0,
                "Nonmember size": 7820.0,
                "ROC AUC Individual": 0.5502672720178245,
                "MIA": {
                    "1": 0.5592186296170059,
                    "3": 0.5753976271747276,
                    "best": {
                        "s": 3,
                        "ROC AUC": 0.5753976271747276
                    }
                }
            },
            "5": {
                "Member size": 15340.0,
                "Nonmember size": 4600.0,
                "ROC AUC Individual": 0.5502672720178245,
                "MIA": {
                    "1": 0.5703753590979965,
                    "3": 0.5814907775217124,
                    "5": 0.5935349493463445,
                    "best": {
                        "s": 5,
                        "ROC AUC": 0.5935349493463445
                    }
                }
            },
            "8": {
                "Member size": 9971.0,
                "Nonmember size": 2990.0,
                "ROC AUC Individual": 0.5502672720178245,
                "MIA": {
                    "1": 0.5807064546347643,
                    "3": 0.5858697478645987,
                    "5": 0.5925922730224907,
                    "8": 0.6061176791475034,
                    "best": {
                        "s": 8,
                        "ROC AUC": 0.6061176791475034
                    }
                }
            },
            "10": {
                "Member size": 7670.0,
                "Nonmember size": 2300.0,
                "ROC AUC Individual": 0.5502672720178245,
                "MIA": {
                    "1": 0.5894987804790862,
                    "3": 0.594077594823212,
                    "5": 0.5978643518441501,
                    "8": 0.609037900460752,
                    "10": 0.6164221789351808,
                    "best": {
                        "s": 10,
                        "ROC AUC": 0.6164221789351808
                    }
                }
            },
            "30": {
                "Member size": 3068.0,
                "Nonmember size": 920.0,
                "ROC AUC Individual": 0.5502672720178245,
                "MIA": {
                    "1": 0.6188664849749463,