{
    "average": {
        "max": {
            "1": {
                "Member size": 769.0,
                "Nonmember size": 229.0,
                "ROC AUC Individual": 0.4856190481598628,
                "MIA": {
                    "1": 0.4856190481598628,
                    "best": {
                        "s": 1,
                        "ROC AUC": 0.4856190481598628
                    }
                }
            },
            "3": {
                "Member size": 769.0,
                "Nonmember size": 229.0,
                "ROC AUC Individual": 0.5190077159004082,
                "MIA": {
                    "1": 0.5058971840023623,
                    "3": 0.5282082441326285,
                    "best": {
                        "s": 3,
                        "ROC AUC": 0.5282082441326285
                    }
                }
            },
            "5": {
                "Member size": 769.0,
                "Nonmember size": 229.0,
                "ROC AUC Individual": 0.514557327897059,
                "MIA": {
                    "1": 0.5171918387743397,
                    "3": 0.5235234325756242,
                    "5": 0.5294007416198658,
                    "best": {
                        "s": 5,
                        "ROC AUC": 0.5294007416198658
                    }
                }
            },
            "8": {
                "Member size": 769.0,
                "Nonmember size": 229.0,
                "ROC AUC Individual": 0.5092255740313797,
                "MIA": {
                    "1": 0.5272542461428384,
                    "3": 0.5221946496612739,
                    "5": 0.5302468469798581,
                    "8": 0.5292360633954378,
                    "best": {
                        "s": 5,
                        "ROC AUC": 0.5302468469798581
                    }
                }
            },
            "10": {
                "Member size": 769.0,
                "Nonmember size": 229.0,
                "ROC AUC Individual": 0.5082429117381502,
                "MIA": {
                    "1": 0.5173621955582308,
                    "3": 0.5234666469809939,
                    "5": 0.5248351798115855,
                    "8": 0.5345909449690802,
                    "10": 0.5307124888558271,
                    "best": {
                        "s": 8,
                        "ROC AUC": 0.5345909449690802
                    }
                }
            },
            "30": {
                "Member size": 769.0,
                "Nonmember size": 229.0,
                "ROC AUC Individual": 0.49508366379104723,
                "MIA": {
                    "1": 0.4963458469855367,
                    "3": 0.4879813288964855,
                    "5": 0.49024707412223667,
                    "8": 0.49426749422206573,
                    "10": 0.49537481331735767,
                    "30": 0.4821769156755464,
                    "best": {
                        "s": 1,
                        "ROC AUC": 0.4963458469855367
                    }
                }
            }
        },
        "min": {
            "1": {
                "Member size": 769.0,
                "Nonmember size": 229.0,
                "ROC AUC Individual": 0.4856190481598628,
                "MIA": {
                    "1": 0.4856190481598628,
                    "best": {
                        "s": 1,
                        "ROC AUC": 0.4856190481598628
                    }
                }
            },
            "3": {
                "Member size": 769.0,
                "Nonmember size": 229.0,
                "ROC AUC Individual": 0.5190077159004082,
                "MIA": {
                    "1": 0.5348862300611581,
                    "3": 0.5282082441326285,
                    "best": {
                        "s": 1,
                        "ROC AUC": 0.5348862300611581
                    }
                }
            },
            "5": {
                "Member size": 769.0,
                "Nonmember size": 229.0,
                "ROC AUC Individual": 0.514557327897059,
                "MIA": {
                    "1": 0.5344433024230413,
                    "3": 0.5410985741137189,
                    "5": 0.5294007416198658,
                    "best": {
                        "s": 3,
                        "ROC AUC": 0.5410985741137189
                    }
                }
            },
            "8": {
                "Member size": 769.0,
                "Nonmember size": 229.0,
                "ROC AUC Individual": 0.5092255740313797,
                "MIA": {
                    "1": 0.4877939364342053,
                    "3": 0.505698434421156,
                    "5": 0.5226489344183168,
                    "8": 0.5292360633954378,
                    "best": {
                        "s": 8,
                        "ROC AUC": 0.5292360633954378
                    }
                }
            },
            "10": {
                "Member size": 769.0,
                "Nonmember size": 229.0,
                "ROC AUC Individual": 0.5082429117381502,
                "MIA": {
                    "1": 0.47956002521280394,
                    "3": 0.4977995582080737,
                    "5": 0.5182196580371491,
                    "8": 0.5257664635635232,
                    "10": 0.5307124888558271,
                    "best": {
                        "s": 10,
                        "ROC AUC": 0.5307124888558271
                    }
                }
            },
            "30": {
                "Member size": 769.0,
                "Nonmember size": 229.0,
                "ROC AUC Individual": 0.49508366379104723,
                "MIA": {
                    "1": 0.4384075047841864,
                    "3": 0.43976133406967544,
                    "5": 0.43925462443706836,
                    "8": 0.4460923577939343,
                    "10": 0.4496905655221102,
                    "30": 0.4821769156755464,
                    "best": {
                        "s": 30,
                        "ROC AUC": 0.4821769156755464
                    }
                }
            }
        },
        "Total individual ROC AUC": 0.4939496455131935
    },
    "std": {
        "max": {
            "1": {
                "Member size": 0.0,
                "Nonmember size": 0.0,
                "ROC AUC Individual": 0.0,
                "MIA": {
                    "1": 0.0
                }
            },
            "3": {
                "Member size": 0.0,
                "Nonmember size": 0.0,
                "ROC AUC Individual": 0.0,
                "MIA": {
                    "1": 0.0,
                    "3": 0.0
                }
            },
            "5": {
                "Member size": 0.0,
                "Nonmember size": 0.0,
                "ROC AUC Individual": 0.0,
                "MIA": {
                    "1": 0.0,
                    "3": 0.0,
                    "5": 0.0
                }
            },
            "8": {
                "Member size": 0.0,
                "Nonmember size": 0.0,
                "ROC AUC Individual": 0.0,
                "MIA": {
                    "1": 0.0,
                    "3": 0.0,
                    "5": 0.0,
                    "8": 0.0
                }
            },
            "10": {
                "Member size": 0.0,
                "Nonmember size": 0.0,
                "ROC AUC Individual": 0.0,
                "MIA": {
                    "1": 0.0,
                    "3": 0.0,
                    "5": 0.0,
                    "8": 0.0,
                    "10": 0.0
                }
            },
            "30": {
                "Member size": 0.0,
                "Nonmember size": 0.0,
                "ROC AUC Individual": 0.0,
                "MIA": {
                    "1": 0.0,
                    "3": 0.0,
                    "5": 0.0,
                    "8": 0.0,