{
    "average": {
        "max": {
            "1": {
                "Member size": 76800.0,
                "Nonmember size": 23000.0,
                "ROC AUC Individual": 0.5150624487244599,
                "MIA": {
                    "1": 0.5150624487244599,
                    "best": {
                        "s": 1,
                        "ROC AUC": 0.5150624487244599
                    }
                }
            },
            "3": {
                "Member size": 26112.0,
                "Nonmember size": 7820.0,
                "ROC AUC Individual": 0.5150624487244599,
                "MIA": {
                    "1": 0.5133850197031838,
                    "3": 0.5230643325923185,
                    "best": {
                        "s": 3,
                        "ROC AUC": 0.5230643325923185
                    }
                }
            },
            "5": {
                "Member size": 15360.0,
                "Nonmember size": 4600.0,
                "ROC AUC Individual": 0.5150624487244599,
                "MIA": {
                    "1": 0.5057441444349129,
                    "3": 0.5132985292951493,
                    "5": 0.5248427591461255,
                    "best": {
                        "s": 5,
                        "ROC AUC": 0.5248427591461255
                    }
                }
            },
            "8": {
                "Member size": 9984.0,
                "Nonmember size": 2990.0,
                "ROC AUC Individual": 0.5150624487244599,
                "MIA": {
                    "1": 0.5003728579387634,
                    "3": 0.5125450898513195,
                    "5": 0.5166957855376721,
                    "8": 0.5281778023654454,
                    "best": {
                        "s": 8,
                        "ROC AUC": 0.5281778023654454
                    }
                }
            },
            "10": {
                "Member size": 7680.0,
                "Nonmember size": 2300.0,
                "ROC AUC Individual": 0.5150624487244599,
                "MIA": {
                    "1": 0.4847092674365942,
                    "3": 0.5013455157026853,
                    "5": 0.5098724875545815,
                    "8": 0.5161155643676533,
                    "10": 0.5274729217323291,
                    "best": {
                        "s": 10,
                        "ROC AUC": 0.5274729217323291
                    }
                }
            },
            "30": {
                "Member size": 3072.0,
                "Nonmember size": 920.0,
                "ROC AUC Individual": 0.5150624487244599,
                "MIA": {
                    "1": 0.4626445383265399,
                    "3": 0.4737502830615942,
                    "5": 0.4870568316915761,
                    "8": 0.49832604449728257,
                    "10": 0.5028960739356884,
                    "30": 0.5321253672869735,
                    "best": {
                        "s": 30,
                        "ROC AUC": 0.5321253672869735
                    }
                }
            },
            "50": {
                "Member size": 1536.0,
                "Nonmember size": 460.0,
                "ROC AUC Individual": 0.5150624487244599,
                "MIA": {
                    "1": 0.4478926064311594,
                    "3": 0.43474014945652173,
                    "5": 0.4471042798913043,
                    "8": 0.46350769927536234,
                    "10": 0.4724099864130435,
                    "30": 0.5029013813405797,
                    "50": 0.5212977990376129,
                    "best": {
                        "s": 50,
                        "ROC AUC": 0.5212977990376129
                    }
                }
            },
            "80": {
                "Member size": 1536.0,
                "Nonmember size": 460.0,
                "ROC AUC Individual": 0.5150624487244599,
                "MIA": {
                    "1": 0.46585215692934784,
                    "3": 0.4662944406702898,
                    "5": 0.4753807178442029,
                    "8": 0.48751273777173915,
                    "10": 0.49266870471014496,
                    "30": 0.5109970259170089,
                    "50": 0.522610967540397,
                    "80": 0.5340337689701318,
                    "best": {
                        "s": 80,
                        "ROC AUC": 0.5340337689701318
                    }
                }
            },
            "100": {
                "Member size": 768.0,
                "Nonmember size": 230.0,
                "ROC AUC Individual": 0.5150624487244599,
                "MIA": {
                    "1": 0.445502151268116,
                    "3": 0.4181442481884059,
                    "5": 0.4095901268115942,
                    "8": 0.41876698369565224,
                    "10": 0.42609261775362317,
                    "30": 0.47888360507246375,
                    "50": 0.49086615069428635,
                    "80": 0.4934355233916462,
                    "100": 0.5136564129002692,
                    "best": {
                        "s": 100,
                        "ROC AUC": 0.5136564129002692
                    }
                }
            }
        },
        "min": {
            "1": {
                "Member size": 76800.0,
                "Nonmember size": 23000.0,
                "ROC AUC Individual": 0.5150624487244599,
                "MIA": {
                    "1": 0.5150624487244599,
                    "best": {
                        "s": 1,
                        "ROC AUC": 0.5150624487244599
                    }
                }
            },
            "3": {
                "Member size": 26112.0,
                "Nonmember size": 7820.0,
                "ROC AUC Individual": 0.5150624487244599,
                "MIA": {
                    "1": 0.5292135035620495,
                    "3": 0.5230643325923185,
                    "best": {
                        "s": 1,
                        "ROC AUC": 0.5292135035620495
                    }
                }
            },
            "5": {
                "Member size": 15360.0,
                "Nonmember size": 4600.0,
                "ROC AUC Individual": 0.5150624487244599,
                "MIA": {
                    "1": 0.5388700013025921,
                    "3": 0.5350446974760406,
                    "5": 0.5248427591461255,
                    "best": {
                        "s": 1,
                        "ROC AUC": 0.5388700013025921
                    }
                }
            },
            "8": {
                "Member size": 9984.0,
                "Nonmember size": 2990.0,
                "ROC AUC Individual": 0.5150624487244599,
                "MIA": {
                    "1": 0.5537289696704906,
                    "3": 0.5386190105964437,
                    "5": 0.5340438862225929,
                    "8": 0.5281778023654454,
                    "best": {
                        "s": 1,
                        "ROC AUC": 0.5537289696704906
                    }
                }
            },
            "10": {
                "Member size": 7680.0,
                "Nonmember size": 2300.0,
                "ROC AUC Individual": 0.5150624487244599,
                "MIA": {
                    "1": 0.5574403497743118,
                    "3": 0.5476103672391616,
                    "5": 0.5386566673655222,
                    "8": 0.5404865869763593,
                    "10": 0.5274729217323291,
                    "best": {
                        "s": 1,
                        "ROC AUC": 0.5574403497743118
                    }
                }
            },
            "30": {
                "Member size": 3072.0,
                "Nonmember size": 920.0,
                "ROC AUC Individual": 0.5150624487244599,
                "MIA": {
                    "1": 0.5777335061696913,