{
    "average": {
        "max": {
            "1": {
                "Member size": 500.0,
                "Nonmember size": 1500.0,
                "ROC AUC Individual": 0.11112666666666667,
                "MIA": {
                    "1": 0.11112666666666667,
                    "best": {
                        "s": 1,
                        "ROC AUC": 0.11112666666666667
                    }
                }
            },
            "3": {
                "Member size": 170.0,
                "Nonmember size": 510.0,
                "ROC AUC Individual": 0.11112666666666667,
                "MIA": {
                    "1": 0.06478662053056516,
                    "3": 0.0553287197231834,
                    "best": {
                        "s": 1,
                        "ROC AUC": 0.06478662053056516
                    }
                }
            },
            "5": {
                "Member size": 100.0,
                "Nonmember size": 300.0,
                "ROC AUC Individual": 0.11112666666666667,
                "MIA": {
                    "1": 0.07496666666666668,
                    "3": 0.032566666666666674,
                    "5": 0.040066666666666674,
                    "best": {
                        "s": 1,
                        "ROC AUC": 0.07496666666666668
                    }
                }
            },
            "8": {
                "Member size": 65.0,
                "Nonmember size": 195.0,
                "ROC AUC Individual": 0.11112666666666667,
                "MIA": {
                    "1": 0.08465483234714004,
                    "3": 0.032504930966469434,
                    "5": 0.018067061143984205,
                    "8": 0.024930966469427992,
                    "best": {
                        "s": 1,
                        "ROC AUC": 0.08465483234714004
                    }
                }
            },
            "10": {
                "Member size": 50.0,
                "Nonmember size": 150.0,
                "ROC AUC Individual": 0.11112666666666667,
                "MIA": {
                    "1": 0.0972,
                    "3": 0.037200000000000004,
                    "5": 0.018266666666666678,
                    "8": 0.014400000000000017,
                    "10": 0.024000000000000007,
                    "best": {
                        "s": 1,
                        "ROC AUC": 0.0972
                    }
                }
            },
            "30": {
                "Member size": 20.0,
                "Nonmember size": 60.0,
                "ROC AUC Individual": 0.11112666666666667,
                "MIA": {
                    "1": 0.1741666666666667,
                    "3": 0.0666666666666667,
                    "5": 0.025833333333333354,
                    "8": 0.014166666666666671,
                    "10": 0.02750000000000001,
                    "30": 0.012500000000000039,
                    "best": {
                        "s": 1,
                        "ROC AUC": 0.1741666666666667
                    }
                }
            },
            "50": {
                "Member size": 10.0,
                "Nonmember size": 30.0,
                "ROC AUC Individual": 0.11112666666666667,
                "MIA": {
                    "1": 0.22,
                    "3": 0.11666666666666664,
                    "5": 0.059999999999999984,
                    "8": 0.029999999999999995,
                    "10": 0.02666666666666666,
                    "30": 0.0033333333333333327,
                    "50": 0.0033333333333333327,
                    "best": {
                        "s": 1,
                        "ROC AUC": 0.22
                    }
                }
            },
            "80": {
                "Member size": 10.0,
                "Nonmember size": 30.0,
                "ROC AUC Individual": 0.11112666666666667,
                "MIA": {
                    "1": 0.22666666666666666,
                    "3": 0.14666666666666664,
                    "5": 0.07999999999999999,
                    "8": 0.046666666666666655,
                    "10": 0.02666666666666666,
                    "30": 0.039999999999999994,
                    "50": 0.009999999999999998,
                    "80": 0.01333333333333333,
                    "best": {
                        "s": 1,
                        "ROC AUC": 0.22666666666666666
                    }
                }
            },
            "100": {
                "Member size": 5.0,
                "Nonmember size": 15.0,
                "ROC AUC Individual": 0.11112666666666667,
                "MIA": {
                    "1": 0.32,
                    "3": 0.22666666666666666,
                    "5": 0.14666666666666664,
                    "8": 0.05333333333333332,
                    "10": 0.02666666666666666,
                    "30": 0.0,
                    "50": 0.0,
                    "80": 0.0,
                    "100": 0.0,
                    "best": {
                        "s": 1,
                        "ROC AUC": 0.32
                    }
                }
            }
        },
        "min": {
            "1": {
                "Member size": 500.0,
                "Nonmember size": 1500.0,
                "ROC AUC Individual": 0.11112666666666667,
                "MIA": {
                    "1": 0.11112666666666667,
                    "best": {
                        "s": 1,
                        "ROC AUC": 0.11112666666666667
                    }
                }
            },
            "3": {
                "Member size": 170.0,
                "Nonmember size": 510.0,
                "ROC AUC Individual": 0.11112666666666667,
                "MIA": {
                    "1": 0.1087427912341407,
                    "3": 0.0553287197231834,
                    "best": {
                        "s": 1,
                        "ROC AUC": 0.1087427912341407
                    }
                }
            },
            "5": {
                "Member size": 100.0,
                "Nonmember size": 300.0,
                "ROC AUC Individual": 0.11112666666666667,
                "MIA": {
                    "1": 0.12526666666666667,
                    "3": 0.05549999999999999,
                    "5": 0.040066666666666674,
                    "best": {
                        "s": 1,
                        "ROC AUC": 0.12526666666666667
                    }
                }
            },
            "8": {
                "Member size": 65.0,
                "Nonmember size": 195.0,
                "ROC AUC Individual": 0.11112666666666667,
                "MIA": {
                    "1": 0.14027613412228798,
                    "3": 0.08086785009861933,
                    "5": 0.04930966469428008,
                    "8": 0.024930966469427992,
                    "best": {
                        "s": 1,
                        "ROC AUC": 0.14027613412228798
                    }
                }
            },
            "10": {
                "Member size": 50.0,
                "Nonmember size": 150.0,
                "ROC AUC Individual": 0.11112666666666667,
                "MIA": {
                    "1": 0.15053333333333335,
                    "3": 0.08866666666666667,
                    "5": 0.05613333333333333,
                    "8": 0.0276,
                    "10": 0.024000000000000007,
                    "best": {
                        "s": 1,
                        "ROC AUC": 0.15053333333333335
                    }
                }
            },
            "30": {
                "Member size": 20.0,
                "Nonmember size": 60.0,
                "ROC AUC Individual": 0.11112666666666667,
                "MIA": {
                    "1": 0.1625,
                    "3": 0.125,
                    "5": 0.11000000000000003,
                    "8": 0.08833333333333335,