{
    "average": {
        "max": {
            "1": {
                "Member size": 76700.0,
                "Nonmember size": 23000.0,
                "ROC AUC Individual": 0.5279658004176486,
                "MIA": {
                    "1": 0.5279658004176486,
                    "best": {
                        "s": 1,
                        "ROC AUC": 0.5279658004176486
                    }
                }
            },
            "3": {
                "Member size": 26078.0,
                "Nonmember size": 7820.0,
                "ROC AUC Individual": 0.5279658004176486,
                "MIA": {
                    "1": 0.5260890064809116,
                    "3": 0.5440274415973323,
                    "best": {
                        "s": 3,
                        "ROC AUC": 0.5440274415973323
                    }
                }
            },
            "5": {
                "Member size": 15340.0,
                "Nonmember size": 4600.0,
                "ROC AUC Individual": 0.5279658004176486,
                "MIA": {
                    "1": 0.5189307945490729,
                    "3": 0.534274886031927,
                    "5": 0.5513057796999864,
                    "best": {
                        "s": 5,
                        "ROC AUC": 0.5513057796999864
                    }
                }
            },
            "8": {
                "Member size": 9971.0,
                "Nonmember size": 2990.0,
                "ROC AUC Individual": 0.5279658004176486,
                "MIA": {
                    "1": 0.5113087988611791,
                    "3": 0.52643648487569,
                    "5": 0.5374223099201727,
                    "8": 0.559354329328018,
                    "best": {
                        "s": 8,
                        "ROC AUC": 0.559354329328018
                    }
                }
            },
            "10": {
                "Member size": 7670.0,
                "Nonmember size": 2300.0,
                "ROC AUC Individual": 0.5279658004176486,
                "MIA": {
                    "1": 0.49857356611760256,
                    "3": 0.5205156465325256,
                    "5": 0.5340127412453715,
                    "8": 0.5495816695593847,
                    "10": 0.5646569655306913,
                    "best": {
                        "s": 10,
                        "ROC AUC": 0.5646569655306913
                    }
                }
            },
            "30": {
                "Member size": 3068.0,
                "Nonmember size": 920.0,
                "ROC AUC Individual": 0.5279658004176486,
                "MIA": {
                    "1": 0.46689443018953514,
                    "3": 0.48308005273528865,
                    "5": 0.4988708694234558,
                    "8": 0.5113226410278227,
                    "10": 0.5169551031988084,
                    "30": 0.5803729858121873,
                    "best": {
                        "s": 30,
                        "ROC AUC": 0.5803729858121873
                    }
                }
            },
            "50": {
                "Member size": 1534.0,
                "Nonmember size": 460.0,
                "ROC AUC Individual": 0.5279658004176486,
                "MIA": {
                    "1": 0.43296440111104817,
                    "3": 0.43482795759877557,
                    "5": 0.4533544016779094,
                    "8": 0.4755923700470495,
                    "10": 0.4880604840995409,
                    "30": 0.5433152882489656,
                    "50": 0.5852984806675279,
                    "best": {
                        "s": 50,
                        "ROC AUC": 0.5852984806675279
                    }
                }
            },
            "80": {
                "Member size": 1534.0,
                "Nonmember size": 460.0,
                "ROC AUC Individual": 0.5279658004176486,
                "MIA": {
                    "1": 0.447726177654328,
                    "3": 0.46309449577688344,
                    "5": 0.47620316308599286,
                    "8": 0.4914021313984468,
                    "10": 0.4989300493169322,
                    "30": 0.5290044644126596,
                    "50": 0.5466864898702481,
                    "80": 0.5867003692116666,
                    "best": {
                        "s": 80,
                        "ROC AUC": 0.5867003692116666
                    }
                }
            },
            "100": {
                "Member size": 767.0,
                "Nonmember size": 230.0,
                "ROC AUC Individual": 0.5279658004176486,
                "MIA": {
                    "1": 0.4168102715265574,
                    "3": 0.4029193356385693,
                    "5": 0.40757893543449913,
                    "8": 0.4218751771441528,
                    "10": 0.4348563006632277,
                    "30": 0.5072274814352927,
                    "50": 0.5363285024154589,
                    "80": 0.558283603296391,
                    "100": 0.5846618608627343,
                    "best": {
                        "s": 100,
                        "ROC AUC": 0.5846618608627343
                    }
                }
            }
        },
        "min": {
            "1": {
                "Member size": 76700.0,
                "Nonmember size": 23000.0,
                "ROC AUC Individual": 0.5279658004176486,
                "MIA": {
                    "1": 0.5279658004176486,
                    "best": {
                        "s": 1,
                        "ROC AUC": 0.5279658004176486
                    }
                }
            },
            "3": {
                "Member size": 26078.0,
                "Nonmember size": 7820.0,
                "ROC AUC Individual": 0.5279658004176486,
                "MIA": {
                    "1": 0.548134054088516,
                    "3": 0.5440274415973323,
                    "best": {
                        "s": 1,
                        "ROC AUC": 0.548134054088516
                    }
                }
            },
            "5": {
                "Member size": 15340.0,
                "Nonmember size": 4600.0,
                "ROC AUC Individual": 0.5279658004176486,
                "MIA": {
                    "1": 0.5634674696084042,
                    "3": 0.5644634257230314,
                    "5": 0.5513057796999864,
                    "best": {
                        "s": 3,
                        "ROC AUC": 0.5644634257230314
                    }
                }
            },
            "8": {
                "Member size": 9971.0,
                "Nonmember size": 2990.0,
                "ROC AUC Individual": 0.5279658004176486,
                "MIA": {
                    "1": 0.57793257823027,
                    "3": 0.5728886499200867,
                    "5": 0.5715303998924305,
                    "8": 0.559354329328018,
                    "best": {
                        "s": 1,
                        "ROC AUC": 0.57793257823027
                    }
                }
            },
            "10": {
                "Member size": 7670.0,
                "Nonmember size": 2300.0,
                "ROC AUC Individual": 0.5279658004176486,
                "MIA": {
                    "1": 0.5915046095314527,
                    "3": 0.5851373157613231,
                    "5": 0.5810696795636361,
                    "8": 0.5833062280455688,
                    "10": 0.5646569655306913,
                    "best": {
                        "s": 1,
                        "ROC AUC": 0.5915046095314527
                    }
                }
            },
            "30": {
                "Member size": 3068.0,
                "Nonmember size": 920.0,
                "ROC AUC Individual": 0.5279658004176486,
                "MIA": {
                    "1": 0.6138641038371515,