{
    "average": {
        "max": {
            "1": {
                "Member size": 92200.0,
                "Nonmember size": 7400.0,
                "ROC AUC Individual": 0.5604115253268454,
                "MIA": {
                    "1": 0.5604115253268454,
                    "best": {
                        "s": 1,
                        "ROC AUC": 0.5604115253268454
                    }
                }
            },
            "3": {
                "Member size": 31348.0,
                "Nonmember size": 2516.0,
                "ROC AUC Individual": 0.5604115253268454,
                "MIA": {
                    "1": 0.620247457233258,
                    "3": 0.5843006823447456,
                    "best": {
                        "s": 1,
                        "ROC AUC": 0.620247457233258
                    }
                }
            },
            "5": {
                "Member size": 18440.0,
                "Nonmember size": 1480.0,
                "ROC AUC Individual": 0.5604115253268454,
                "MIA": {
                    "1": 0.6453124267163042,
                    "3": 0.6549968488010788,
                    "5": 0.6085040415958258,
                    "best": {
                        "s": 3,
                        "ROC AUC": 0.6549968488010788
                    }
                }
            },
            "8": {
                "Member size": 11986.0,
                "Nonmember size": 962.0,
                "ROC AUC Individual": 0.5604115253268454,
                "MIA": {
                    "1": 0.6578836952189195,
                    "3": 0.6860803994126203,
                    "5": 0.6785498708992785,
                    "8": 0.6273486774070789,
                    "best": {
                        "s": 3,
                        "ROC AUC": 0.6860803994126203
                    }
                }
            },
            "10": {
                "Member size": 9220.0,
                "Nonmember size": 740.0,
                "ROC AUC Individual": 0.5604115253268454,
                "MIA": {
                    "1": 0.6727552471126224,
                    "3": 0.7096825350296065,
                    "5": 0.7158114703640734,
                    "8": 0.686285102890309,
                    "10": 0.6477476988919506,
                    "best": {
                        "s": 5,
                        "ROC AUC": 0.7158114703640734
                    }
                }
            },
            "30": {
                "Member size": 3688.0,
                "Nonmember size": 296.0,
                "ROC AUC Individual": 0.5604115253268454,
                "MIA": {
                    "1": 0.665856118455766,
                    "3": 0.7001199104473237,
                    "5": 0.7047537301401183,
                    "8": 0.6913822037873015,
                    "10": 0.6829829761974556,
                    "30": 0.7122323313009322,
                    "best": {
                        "s": 30,
                        "ROC AUC": 0.7122323313009322
                    }
                }
            },
            "50": {
                "Member size": 1844.0,
                "Nonmember size": 148.0,
                "ROC AUC Individual": 0.5604115253268454,
                "MIA": {
                    "1": 0.6678105030192882,
                    "3": 0.7338775869144633,
                    "5": 0.7706037110863575,
                    "8": 0.8060803482441228,
                    "10": 0.8210851849680483,
                    "30": 0.8751465673916867,
                    "50": 0.8049444509585507,
                    "best": {
                        "s": 30,
                        "ROC AUC": 0.8751465673916867
                    }
                }
            },
            "80": {
                "Member size": 1844.0,
                "Nonmember size": 148.0,
                "ROC AUC Individual": 0.5604115253268454,
                "MIA": {
                    "1": 0.6473918332649353,
                    "3": 0.6813001993316528,
                    "5": 0.6846382716773173,
                    "8": 0.6775297531805125,
                    "10": 0.6710294893592074,
                    "30": 0.6484947528873777,
                    "50": 0.665199771354869,
                    "80": 0.7601974262766019,
                    "best": {
                        "s": 80,
                        "ROC AUC": 0.7601974262766019
                    }
                }
            },
            "100": {
                "Member size": 922.0,
                "Nonmember size": 74.0,
                "ROC AUC Individual": 0.5604115253268454,
                "MIA": {
                    "1": 0.6251612241308553,
                    "3": 0.6964442750776807,
                    "5": 0.7331007797385238,
                    "8": 0.7764261007211115,
                    "10": 0.802632350354693,
                    "30": 0.9017705340915753,
                    "50": 0.9253385706747962,
                    "80": 0.910124875417717,
                    "100": 0.8677229290027554,
                    "best": {
                        "s": 50,
                        "ROC AUC": 0.9253385706747962
                    }
                }
            }
        },
        "min": {
            "1": {
                "Member size": 92200.0,
                "Nonmember size": 7400.0,
                "ROC AUC Individual": 0.5604115253268454,
                "MIA": {
                    "1": 0.5604115253268454,
                    "best": {
                        "s": 1,
                        "ROC AUC": 0.5604115253268454
                    }
                }
            },
            "3": {
                "Member size": 31348.0,
                "Nonmember size": 2516.0,
                "ROC AUC Individual": 0.5604115253268454,
                "MIA": {
                    "1": 0.5300646108620536,
                    "3": 0.5843006823447456,
                    "best": {
                        "s": 3,
                        "ROC AUC": 0.5843006823447456
                    }
                }
            },
            "5": {
                "Member size": 18440.0,
                "Nonmember size": 1480.0,
                "ROC AUC Individual": 0.5604115253268454,
                "MIA": {
                    "1": 0.5097891994489067,
                    "3": 0.5644905867092689,
                    "5": 0.6085040415958258,
                    "best": {
                        "s": 5,
                        "ROC AUC": 0.6085040415958258
                    }
                }
            },
            "8": {
                "Member size": 11986.0,
                "Nonmember size": 962.0,
                "ROC AUC Individual": 0.5604115253268454,
                "MIA": {
                    "1": 0.49890239236142786,
                    "3": 0.5426214505974225,
                    "5": 0.5801109610553963,
                    "8": 0.6273486774070789,
                    "best": {
                        "s": 8,
                        "ROC AUC": 0.6273486774070789
                    }
                }
            },
            "10": {
                "Member size": 9220.0,
                "Nonmember size": 740.0,
                "ROC AUC Individual": 0.5604115253268454,
                "MIA": {
                    "1": 0.4923796681714252,
                    "3": 0.5314150348830392,
                    "5": 0.5711364835551387,
                    "8": 0.6216430204608079,
                    "10": 0.6477476988919506,
                    "best": {
                        "s": 10,
                        "ROC AUC": 0.6477476988919506
                    }
                }
            },
            "30": {
                "Member size": 3688.0,
                "Nonmember size": 296.0,
                "ROC AUC Individual": 0.5604115253268454,
                "MIA": {
                    "1": 0.4724343378085244,