{
    "average": {
        "max": {
            "1": {
                "Member size": 76700.0,
                "Nonmember size": 23000.0,
                "ROC AUC Individual": 0.45526856642956615,
                "MIA": {
                    "1": 0.45526856642956615,
                    "best": {
                        "s": 1,
                        "ROC AUC": 0.45526856642956615
                    }
                }
            },
            "3": {
                "Member size": 26078.0,
                "Nonmember size": 7820.0,
                "ROC AUC Individual": 0.45526856642956615,
                "MIA": {
                    "1": 0.45957415094458076,
                    "3": 0.43396959353020037,
                    "best": {
                        "s": 1,
                        "ROC AUC": 0.45957415094458076
                    }
                }
            },
            "5": {
                "Member size": 15340.0,
                "Nonmember size": 4600.0,
                "ROC AUC Individual": 0.45526856642956615,
                "MIA": {
                    "1": 0.46257870477983076,
                    "3": 0.4388850631913548,
                    "5": 0.41898356339423815,
                    "best": {
                        "s": 1,
                        "ROC AUC": 0.46257870477983076
                    }
                }
            },
            "8": {
                "Member size": 9971.0,
                "Nonmember size": 2990.0,
                "ROC AUC Individual": 0.45526856642956615,
                "MIA": {
                    "1": 0.46104794204195515,
                    "3": 0.4451769354887405,
                    "5": 0.42817336547185103,
                    "8": 0.40372009953497495,
                    "best": {
                        "s": 1,
                        "ROC AUC": 0.46104794204195515
                    }
                }
            },
            "10": {
                "Member size": 7670.0,
                "Nonmember size": 2300.0,
                "ROC AUC Individual": 0.45526856642956615,
                "MIA": {
                    "1": 0.4606645614472722,
                    "3": 0.4457867427314124,
                    "5": 0.429080354813462,
                    "8": 0.4051482399990556,
                    "10": 0.3928541511233419,
                    "best": {
                        "s": 1,
                        "ROC AUC": 0.4606645614472722
                    }
                }
            },
            "30": {
                "Member size": 3068.0,
                "Nonmember size": 920.0,
                "ROC AUC Individual": 0.45526856642956615,
                "MIA": {
                    "1": 0.45340971917041156,
                    "3": 0.44613254771831307,
                    "5": 0.4437370600414079,
                    "8": 0.4398139482118041,
                    "10": 0.43849974474602227,
                    "30": 0.356146883497195,
                    "best": {
                        "s": 1,
                        "ROC AUC": 0.45340971917041156
                    }
                }
            },
            "50": {
                "Member size": 1534.0,
                "Nonmember size": 460.0,
                "ROC AUC Individual": 0.45526856642956615,
                "MIA": {
                    "1": 0.44929850915480984,
                    "3": 0.43473442548608354,
                    "5": 0.4307876537611247,
                    "8": 0.42766141375205485,
                    "10": 0.42427016609035767,
                    "30": 0.37656232262458844,
                    "50": 0.3174733963038779,
                    "best": {
                        "s": 1,
                        "ROC AUC": 0.44929850915480984
                    }
                }
            },
            "80": {
                "Member size": 1534.0,
                "Nonmember size": 460.0,
                "ROC AUC Individual": 0.45526856642956615,
                "MIA": {
                    "1": 0.4513051981180205,
                    "3": 0.44861879236506985,
                    "5": 0.4473155790011061,
                    "8": 0.4456720270001986,
                    "10": 0.44532176181967725,
                    "30": 0.4306222133871014,
                    "50": 0.4051920503402523,
                    "80": 0.33213314507972885,
                    "best": {
                        "s": 1,
                        "ROC AUC": 0.4513051981180205
                    }
                }
            },
            "100": {
                "Member size": 767.0,
                "Nonmember size": 230.0,
                "ROC AUC Individual": 0.45526856642956615,
                "MIA": {
                    "1": 0.44121648432628535,
                    "3": 0.42320163256051246,
                    "5": 0.41759537441188144,
                    "8": 0.41651833796270055,
                    "10": 0.41659202993027605,
                    "30": 0.403129074315515,
                    "50": 0.3719585161547667,
                    "80": 0.3234324942791762,
                    "100": 0.28347889374090246,
                    "best": {
                        "s": 1,
                        "ROC AUC": 0.44121648432628535
                    }
                }
            }
        },
        "min": {
            "1": {
                "Member size": 76700.0,
                "Nonmember size": 23000.0,
                "ROC AUC Individual": 0.45526856642956615,
                "MIA": {
                    "1": 0.45526856642956615,
                    "best": {
                        "s": 1,
                        "ROC AUC": 0.45526856642956615
                    }
                }
            },
            "3": {
                "Member size": 26078.0,
                "Nonmember size": 7820.0,
                "ROC AUC Individual": 0.45526856642956615,
                "MIA": {
                    "1": 0.4288203570046827,
                    "3": 0.43396959353020037,
                    "best": {
                        "s": 3,
                        "ROC AUC": 0.43396959353020037
                    }
                }
            },
            "5": {
                "Member size": 15340.0,
                "Nonmember size": 4600.0,
                "ROC AUC Individual": 0.45526856642956615,
                "MIA": {
                    "1": 0.4219712932904268,
                    "3": 0.40697105608698486,
                    "5": 0.41898356339423815,
                    "best": {
                        "s": 1,
                        "ROC AUC": 0.4219712932904268
                    }
                }
            },
            "8": {
                "Member size": 9971.0,
                "Nonmember size": 2990.0,
                "ROC AUC Individual": 0.45526856642956615,
                "MIA": {
                    "1": 0.4209647690220537,
                    "3": 0.3996911004291223,
                    "5": 0.39205443897512887,
                    "8": 0.40372009953497495,
                    "best": {
                        "s": 1,
                        "ROC AUC": 0.4209647690220537
                    }
                }
            },
            "10": {
                "Member size": 7670.0,
                "Nonmember size": 2300.0,
                "ROC AUC Individual": 0.45526856642956615,
                "MIA": {
                    "1": 0.421105392406312,
                    "3": 0.39385355596058036,
                    "5": 0.37968912014191664,
                    "8": 0.3759960009179897,
                    "10": 0.3928541511233419,
                    "best": {
                        "s": 1,
                        "ROC AUC": 0.421105392406312
                    }
                }
            },
            "30": {
                "Member size": 3068.0,
                "Nonmember size": 920.0,
                "ROC AUC Individual": 0.45526856642956615,