{
    "average": {
        "max": {
            "1": {
                "Member size": 700.0,
                "Nonmember size": 600.0,
                "ROC AUC Individual": 0.5956166666666667,
                "MIA": {
                    "1": 0.5956166666666667,
                    "best": {
                        "s": 1,
                        "ROC AUC": 0.5956166666666667
                    }
                }
            },
            "3": {
                "Member size": 238.0,
                "Nonmember size": 204.0,
                "ROC AUC Individual": 0.5956166666666667,
                "MIA": {
                    "1": 0.6102323282254078,
                    "3": 0.6542057999670456,
                    "best": {
                        "s": 3,
                        "ROC AUC": 0.6542057999670456
                    }
                }
            },
            "5": {
                "Member size": 140.0,
                "Nonmember size": 120.0,
                "ROC AUC Individual": 0.5956166666666667,
                "MIA": {
                    "1": 0.6109523809523809,
                    "3": 0.6360119047619048,
                    "5": 0.6810714285714285,
                    "best": {
                        "s": 5,
                        "ROC AUC": 0.6810714285714285
                    }
                }
            },
            "8": {
                "Member size": 91.0,
                "Nonmember size": 78.0,
                "ROC AUC Individual": 0.5956166666666667,
                "MIA": {
                    "1": 0.6072132995209919,
                    "3": 0.610735418427726,
                    "5": 0.6475063398140322,
                    "8": 0.702028740490279,
                    "best": {
                        "s": 8,
                        "ROC AUC": 0.702028740490279
                    }
                }
            },
            "10": {
                "Member size": 70.0,
                "Nonmember size": 60.0,
                "ROC AUC Individual": 0.5956166666666667,
                "MIA": {
                    "1": 0.5947619047619047,
                    "3": 0.5983333333333334,
                    "5": 0.6257142857142857,
                    "8": 0.670952380952381,
                    "10": 0.7111904761904762,
                    "best": {
                        "s": 10,
                        "ROC AUC": 0.7111904761904762
                    }
                }
            },
            "30": {
                "Member size": 28.0,
                "Nonmember size": 24.0,
                "ROC AUC Individual": 0.5956166666666667,
                "MIA": {
                    "1": 0.5952380952380952,
                    "3": 0.6130952380952381,
                    "5": 0.625,
                    "8": 0.6339285714285714,
                    "10": 0.6428571428571429,
                    "30": 0.7440476190476191,
                    "best": {
                        "s": 30,
                        "ROC AUC": 0.7440476190476191
                    }
                }
            },
            "50": {
                "Member size": 14.0,
                "Nonmember size": 12.0,
                "ROC AUC Individual": 0.5956166666666667,
                "MIA": {
                    "1": 0.6071428571428572,
                    "3": 0.6011904761904762,
                    "5": 0.6071428571428571,
                    "8": 0.6309523809523809,
                    "10": 0.6369047619047619,
                    "30": 0.6785714285714286,
                    "50": 0.7738095238095237,
                    "best": {
                        "s": 50,
                        "ROC AUC": 0.7738095238095237
                    }
                }
            },
            "80": {
                "Member size": 14.0,
                "Nonmember size": 12.0,
                "ROC AUC Individual": 0.5956166666666667,
                "MIA": {
                    "1": 0.5892857142857143,
                    "3": 0.5833333333333334,
                    "5": 0.5952380952380952,
                    "8": 0.5952380952380952,
                    "10": 0.6011904761904762,
                    "30": 0.6488095238095238,
                    "50": 0.6785714285714286,
                    "80": 0.7321428571428571,
                    "best": {
                        "s": 80,
                        "ROC AUC": 0.7321428571428571
                    }
                }
            },
            "100": {
                "Member size": 7.0,
                "Nonmember size": 6.0,
                "ROC AUC Individual": 0.5956166666666667,
                "MIA": {
                    "1": 0.5952380952380952,
                    "3": 0.5714285714285714,
                    "5": 0.5952380952380952,
                    "8": 0.5952380952380952,
                    "10": 0.5952380952380952,
                    "30": 0.5952380952380952,
                    "50": 0.6190476190476191,
                    "80": 0.6904761904761905,
                    "100": 0.7857142857142858,
                    "best": {
                        "s": 100,
                        "ROC AUC": 0.7857142857142858
                    }
                }
            }
        },
        "min": {
            "1": {
                "Member size": 700.0,
                "Nonmember size": 600.0,
                "ROC AUC Individual": 0.5956166666666667,
                "MIA": {
                    "1": 0.5956166666666667,
                    "best": {
                        "s": 1,
                        "ROC AUC": 0.5956166666666667
                    }
                }
            },
            "3": {
                "Member size": 238.0,
                "Nonmember size": 204.0,
                "ROC AUC Individual": 0.5956166666666667,
                "MIA": {
                    "1": 0.6367811830614599,
                    "3": 0.6542057999670456,
                    "best": {
                        "s": 3,
                        "ROC AUC": 0.6542057999670456
                    }
                }
            },
            "5": {
                "Member size": 140.0,
                "Nonmember size": 120.0,
                "ROC AUC Individual": 0.5956166666666667,
                "MIA": {
                    "1": 0.6742857142857144,
                    "3": 0.6863690476190476,
                    "5": 0.6810714285714285,
                    "best": {
                        "s": 3,
                        "ROC AUC": 0.6863690476190476
                    }
                }
            },
            "8": {
                "Member size": 91.0,
                "Nonmember size": 78.0,
                "ROC AUC Individual": 0.5956166666666667,
                "MIA": {
                    "1": 0.7006198929275853,
                    "3": 0.6845590307128768,
                    "5": 0.7006198929275852,
                    "8": 0.702028740490279,
                    "best": {
                        "s": 8,
                        "ROC AUC": 0.702028740490279
                    }
                }
            },
            "10": {
                "Member size": 70.0,
                "Nonmember size": 60.0,
                "ROC AUC Individual": 0.5956166666666667,
                "MIA": {
                    "1": 0.7076190476190476,
                    "3": 0.7197619047619047,
                    "5": 0.7271428571428572,
                    "8": 0.7359523809523809,
                    "10": 0.7111904761904762,
                    "best": {
                        "s": 8,
                        "ROC AUC": 0.7359523809523809
                    }
                }
            },
            "30": {
                "Member size": 28.0,
                "Nonmember size": 24.0,
                "ROC AUC Individual": 0.5956166666666667,
                "MIA": {
                    "1": 0.7842261904761906,
                    "3": 0.7916666666666666,
                    "5": 0.7440476190476191,