{
    "30": {
        "1": {
            "ROC AUC": 0.7192000000000001,
            "Group size": 100,
            "ROC AUC Individual": 0.6578716111111111,
            "ROC AUC Individual with set label": 0.7192000000000001
        },
        "3": {
            "ROC AUC": 0.7449,
            "Group size": 100,
            "ROC AUC Individual": 0.6578716111111111,
            "ROC AUC Individual with set label": 0.7449
        },
        "5": {
            "ROC AUC": 0.7728,
            "Group size": 100,
            "ROC AUC Individual": 0.6578716111111111,
            "ROC AUC Individual with set label": 0.7728
        },
        "10": {
            "ROC AUC": 0.8318000000000001,
            "Group size": 100,
            "ROC AUC Individual": 0.6578716111111111,
            "ROC AUC Individual with set label": 0.8318000000000001
        },
        "30": {
            "ROC AUC": 0.9639,
            "Group size": 100,
            "ROC AUC Individual": 0.6578716111111111,
            "ROC AUC Individual with set label": 0.9639
        }
    },
    "best": {
        "s": 30,
        "ROC AUC": 0.9639
    },
    "Total individual ROC AUC": 0.6544218566938086
}