{
    "average": {
        "max": {
            "1": {
                "Member size": 76700.0,
                "Nonmember size": 23000.0,
                "ROC AUC Individual": 0.5253684160125315,
                "MIA": {
                    "1": 0.5253684160125315,
                    "best": {
                        "s": 1,
                        "ROC AUC": 0.5253684160125315
                    }
                }
            },
            "3": {
                "Member size": 26078.0,
                "Nonmember size": 7820.0,
                "ROC AUC Individual": 0.5253684160125315,
                "MIA": {
                    "1": 0.5448128863489577,
                    "3": 0.5287355442081373,
                    "best": {
                        "s": 1,
                        "ROC AUC": 0.5448128863489577
                    }
                }
            },
            "5": {
                "Member size": 15340.0,
                "Nonmember size": 4600.0,
                "ROC AUC Individual": 0.5253684160125315,
                "MIA": {
                    "1": 0.5500192120167586,
                    "3": 0.5551353165870756,
                    "5": 0.5351614798084333,
                    "best": {
                        "s": 3,
                        "ROC AUC": 0.5551353165870756
                    }
                }
            },
            "8": {
                "Member size": 9971.0,
                "Nonmember size": 2990.0,
                "ROC AUC Individual": 0.5253684160125315,
                "MIA": {
                    "1": 0.5500303052766065,
                    "3": 0.5617755147169606,
                    "5": 0.5616216457453409,
                    "8": 0.540048265998084,
                    "best": {
                        "s": 3,
                        "ROC AUC": 0.5617755147169606
                    }
                }
            },
            "10": {
                "Member size": 7670.0,
                "Nonmember size": 2300.0,
                "ROC AUC Individual": 0.5253684160125315,
                "MIA": {
                    "1": 0.545110297244128,
                    "3": 0.5627867443496415,
                    "5": 0.5702792356268689,
                    "8": 0.5635506300744969,
                    "10": 0.543990242866881,
                    "best": {
                        "s": 5,
                        "ROC AUC": 0.5702792356268689
                    }
                }
            },
            "30": {
                "Member size": 3068.0,
                "Nonmember size": 920.0,
                "ROC AUC Individual": 0.5253684160125315,
                "MIA": {
                    "1": 0.5148505833486908,
                    "3": 0.5351081636995532,
                    "5": 0.5445533332387331,
                    "8": 0.5496596828911695,
                    "10": 0.5491497395278855,
                    "30": 0.5586749830834742,
                    "best": {
                        "s": 30,
                        "ROC AUC": 0.5586749830834742
                    }
                }
            },
            "50": {
                "Member size": 1534.0,
                "Nonmember size": 460.0,
                "ROC AUC Individual": 0.5253684160125315,
                "MIA": {
                    "1": 0.4723357519414999,
                    "3": 0.4990626506707507,
                    "5": 0.5221751893133668,
                    "8": 0.5475295152684755,
                    "10": 0.5606184016346918,
                    "30": 0.6164405721421274,
                    "50": 0.567636115509894,
                    "best": {
                        "s": 30,
                        "ROC AUC": 0.6164405721421274
                    }
                }
            },
            "80": {
                "Member size": 1534.0,
                "Nonmember size": 460.0,
                "ROC AUC Individual": 0.5253684160125315,
                "MIA": {
                    "1": 0.4984425486083555,
                    "3": 0.513114335922,
                    "5": 0.5270180261889915,
                    "8": 0.5368799455458181,
                    "10": 0.5391332709379166,
                    "30": 0.5431800755402834,
                    "50": 0.5586443672004102,
                    "80": 0.5671354410298446,
                    "best": {
                        "s": 80,
                        "ROC AUC": 0.5671354410298446
                    }
                }
            },
            "100": {
                "Member size": 767.0,
                "Nonmember size": 230.0,
                "ROC AUC Individual": 0.5253684160125315,
                "MIA": {
                    "1": 0.4414488974547929,
                    "3": 0.4573691967575534,
                    "5": 0.4826937248455303,
                    "8": 0.5097216711070801,
                    "10": 0.5240292500425145,
                    "30": 0.6053184243387445,
                    "50": 0.6395251716247139,
                    "80": 0.634462242562929,
                    "100": 0.5747094568055267,
                    "best": {
                        "s": 50,
                        "ROC AUC": 0.6395251716247139
                    }
                }
            }
        },
        "min": {
            "1": {
                "Member size": 76700.0,
                "Nonmember size": 23000.0,
                "ROC AUC Individual": 0.5253684160125315,
                "MIA": {
                    "1": 0.5253684160125315,
                    "best": {
                        "s": 1,
                        "ROC AUC": 0.5253684160125315
                    }
                }
            },
            "3": {
                "Member size": 26078.0,
                "Nonmember size": 7820.0,
                "ROC AUC Individual": 0.5253684160125315,
                "MIA": {
                    "1": 0.512197007656939,
                    "3": 0.5287355442081373,
                    "best": {
                        "s": 3,
                        "ROC AUC": 0.5287355442081373
                    }
                }
            },
            "5": {
                "Member size": 15340.0,
                "Nonmember size": 4600.0,
                "ROC AUC Individual": 0.5253684160125315,
                "MIA": {
                    "1": 0.5071497119969159,
                    "3": 0.5230487318958745,
                    "5": 0.5351614798084333,
                    "best": {
                        "s": 5,
                        "ROC AUC": 0.5351614798084333
                    }
                }
            },
            "8": {
                "Member size": 9971.0,
                "Nonmember size": 2990.0,
                "ROC AUC Individual": 0.5253684160125315,
                "MIA": {
                    "1": 0.5052711318359218,
                    "3": 0.5138419845736919,
                    "5": 0.5249781275871723,
                    "8": 0.540048265998084,
                    "best": {
                        "s": 8,
                        "ROC AUC": 0.540048265998084
                    }
                }
            },
            "10": {
                "Member size": 7670.0,
                "Nonmember size": 2300.0,
                "ROC AUC Individual": 0.5253684160125315,
                "MIA": {
                    "1": 0.5049844649305677,
                    "3": 0.5104593097010053,
                    "5": 0.5213169081346527,
                    "8": 0.539502094526018,
                    "10": 0.543990242866881,
                    "best": {
                        "s": 10,
                        "ROC AUC": 0.543990242866881
                    }
                }
            },
            "30": {
                "Member size": 3068.0,
                "Nonmember size": 920.0,
                "ROC AUC Individual": 0.5253684160125315,
                "MIA": {
                    "1": 0.5128712195513851,