{
    "average": {
        "max": {
            "1": {
                "Member size": 76700.0,
                "Nonmember size": 23000.0,
                "ROC AUC Individual": 0.539826742780455,
                "MIA": {
                    "1": 0.539826742780455,
                    "best": {
                        "s": 1,
                        "ROC AUC": 0.539826742780455
                    }
                }
            },
            "3": {
                "Member size": 26078.0,
                "Nonmember size": 7820.0,
                "ROC AUC Individual": 0.539826742780455,
                "MIA": {
                    "1": 0.5502602516349405,
                    "3": 0.5518434759644459,
                    "best": {
                        "s": 3,
                        "ROC AUC": 0.5518434759644459
                    }
                }
            },
            "5": {
                "Member size": 15340.0,
                "Nonmember size": 4600.0,
                "ROC AUC Individual": 0.539826742780455,
                "MIA": {
                    "1": 0.5461900379674658,
                    "3": 0.5666385208845602,
                    "5": 0.5608395724756781,
                    "best": {
                        "s": 3,
                        "ROC AUC": 0.5666385208845602
                    }
                }
            },
            "8": {
                "Member size": 9971.0,
                "Nonmember size": 2990.0,
                "ROC AUC Individual": 0.539826742780455,
                "MIA": {
                    "1": 0.5345828320188748,
                    "3": 0.5561362916516801,
                    "5": 0.5686485636714872,
                    "8": 0.5689785404582532,
                    "best": {
                        "s": 8,
                        "ROC AUC": 0.5689785404582532
                    }
                }
            },
            "10": {
                "Member size": 7670.0,
                "Nonmember size": 2300.0,
                "ROC AUC Individual": 0.539826742780455,
                "MIA": {
                    "1": 0.5303869637572527,
                    "3": 0.5541215088329208,
                    "5": 0.5719364341200466,
                    "8": 0.5832691694241544,
                    "10": 0.5778534079969486,
                    "best": {
                        "s": 8,
                        "ROC AUC": 0.5832691694241544
                    }
                }
            },
            "30": {
                "Member size": 3068.0,
                "Nonmember size": 920.0,
                "ROC AUC Individual": 0.539826742780455,
                "MIA": {
                    "1": 0.5041169319969947,
                    "3": 0.5235605888773904,
                    "5": 0.5375676911299812,
                    "8": 0.5495618140049349,
                    "10": 0.5523533583942124,
                    "30": 0.6124622381498002,
                    "best": {
                        "s": 30,
                        "ROC AUC": 0.6124622381498002
                    }
                }
            },
            "50": {
                "Member size": 1534.0,
                "Nonmember size": 460.0,
                "ROC AUC Individual": 0.539826742780455,
                "MIA": {
                    "1": 0.47965889121931865,
                    "3": 0.5014001473839351,
                    "5": 0.5216944901082705,
                    "8": 0.5428688849838444,
                    "10": 0.5543308202482853,
                    "30": 0.6405475880052152,
                    "50": 0.6622106637942256,
                    "best": {
                        "s": 50,
                        "ROC AUC": 0.6622106637942256
                    }
                }
            },
            "80": {
                "Member size": 1534.0,
                "Nonmember size": 460.0,
                "ROC AUC Individual": 0.539826742780455,
                "MIA": {
                    "1": 0.4896136840315175,
                    "3": 0.5062794059293692,
                    "5": 0.5187120911512952,
                    "8": 0.53022504393175,
                    "10": 0.5358653137577235,
                    "30": 0.5631273637216708,
                    "50": 0.5857741181833722,
                    "80": 0.6499670270092425,
                    "best": {
                        "s": 80,
                        "ROC AUC": 0.6499670270092425
                    }
                }
            },
            "100": {
                "Member size": 767.0,
                "Nonmember size": 230.0,
                "ROC AUC Individual": 0.539826742780455,
                "MIA": {
                    "1": 0.46415736069383823,
                    "3": 0.4760331046992801,
                    "5": 0.4971940366192393,
                    "8": 0.5159401394478771,
                    "10": 0.527283033841619,
                    "30": 0.6061334391474407,
                    "50": 0.6613197333181378,
                    "80": 0.7097270499743575,
                    "100": 0.7110106051154086,
                    "best": {
                        "s": 100,
                        "ROC AUC": 0.7110106051154086
                    }
                }
            }
        },
        "min": {
            "1": {
                "Member size": 76700.0,
                "Nonmember size": 23000.0,
                "ROC AUC Individual": 0.539826742780455,
                "MIA": {
                    "1": 0.539826742780455,
                    "best": {
                        "s": 1,
                        "ROC AUC": 0.539826742780455
                    }
                }
            },
            "3": {
                "Member size": 26078.0,
                "Nonmember size": 7820.0,
                "ROC AUC Individual": 0.539826742780455,
                "MIA": {
                    "1": 0.5374445199147648,
                    "3": 0.5518434759644459,
                    "best": {
                        "s": 3,
                        "ROC AUC": 0.5518434759644459
                    }
                }
            },
            "5": {
                "Member size": 15340.0,
                "Nonmember size": 4600.0,
                "ROC AUC Individual": 0.539826742780455,
                "MIA": {
                    "1": 0.5337707654121358,
                    "3": 0.5575673161265033,
                    "5": 0.5608395724756781,
                    "best": {
                        "s": 5,
                        "ROC AUC": 0.5608395724756781
                    }
                }
            },
            "8": {
                "Member size": 9971.0,
                "Nonmember size": 2990.0,
                "ROC AUC Individual": 0.539826742780455,
                "MIA": {
                    "1": 0.5331578442319771,
                    "3": 0.5508747640942067,
                    "5": 0.567952088206738,
                    "8": 0.5689785404582532,
                    "best": {
                        "s": 8,
                        "ROC AUC": 0.5689785404582532
                    }
                }
            },
            "10": {
                "Member size": 7670.0,
                "Nonmember size": 2300.0,
                "ROC AUC Individual": 0.539826742780455,
                "MIA": {
                    "1": 0.5360711665258648,
                    "3": 0.5490988027069825,
                    "5": 0.5664108030602342,
                    "8": 0.5894908332263886,
                    "10": 0.5778534079969486,
                    "best": {
                        "s": 8,
                        "ROC AUC": 0.5894908332263886
                    }
                }
            },
            "30": {
                "Member size": 3068.0,
                "Nonmember size": 920.0,
                "ROC AUC Individual": 0.539826742780455,
                "MIA": {
                    "1": 0.5452814593029855,