{
    "average": {
        "max": {
            "1": {
                "Member size": 76700.0,
                "Nonmember size": 23000.0,
                "ROC AUC Individual": 0.4972026662806653,
                "MIA": {
                    "1": 0.4972026662806653,
                    "best": {
                        "s": 1,
                        "ROC AUC": 0.4972026662806653
                    }
                }
            },
            "3": {
                "Member size": 26078.0,
                "Nonmember size": 7820.0,
                "ROC AUC Individual": 0.4972026662806653,
                "MIA": {
                    "1": 0.5088390733007531,
                    "3": 0.4880239140804683,
                    "best": {
                        "s": 1,
                        "ROC AUC": 0.5088390733007531
                    }
                }
            },
            "5": {
                "Member size": 15340.0,
                "Nonmember size": 4600.0,
                "ROC AUC Individual": 0.4972026662806653,
                "MIA": {
                    "1": 0.5063041093962161,
                    "3": 0.49889872623309467,
                    "5": 0.48283916055945114,
                    "best": {
                        "s": 1,
                        "ROC AUC": 0.5063041093962161
                    }
                }
            },
            "8": {
                "Member size": 9971.0,
                "Nonmember size": 2990.0,
                "ROC AUC Individual": 0.4972026662806653,
                "MIA": {
                    "1": 0.48903072769733325,
                    "3": 0.49742334391515,
                    "5": 0.4933989502439926,
                    "8": 0.4788815893527077,
                    "best": {
                        "s": 3,
                        "ROC AUC": 0.49742334391515
                    }
                }
            },
            "10": {
                "Member size": 7670.0,
                "Nonmember size": 2300.0,
                "ROC AUC Individual": 0.4972026662806653,
                "MIA": {
                    "1": 0.4761649849008184,
                    "3": 0.4935272631936458,
                    "5": 0.4941691940708786,
                    "8": 0.4848862648823442,
                    "10": 0.4745506333211057,
                    "best": {
                        "s": 5,
                        "ROC AUC": 0.4941691940708786
                    }
                }
            },
            "30": {
                "Member size": 3068.0,
                "Nonmember size": 920.0,
                "ROC AUC Individual": 0.4972026662806653,
                "MIA": {
                    "1": 0.43540511900880335,
                    "3": 0.45215547803397715,
                    "5": 0.4668811509118239,
                    "8": 0.47786806205507815,
                    "10": 0.4820308290081965,
                    "30": 0.46653384582866897,
                    "best": {
                        "s": 10,
                        "ROC AUC": 0.4820308290081965
                    }
                }
            },
            "50": {
                "Member size": 1534.0,
                "Nonmember size": 460.0,
                "ROC AUC Individual": 0.4972026662806653,
                "MIA": {
                    "1": 0.3928171588912194,
                    "3": 0.3887832322430701,
                    "5": 0.40826058613457283,
                    "8": 0.4300096366419137,
                    "10": 0.4404498044328553,
                    "30": 0.47061175869990646,
                    "50": 0.4417754561725536,
                    "best": {
                        "s": 30,
                        "ROC AUC": 0.47061175869990646
                    }
                }
            },
            "80": {
                "Member size": 1534.0,
                "Nonmember size": 460.0,
                "ROC AUC Individual": 0.4972026662806653,
                "MIA": {
                    "1": 0.4093500950112028,
                    "3": 0.42861538897870044,
                    "5": 0.44536714030460306,
                    "8": 0.4641850307722851,
                    "10": 0.47074080376641425,
                    "30": 0.48431829154005623,
                    "50": 0.4797499537215031,
                    "80": 0.4614333339051573,
                    "best": {
                        "s": 30,
                        "ROC AUC": 0.48431829154005623
                    }
                }
            },
            "100": {
                "Member size": 767.0,
                "Nonmember size": 230.0,
                "ROC AUC Individual": 0.4972026662806653,
                "MIA": {
                    "1": 0.3803554220282297,
                    "3": 0.3444702681253897,
                    "5": 0.3459441074769004,
                    "8": 0.36672524233320103,
                    "10": 0.3787143585964514,
                    "30": 0.4400884303610907,
                    "50": 0.46137904727202333,
                    "80": 0.4461968775865513,
                    "100": 0.4283340928625406,
                    "best": {
                        "s": 50,
                        "ROC AUC": 0.46137904727202333
                    }
                }
            }
        },
        "min": {
            "1": {
                "Member size": 76700.0,
                "Nonmember size": 23000.0,
                "ROC AUC Individual": 0.4972026662806653,
                "MIA": {
                    "1": 0.4972026662806653,
                    "best": {
                        "s": 1,
                        "ROC AUC": 0.4972026662806653
                    }
                }
            },
            "3": {
                "Member size": 26078.0,
                "Nonmember size": 7820.0,
                "ROC AUC Individual": 0.4972026662806653,
                "MIA": {
                    "1": 0.47359934577857987,
                    "3": 0.4880239140804683,
                    "best": {
                        "s": 3,
                        "ROC AUC": 0.4880239140804683
                    }
                }
            },
            "5": {
                "Member size": 15340.0,
                "Nonmember size": 4600.0,
                "ROC AUC Individual": 0.4972026662806653,
                "MIA": {
                    "1": 0.4549255253742194,
                    "3": 0.4734187689805844,
                    "5": 0.48283916055945114,
                    "best": {
                        "s": 5,
                        "ROC AUC": 0.48283916055945114
                    }
                }
            },
            "8": {
                "Member size": 9971.0,
                "Nonmember size": 2990.0,
                "ROC AUC Individual": 0.4972026662806653,
                "MIA": {
                    "1": 0.4458566036317937,
                    "3": 0.45598876598108495,
                    "5": 0.4714570311938637,
                    "8": 0.4788815893527077,
                    "best": {
                        "s": 8,
                        "ROC AUC": 0.4788815893527077
                    }
                }
            },
            "10": {
                "Member size": 7670.0,
                "Nonmember size": 2300.0,
                "ROC AUC Individual": 0.4972026662806653,
                "MIA": {
                    "1": 0.43450968288835756,
                    "3": 0.44177913087176346,
                    "5": 0.4561938730476449,
                    "8": 0.4814573216427135,
                    "10": 0.4745506333211057,
                    "best": {
                        "s": 8,
                        "ROC AUC": 0.4814573216427135
                    }
                }
            },
            "30": {
                "Member size": 3068.0,
                "Nonmember size": 920.0,
                "ROC AUC Individual": 0.4972026662806653,
                "MIA": {
                    "1": 0.41620111533658755,