{
    "average": {
        "max": {
            "1": {
                "Member size": 76800.0,
                "Nonmember size": 23000.0,
                "ROC AUC Individual": 0.518525106084239,
                "MIA": {
                    "1": 0.518525106084239,
                    "best": {
                        "s": 1,
                        "ROC AUC": 0.518525106084239
                    }
                }
            },
            "3": {
                "Member size": 26112.0,
                "Nonmember size": 7820.0,
                "ROC AUC Individual": 0.518525106084239,
                "MIA": {
                    "1": 0.5177413751426082,
                    "3": 0.5302737151856951,
                    "best": {
                        "s": 3,
                        "ROC AUC": 0.5302737151856951
                    }
                }
            },
            "5": {
                "Member size": 15360.0,
                "Nonmember size": 4600.0,
                "ROC AUC Individual": 0.518525106084239,
                "MIA": {
                    "1": 0.5164072045726062,
                    "3": 0.5256785745630799,
                    "5": 0.5347355485396345,
                    "best": {
                        "s": 5,
                        "ROC AUC": 0.5347355485396345
                    }
                }
            },
            "8": {
                "Member size": 9984.0,
                "Nonmember size": 2990.0,
                "ROC AUC Individual": 0.518525106084239,
                "MIA": {
                    "1": 0.5070865622059173,
                    "3": 0.52013153129551,
                    "5": 0.5249162204342398,
                    "8": 0.537281904038615,
                    "best": {
                        "s": 8,
                        "ROC AUC": 0.537281904038615
                    }
                }
            },
            "10": {
                "Member size": 7680.0,
                "Nonmember size": 2300.0,
                "ROC AUC Individual": 0.518525106084239,
                "MIA": {
                    "1": 0.5005749345957393,
                    "3": 0.5152137954856904,
                    "5": 0.5221054226077897,
                    "8": 0.5277472801309389,
                    "10": 0.5373855261294435,
                    "best": {
                        "s": 10,
                        "ROC AUC": 0.5373855261294435
                    }
                }
            },
            "30": {
                "Member size": 3072.0,
                "Nonmember size": 920.0,
                "ROC AUC Individual": 0.518525106084239,
                "MIA": {
                    "1": 0.4723570892776268,
                    "3": 0.4863596156023551,
                    "5": 0.49748853600543474,
                    "8": 0.5059878141983696,
                    "10": 0.5106087947237319,
                    "30": 0.5377096298606484,
                    "best": {
                        "s": 30,
                        "ROC AUC": 0.5377096298606484
                    }
                }
            },
            "50": {
                "Member size": 1536.0,
                "Nonmember size": 460.0,
                "ROC AUC Individual": 0.518525106084239,
                "MIA": {
                    "1": 0.4460661514945652,
                    "3": 0.4466796875,
                    "5": 0.4633888134057971,
                    "8": 0.4806258491847826,
                    "10": 0.4895437047101449,
                    "30": 0.5170839824387481,
                    "50": 0.5311987050237128,
                    "best": {
                        "s": 50,
                        "ROC AUC": 0.5311987050237128
                    }
                }
            },
            "80": {
                "Member size": 1536.0,
                "Nonmember size": 460.0,
                "ROC AUC Individual": 0.518525106084239,
                "MIA": {
                    "1": 0.4630165874094203,
                    "3": 0.46692566802536234,
                    "5": 0.47929262907608694,
                    "8": 0.4916666666666667,
                    "10": 0.4962692481884058,
                    "30": 0.5133269089053908,
                    "50": 0.5218866105107915,
                    "80": 0.532674012438588,
                    "best": {
                        "s": 80,
                        "ROC AUC": 0.532674012438588
                    }
                }
            },
            "100": {
                "Member size": 768.0,
                "Nonmember size": 230.0,
                "ROC AUC Individual": 0.518525106084239,
                "MIA": {
                    "1": 0.44103826992753625,
                    "3": 0.41209239130434777,
                    "5": 0.4129981884057971,
                    "8": 0.4307065217391304,
                    "10": 0.4404381793478261,
                    "30": 0.493396065982654,
                    "50": 0.5103871040980815,
                    "80": 0.5087126802134181,
                    "100": 0.5248105305145593,
                    "best": {
                        "s": 100,
                        "ROC AUC": 0.5248105305145593
                    }
                }
            }
        },
        "min": {
            "1": {
                "Member size": 76800.0,
                "Nonmember size": 23000.0,
                "ROC AUC Individual": 0.518525106084239,
                "MIA": {
                    "1": 0.518525106084239,
                    "best": {
                        "s": 1,
                        "ROC AUC": 0.518525106084239
                    }
                }
            },
            "3": {
                "Member size": 26112.0,
                "Nonmember size": 7820.0,
                "ROC AUC Individual": 0.518525106084239,
                "MIA": {
                    "1": 0.5314561550323453,
                    "3": 0.5302737151856951,
                    "best": {
                        "s": 1,
                        "ROC AUC": 0.5314561550323453
                    }
                }
            },
            "5": {
                "Member size": 15360.0,
                "Nonmember size": 4600.0,
                "ROC AUC Individual": 0.518525106084239,
                "MIA": {
                    "1": 0.5420279662864407,
                    "3": 0.5376489433389583,
                    "5": 0.5347355485396345,
                    "best": {
                        "s": 1,
                        "ROC AUC": 0.5420279662864407
                    }
                }
            },
            "8": {
                "Member size": 9984.0,
                "Nonmember size": 2990.0,
                "ROC AUC Individual": 0.518525106084239,
                "MIA": {
                    "1": 0.5535714680635683,
                    "3": 0.5436734645324444,
                    "5": 0.5392467762327017,
                    "8": 0.537281904038615,
                    "best": {
                        "s": 1,
                        "ROC AUC": 0.5535714680635683
                    }
                }
            },
            "10": {
                "Member size": 7680.0,
                "Nonmember size": 2300.0,
                "ROC AUC Individual": 0.518525106084239,
                "MIA": {
                    "1": 0.5605732538185773,
                    "3": 0.5509358558313653,
                    "5": 0.5443039627118836,
                    "8": 0.5466376282937219,
                    "10": 0.5373855261294435,
                    "best": {
                        "s": 1,
                        "ROC AUC": 0.5605732538185773
                    }
                }
            },
            "30": {
                "Member size": 3072.0,
                "Nonmember size": 920.0,
                "ROC AUC Individual": 0.518525106084239,
                "MIA": {
                    "1": 0.579282325449653,
                    "3": 0.5725876509268182,