{
    "average": {
        "max": {
            "1": {
                "Member size": 76700.0,
                "Nonmember size": 23000.0,
                "ROC AUC Individual": 0.5087418845888488,
                "MIA": {
                    "1": 0.5087418845888488,
                    "best": {
                        "s": 1,
                        "ROC AUC": 0.5087418845888488
                    }
                }
            },
            "3": {
                "Member size": 26078.0,
                "Nonmember size": 7820.0,
                "ROC AUC Individual": 0.5087418845888488,
                "MIA": {
                    "1": 0.5258892923962699,
                    "3": 0.5131925206578916,
                    "best": {
                        "s": 1,
                        "ROC AUC": 0.5258892923962699
                    }
                }
            },
            "5": {
                "Member size": 15340.0,
                "Nonmember size": 4600.0,
                "ROC AUC Individual": 0.5087418845888488,
                "MIA": {
                    "1": 0.5204329117225193,
                    "3": 0.5237115658605787,
                    "5": 0.5111973347469323,
                    "best": {
                        "s": 3,
                        "ROC AUC": 0.5237115658605787
                    }
                }
            },
            "8": {
                "Member size": 9971.0,
                "Nonmember size": 2990.0,
                "ROC AUC Individual": 0.5087418845888488,
                "MIA": {
                    "1": 0.4995314841132931,
                    "3": 0.5179992089188861,
                    "5": 0.517943606832835,
                    "8": 0.5072226006736884,
                    "best": {
                        "s": 3,
                        "ROC AUC": 0.5179992089188861
                    }
                }
            },
            "10": {
                "Member size": 7670.0,
                "Nonmember size": 2300.0,
                "ROC AUC Individual": 0.5087418845888488,
                "MIA": {
                    "1": 0.48295527464429455,
                    "3": 0.5126485796548143,
                    "5": 0.5196467523651906,
                    "8": 0.5155478138997266,
                    "10": 0.5067207646779105,
                    "best": {
                        "s": 5,
                        "ROC AUC": 0.5196467523651906
                    }
                }
            },
            "30": {
                "Member size": 3068.0,
                "Nonmember size": 920.0,
                "ROC AUC Individual": 0.5087418845888488,
                "MIA": {
                    "1": 0.4349462898928632,
                    "3": 0.45698621252669347,
                    "5": 0.48372917784992614,
                    "8": 0.5064413800884349,
                    "10": 0.5109536395862586,
                    "30": 0.5099628637320011,
                    "best": {
                        "s": 10,
                        "ROC AUC": 0.5109536395862586
                    }
                }
            },
            "50": {
                "Member size": 1534.0,
                "Nonmember size": 460.0,
                "ROC AUC Individual": 0.5087418845888488,
                "MIA": {
                    "1": 0.39461481775409557,
                    "3": 0.3841066266084689,
                    "5": 0.4093886400997676,
                    "8": 0.45279179184853463,
                    "10": 0.476231506150445,
                    "30": 0.5303950505165173,
                    "50": 0.5120583872273649,
                    "best": {
                        "s": 30,
                        "ROC AUC": 0.5303950505165173
                    }
                }
            },
            "80": {
                "Member size": 1534.0,
                "Nonmember size": 460.0,
                "ROC AUC Individual": 0.5087418845888488,
                "MIA": {
                    "1": 0.4288730797573834,
                    "3": 0.4345119324301343,
                    "5": 0.45658125956578427,
                    "8": 0.47678136160081624,
                    "10": 0.48482087183266254,
                    "30": 0.5070406915574259,
                    "50": 0.5118561544375161,
                    "80": 0.5031306459988242,
                    "best": {
                        "s": 50,
                        "ROC AUC": 0.5118561544375161
                    }
                }
            },
            "100": {
                "Member size": 767.0,
                "Nonmember size": 230.0,
                "ROC AUC Individual": 0.5087418845888488,
                "MIA": {
                    "1": 0.4034691910889405,
                    "3": 0.3522022561079304,
                    "5": 0.3443909075449238,
                    "8": 0.3669349810101469,
                    "10": 0.38589082251573037,
                    "30": 0.5217674734992347,
                    "50": 0.5430912815843387,
                    "80": 0.5391646247649439,
                    "100": 0.5206499387722096,
                    "best": {
                        "s": 50,
                        "ROC AUC": 0.5430912815843387
                    }
                }
            }
        },
        "min": {
            "1": {
                "Member size": 76700.0,
                "Nonmember size": 23000.0,
                "ROC AUC Individual": 0.5087418845888488,
                "MIA": {
                    "1": 0.5087418845888488,
                    "best": {
                        "s": 1,
                        "ROC AUC": 0.5087418845888488
                    }
                }
            },
            "3": {
                "Member size": 26078.0,
                "Nonmember size": 7820.0,
                "ROC AUC Individual": 0.5087418845888488,
                "MIA": {
                    "1": 0.4785022203804195,
                    "3": 0.5131925206578916,
                    "best": {
                        "s": 3,
                        "ROC AUC": 0.5131925206578916
                    }
                }
            },
            "5": {
                "Member size": 15340.0,
                "Nonmember size": 4600.0,
                "ROC AUC Individual": 0.5087418845888488,
                "MIA": {
                    "1": 0.46561653738858266,
                    "3": 0.4965887241190849,
                    "5": 0.5111973347469323,
                    "best": {
                        "s": 5,
                        "ROC AUC": 0.5111973347469323
                    }
                }
            },
            "8": {
                "Member size": 9971.0,
                "Nonmember size": 2990.0,
                "ROC AUC Individual": 0.5087418845888488,
                "MIA": {
                    "1": 0.45164142621390524,
                    "3": 0.47021220193863833,
                    "5": 0.49948995396932744,
                    "8": 0.5072226006736884,
                    "best": {
                        "s": 8,
                        "ROC AUC": 0.5072226006736884
                    }
                }
            },
            "10": {
                "Member size": 7670.0,
                "Nonmember size": 2300.0,
                "ROC AUC Individual": 0.5087418845888488,
                "MIA": {
                    "1": 0.4423037522334723,
                    "3": 0.4523952844161163,
                    "5": 0.4770036509474483,
                    "8": 0.5261204694016434,
                    "10": 0.5067207646779105,
                    "best": {
                        "s": 8,
                        "ROC AUC": 0.5261204694016434
                    }
                }
            },
            "30": {
                "Member size": 3068.0,
                "Nonmember size": 920.0,
                "ROC AUC Individual": 0.5087418845888488,
                "MIA": {
                    "1": 0.4190749679666569,