{
    "average": {
        "max": {
            "1": {
                "Member size": 76700.0,
                "Nonmember size": 23000.0,
                "ROC AUC Individual": 0.5413010685380564,
                "MIA": {
                    "1": 0.5413010685380564,
                    "best": {
                        "s": 1,
                        "ROC AUC": 0.5413010685380564
                    }
                }
            },
            "3": {
                "Member size": 26078.0,
                "Nonmember size": 7820.0,
                "ROC AUC Individual": 0.5413010685380564,
                "MIA": {
                    "1": 0.5508918523931312,
                    "3": 0.5626847675915057,
                    "best": {
                        "s": 3,
                        "ROC AUC": 0.5626847675915057
                    }
                }
            },
            "5": {
                "Member size": 15340.0,
                "Nonmember size": 4600.0,
                "ROC AUC Individual": 0.5413010685380564,
                "MIA": {
                    "1": 0.553252758143161,
                    "3": 0.5745654993360424,
                    "5": 0.5770395689266449,
                    "best": {
                        "s": 5,
                        "ROC AUC": 0.5770395689266449
                    }
                }
            },
            "8": {
                "Member size": 9971.0,
                "Nonmember size": 2990.0,
                "ROC AUC Individual": 0.5413010685380564,
                "MIA": {
                    "1": 0.5506871935301337,
                    "3": 0.5773990004465348,
                    "5": 0.5827208215203818,
                    "8": 0.586023854534901,
                    "best": {
                        "s": 8,
                        "ROC AUC": 0.586023854534901
                    }
                }
            },
            "10": {
                "Member size": 7670.0,
                "Nonmember size": 2300.0,
                "ROC AUC Individual": 0.5413010685380564,
                "MIA": {
                    "1": 0.5497439429378804,
                    "3": 0.5808964319783682,
                    "5": 0.5936002763576725,
                    "8": 0.5908855122068728,
                    "10": 0.5936212324812283,
                    "best": {
                        "s": 10,
                        "ROC AUC": 0.5936212324812283
                    }
                }
            },
            "30": {
                "Member size": 3068.0,
                "Nonmember size": 920.0,
                "ROC AUC Individual": 0.5413010685380564,
                "MIA": {
                    "1": 0.5186214400136091,
                    "3": 0.5471867424618306,
                    "5": 0.5636830312827931,
                    "8": 0.5750641680138404,
                    "10": 0.5769100645435847,
                    "30": 0.6029007080914208,
                    "best": {
                        "s": 30,
                        "ROC AUC": 0.6029007080914208
                    }
                }
            },
            "50": {
                "Member size": 1534.0,
                "Nonmember size": 460.0,
                "ROC AUC Individual": 0.5413010685380564,
                "MIA": {
                    "1": 0.4990306671957372,
                    "3": 0.5213990136613571,
                    "5": 0.5474264497477468,
                    "8": 0.5811291876877729,
                    "10": 0.5990434215747407,
                    "30": 0.6367127713848422,
                    "50": 0.6068360663007453,
                    "best": {
                        "s": 30,
                        "ROC AUC": 0.6367127713848422
                    }
                }
            },
            "80": {
                "Member size": 1534.0,
                "Nonmember size": 460.0,
                "ROC AUC Individual": 0.5413010685380564,
                "MIA": {
                    "1": 0.49335496853919847,
                    "3": 0.5134983844453263,
                    "5": 0.5320602573550253,
                    "8": 0.5456819341307182,
                    "10": 0.550525763845587,
                    "30": 0.5671837233770296,
                    "50": 0.5833632299763674,
                    "80": 0.6071965519263809,
                    "best": {
                        "s": 80,
                        "ROC AUC": 0.6071965519263809
                    }
                }
            },
            "100": {
                "Member size": 767.0,
                "Nonmember size": 230.0,
                "ROC AUC Individual": 0.5413010685380564,
                "MIA": {
                    "1": 0.4614761067966669,
                    "3": 0.4722351340626948,
                    "5": 0.4920696105662945,
                    "8": 0.5206110764695879,
                    "10": 0.5388129924607449,
                    "30": 0.6449577688339663,
                    "50": 0.6536175049730036,
                    "80": 0.6136970730321114,
                    "100": 0.607466324715233,
                    "best": {
                        "s": 50,
                        "ROC AUC": 0.6536175049730036
                    }
                }
            }
        },
        "min": {
            "1": {
                "Member size": 76700.0,
                "Nonmember size": 23000.0,
                "ROC AUC Individual": 0.5413010685380564,
                "MIA": {
                    "1": 0.5413010685380564,
                    "best": {
                        "s": 1,
                        "ROC AUC": 0.5413010685380564
                    }
                }
            },
            "3": {
                "Member size": 26078.0,
                "Nonmember size": 7820.0,
                "ROC AUC Individual": 0.5413010685380564,
                "MIA": {
                    "1": 0.5534155090691076,
                    "3": 0.5626847675915057,
                    "best": {
                        "s": 3,
                        "ROC AUC": 0.5626847675915057
                    }
                }
            },
            "5": {
                "Member size": 15340.0,
                "Nonmember size": 4600.0,
                "ROC AUC Individual": 0.5413010685380564,
                "MIA": {
                    "1": 0.5640779849434954,
                    "3": 0.5706911818377787,
                    "5": 0.5770395689266449,
                    "best": {
                        "s": 5,
                        "ROC AUC": 0.5770395689266449
                    }
                }
            },
            "8": {
                "Member size": 9971.0,
                "Nonmember size": 2990.0,
                "ROC AUC Individual": 0.5413010685380564,
                "MIA": {
                    "1": 0.5734068490564923,
                    "3": 0.5755290723957404,
                    "5": 0.5793605054475806,
                    "8": 0.586023854534901,
                    "best": {
                        "s": 8,
                        "ROC AUC": 0.586023854534901
                    }
                }
            },
            "10": {
                "Member size": 7670.0,
                "Nonmember size": 2300.0,
                "ROC AUC Individual": 0.5413010685380564,
                "MIA": {
                    "1": 0.5805801574384363,
                    "3": 0.5830860699169377,
                    "5": 0.5841251612693726,
                    "8": 0.5917997040375144,
                    "10": 0.5936212324812283,
                    "best": {
                        "s": 10,
                        "ROC AUC": 0.5936212324812283
                    }
                }
            },
            "30": {
                "Member size": 3068.0,
                "Nonmember size": 920.0,
                "ROC AUC Individual": 0.5413010685380564,
                "MIA": {
                    "1": 0.5974012341300802,