{"1": [[0.0, 0.023809523809523808, 0.047619047619047616, 0.047619047619047616, 0.09523809523809523, 0.09523809523809523, 0.19047619047619047, 0.19047619047619047, 0.30952380952380953, 0.30952380952380953, 0.3333333333333333, 0.3333333333333333, 0.38095238095238093, 0.38095238095238093, 0.4523809523809524, 0.4523809523809524, 0.47619047619047616, 0.47619047619047616, 0.5, 0.5, 0.5238095238095238, 0.5238095238095238, 0.6428571428571429, 0.6428571428571429, 0.9285714285714286, 0.9285714285714286, 1.0], [0.0, 0.0, 0.0, 0.05263157894736842, 0.05263157894736842, 0.07894736842105263, 0.07894736842105263, 0.10526315789473684, 0.10526315789473684, 0.13157894736842105, 0.13157894736842105, 0.15789473684210525, 0.15789473684210525, 0.18421052631578946, 0.18421052631578946, 0.34210526315789475, 0.34210526315789475, 0.4473684210526316, 0.4473684210526316, 0.6578947368421053, 0.6578947368421053, 0.8947368421052632, 0.8947368421052632, 0.9736842105263158, 0.9736842105263158, 1.0, 1.0], 0.5369674185463659], "3": [[0.0, 0.023809523809523808, 0.14285714285714285, 0.14285714285714285, 0.19047619047619047, 0.19047619047619047, 0.23809523809523808, 0.23809523809523808, 0.2619047619047619, 0.2619047619047619, 0.30952380952380953, 0.30952380952380953, 0.3333333333333333, 0.3333333333333333, 0.40476190476190477, 0.40476190476190477, 0.42857142857142855, 0.42857142857142855, 0.4523809523809524, 0.4523809523809524, 0.47619047619047616, 0.47619047619047616, 0.5, 0.5, 0.5238095238095238, 0.5238095238095238, 0.5476190476190477, 0.5476190476190477, 0.5714285714285714, 0.5714285714285714, 0.9285714285714286, 0.9285714285714286, 1.0], [0.0, 0.0, 0.0, 0.02631578947368421, 0.02631578947368421, 0.05263157894736842, 0.05263157894736842, 0.07894736842105263, 0.07894736842105263, 0.10526315789473684, 0.10526315789473684, 0.15789473684210525, 0.15789473684210525, 0.18421052631578946, 0.18421052631578946, 0.2631578947368421, 0.2631578947368421, 0.2894736842105263, 0.2894736842105263, 0.34210526315789475, 0.34210526315789475, 0.4473684210526316, 0.4473684210526316, 0.6052631578947368, 0.6052631578947368, 0.8421052631578947, 0.8421052631578947, 0.868421052631579, 0.868421052631579, 0.9736842105263158, 0.9736842105263158, 1.0, 1.0], 0.5338345864661654], "5": [[0.0, 0.023809523809523808, 0.16666666666666666, 0.16666666666666666, 0.23809523809523808, 0.23809523809523808, 0.2857142857142857, 0.2857142857142857, 0.35714285714285715, 0.35714285714285715, 0.40476190476190477, 0.40476190476190477, 0.42857142857142855, 0.42857142857142855, 0.4523809523809524, 0.4523809523809524, 0.47619047619047616, 0.47619047619047616, 0.5, 0.5, 0.5238095238095238, 0.5238095238095238, 0.5476190476190477, 0.5476190476190477, 0.5714285714285714, 0.5714285714285714, 0.9285714285714286, 0.9285714285714286, 1.0], [0.0, 0.0, 0.0, 0.05263157894736842, 0.05263157894736842, 0.07894736842105263, 0.07894736842105263, 0.10526315789473684, 0.10526315789473684, 0.15789473684210525, 0.15789473684210525, 0.18421052631578946, 0.18421052631578946, 0.2894736842105263, 0.2894736842105263, 0.47368421052631576, 0.47368421052631576, 0.6052631578947368, 0.6052631578947368, 0.6578947368421053, 0.6578947368421053, 0.7368421052631579, 0.7368421052631579, 0.868421052631579, 0.868421052631579, 0.9736842105263158, 0.9736842105263158, 1.0, 1.0], 0.5325814536340852], "10": [[0.0, 0.023809523809523808, 0.16666666666666666, 0.16666666666666666, 0.19047619047619047, 0.19047619047619047, 0.30952380952380953, 0.30952380952380953, 0.38095238095238093, 0.38095238095238093, 0.40476190476190477, 0.40476190476190477, 0.42857142857142855, 0.42857142857142855, 0.4523809523809524, 0.4523809523809524, 0.47619047619047616, 0.47619047619047616, 0.5, 0.5, 0.5238095238095238, 0.5238095238095238, 0.5476190476190477, 0.5476190476190477, 0.6428571428571429, 0.6428571428571429, 0.7142857142857143, 0.7142857142857143, 0.9285714285714286, 0.9285714285714286, 1.0], [0.0, 0.0, 0.0, 0.05263157894736842, 0.05263157894736842, 0.07894736842105263, 0.07894736842105263, 0.13157894736842105, 0.13157894736842105, 0.15789473684210525, 0.15789473684210525, 0.2631578947368421, 0.2631578947368421, 0.34210526315789475, 0.34210526315789475, 0.47368421052631576, 0.47368421052631576, 0.5526315789473685, 0.5526315789473685, 0.5789473684210527, 0.5789473684210527, 0.8421052631578947, 0.8421052631578947, 0.9210526315789473, 0.9210526315789473, 0.9473684210526315, 0.9473684210526315, 0.9736842105263158, 0.9736842105263158, 1.0, 1.0], 0.5319548872180451], "30": [[0.0, 0.023809523809523808, 0.16666666666666666, 0.16666666666666666, 0.19047619047619047, 0.19047619047619047, 0.2619047619047619, 0.2619047619047619, 0.35714285714285715, 0.35714285714285715, 0.38095238095238093, 0.38095238095238093, 0.40476190476190477, 0.40476190476190477, 0.42857142857142855, 0.42857142857142855, 0.47619047619047616, 0.47619047619047616, 0.5476190476190477, 0.5476190476190477, 0.5714285714285714, 0.5714285714285714, 0.6428571428571429, 0.6428571428571429, 0.6666666666666666, 0.6666666666666666, 0.6904761904761905, 0.6904761904761905, 0.7380952380952381, 0.7380952380952381, 0.7619047619047619, 0.7619047619047619, 0.8095238095238095, 0.8095238095238095, 0.8333333333333334, 0.8333333333333334, 0.9285714285714286, 0.9285714285714286, 1.0], [0.0, 0.0, 0.0, 0.02631578947368421, 0.02631578947368421, 0.05263157894736842, 0.05263157894736842, 0.07894736842105263, 0.07894736842105263, 0.10526315789473684, 0.10526315789473684, 0.13157894736842105, 0.13157894736842105, 0.15789473684210525, 0.15789473684210525, 0.21052631578947367, 0.21052631578947367, 0.2894736842105263, 0.2894736842105263, 0.5263157894736842, 0.5263157894736842, 0.5526315789473685, 0.5526315789473685, 0.7105263157894737, 0.7105263157894737, 0.8421052631578947, 0.8421052631578947, 0.868421052631579, 0.868421052631579, 0.8947368421052632, 0.8947368421052632, 0.9210526315789473, 0.9210526315789473, 0.9473684210526315, 0.9473684210526315, 0.9736842105263158, 0.9736842105263158, 1.0, 1.0], 0.43421052631578944], "50": [[0.0, 0.023809523809523808, 0.14285714285714285, 0.14285714285714285, 0.19047619047619047, 0.19047619047619047, 0.40476190476190477, 0.40476190476190477, 0.42857142857142855, 0.42857142857142855, 0.4523809523809524, 0.4523809523809524, 0.5476190476190477, 0.5476190476190477, 0.5952380952380952, 0.5952380952380952, 0.6190476190476191, 0.6190476190476191, 0.6428571428571429, 0.6428571428571429, 0.6666666666666666, 0.6666666666666666, 0.6904761904761905, 0.6904761904761905, 0.7142857142857143, 0.7142857142857143, 0.7380952380952381, 0.7380952380952381, 0.7619047619047619, 0.7619047619047619, 0.7857142857142857, 0.7857142857142857, 0.8095238095238095, 0.8095238095238095, 0.8571428571428571, 0.8571428571428571, 0.9285714285714286, 0.9285714285714286, 1.0], [0.0, 0.0, 0.0, 0.05263157894736842, 0.05263157894736842, 0.07894736842105263, 0.07894736842105263, 0.10526315789473684, 0.10526315789473684, 0.13157894736842105, 0.13157894736842105, 0.15789473684210525, 0.15789473684210525, 0.21052631578947367, 0.21052631578947367, 0.2631578947368421, 0.2631578947368421, 0.3157894736842105, 0.3157894736842105, 0.34210526315789475, 0.34210526315789475, 0.3684210526315789, 0.3684210526315789, 0.47368421052631576, 0.47368421052631576, 0.5789473684210527, 0.5789473684210527, 0.7631578947368421, 0.7631578947368421, 0.8947368421052632, 0.8947368421052632, 0.9210526315789473, 0.9210526315789473, 0.9473684210526315, 0.9473684210526315, 0.9736842105263158, 0.9736842105263158, 1.0, 1.0], 0.3533834586466165], "best": {"top_k": 1, "ROC_AUC": 0.5369674185463659,