{
    "average": {
        "max": {
            "1": {
                "Member size": 76700.0,
                "Nonmember size": 23000.0,
                "ROC AUC Individual": 0.4103645032383131,
                "MIA": {
                    "1": 0.4103645032383131,
                    "best": {
                        "s": 1,
                        "ROC AUC": 0.4103645032383131
                    }
                }
            },
            "3": {
                "Member size": 26078.0,
                "Nonmember size": 7820.0,
                "ROC AUC Individual": 0.4103645032383131,
                "MIA": {
                    "1": 0.40032169669434003,
                    "3": 0.3639451629445667,
                    "best": {
                        "s": 1,
                        "ROC AUC": 0.40032169669434003
                    }
                }
            },
            "5": {
                "Member size": 15340.0,
                "Nonmember size": 4600.0,
                "ROC AUC Individual": 0.4103645032383131,
                "MIA": {
                    "1": 0.39383435995850036,
                    "3": 0.35666695731570724,
                    "5": 0.3317034589499619,
                    "best": {
                        "s": 1,
                        "ROC AUC": 0.39383435995850036
                    }
                }
            },
            "8": {
                "Member size": 9971.0,
                "Nonmember size": 2990.0,
                "ROC AUC Individual": 0.4103645032383131,
                "MIA": {
                    "1": 0.39177630177682504,
                    "3": 0.35837183898848973,
                    "5": 0.33293032816446705,
                    "8": 0.30213396241372314,
                    "best": {
                        "s": 1,
                        "ROC AUC": 0.39177630177682504
                    }
                }
            },
            "10": {
                "Member size": 7670.0,
                "Nonmember size": 2300.0,
                "ROC AUC Individual": 0.4103645032383131,
                "MIA": {
                    "1": 0.39017206483471006,
                    "3": 0.35045528533672116,
                    "5": 0.32591170498757926,
                    "8": 0.2936879836109192,
                    "10": 0.2803725298004474,
                    "best": {
                        "s": 1,
                        "ROC AUC": 0.39017206483471006
                    }
                }
            },
            "30": {
                "Member size": 3068.0,
                "Nonmember size": 920.0,
                "ROC AUC Individual": 0.4103645032383131,
                "MIA": {
                    "1": 0.39325215123119883,
                    "3": 0.36394253949346267,
                    "5": 0.35343812927195895,
                    "8": 0.3493168410902181,
                    "10": 0.3510894381576335,
                    "30": 0.21480303682338792,
                    "best": {
                        "s": 1,
                        "ROC AUC": 0.39325215123119883
                    }
                }
            },
            "50": {
                "Member size": 1534.0,
                "Nonmember size": 460.0,
                "ROC AUC Individual": 0.4103645032383131,
                "MIA": {
                    "1": 0.383845161838898,
                    "3": 0.3440054418683748,
                    "5": 0.3220452355308656,
                    "8": 0.3027138484212913,
                    "10": 0.2942421064565501,
                    "30": 0.22280410675288576,
                    "50": 0.1664628206283608,
                    "best": {
                        "s": 1,
                        "ROC AUC": 0.383845161838898
                    }
                }
            },
            "80": {
                "Member size": 1534.0,
                "Nonmember size": 460.0,
                "ROC AUC Individual": 0.4103645032383131,
                "MIA": {
                    "1": 0.3965371861005612,
                    "3": 0.3803625077943427,
                    "5": 0.3759126466753585,
                    "8": 0.3737316478657673,
                    "10": 0.3728841902386486,
                    "30": 0.3512055206883821,
                    "50": 0.2953175449034303,
                    "80": 0.18710205319451778,
                    "best": {
                        "s": 1,
                        "ROC AUC": 0.3965371861005612
                    }
                }
            },
            "100": {
                "Member size": 767.0,
                "Nonmember size": 230.0,
                "ROC AUC Individual": 0.4103645032383131,
                "MIA": {
                    "1": 0.39167847627685504,
                    "3": 0.3443739017062525,
                    "5": 0.32576384558698485,
                    "8": 0.3075675982087183,
                    "10": 0.2977155490051584,
                    "30": 0.2494267226699966,
                    "50": 0.20946371878187717,
                    "80": 0.1539803407375953,
                    "100": 0.12682239319793903,
                    "best": {
                        "s": 1,
                        "ROC AUC": 0.39167847627685504
                    }
                }
            }
        },
        "min": {
            "1": {
                "Member size": 76700.0,
                "Nonmember size": 23000.0,
                "ROC AUC Individual": 0.4103645032383131,
                "MIA": {
                    "1": 0.4103645032383131,
                    "best": {
                        "s": 1,
                        "ROC AUC": 0.4103645032383131
                    }
                }
            },
            "3": {
                "Member size": 26078.0,
                "Nonmember size": 7820.0,
                "ROC AUC Individual": 0.4103645032383131,
                "MIA": {
                    "1": 0.37489498145603484,
                    "3": 0.3639451629445667,
                    "best": {
                        "s": 1,
                        "ROC AUC": 0.37489498145603484
                    }
                }
            },
            "5": {
                "Member size": 15340.0,
                "Nonmember size": 4600.0,
                "ROC AUC Individual": 0.4103645032383131,
                "MIA": {
                    "1": 0.36187057024109226,
                    "3": 0.3227830652868726,
                    "5": 0.3317034589499619,
                    "best": {
                        "s": 1,
                        "ROC AUC": 0.36187057024109226
                    }
                }
            },
            "8": {
                "Member size": 9971.0,
                "Nonmember size": 2990.0,
                "ROC AUC Individual": 0.4103645032383131,
                "MIA": {
                    "1": 0.35622861048331256,
                    "3": 0.3122867485952204,
                    "5": 0.2974022948454432,
                    "8": 0.30213396241372314,
                    "best": {
                        "s": 1,
                        "ROC AUC": 0.35622861048331256
                    }
                }
            },
            "10": {
                "Member size": 7670.0,
                "Nonmember size": 2300.0,
                "ROC AUC Individual": 0.4103645032383131,
                "MIA": {
                    "1": 0.3583520955677998,
                    "3": 0.29979368793058214,
                    "5": 0.2699310177997699,
                    "8": 0.2637936554100482,
                    "10": 0.2803725298004474,
                    "best": {
                        "s": 1,
                        "ROC AUC": 0.3583520955677998
                    }
                }
            },
            "30": {
                "Member size": 3068.0,
                "Nonmember size": 920.0,
                "ROC AUC Individual": 0.4103645032383131,